/*******************************************************************************
 * Size: 100 px
 * Bpp: 4
 * Opts: --bpp 4 --size 100 --format lvgl --lv-include lvgl.h --font fonts/src/BarlowCondensed-Bold.ttf --autohint-off -r 0x41-0x5A -r 0x30-0x3A -r 0x2D -r 0x20 -r 0xB7 --lv-font-name ui_font_head_100 -o components/ui/fonts/ui_font_head_100.c
 ******************************************************************************/

#ifdef LV_LVGL_H_INCLUDE_SIMPLE
#include "lvgl.h"
#else
#include "lvgl.h"
#endif

#ifndef UI_FONT_HEAD_100
#define UI_FONT_HEAD_100 1
#endif

#if UI_FONT_HEAD_100

/*-----------------
 *    BITMAPS
 *----------------*/

/*Store the image of the glyphs*/
static LV_ATTRIBUTE_LARGE_CONST const uint8_t glyph_bitmap[] = {
    /* U+0020 " " */

    /* U+002D "-" */
    0x0, 0x8, 0xff, 0xf3, 0x40, 0xb, 0xfd, 0xdf,
    0xfc, 0xdf, 0x6c, 0x0, 0xff, 0xe7, 0xe8, 0x7,
    0xff, 0xfc, 0x3, 0xff, 0xfe, 0x1, 0xff, 0xff,
    0x0, 0xff, 0xec, 0x68, 0x7, 0xff, 0x3f, 0x40,

    /* U+0030 "0" */
    0x0, 0xff, 0xe0, 0x9b, 0xd6, 0x77, 0xfd, 0xdb,
    0x4e, 0x60, 0x1f, 0xfc, 0xc1, 0x8e, 0xc8, 0x53,
    0x10, 0x8, 0x49, 0x63, 0x3a, 0x48, 0x3, 0xff,
    0x8e, 0x33, 0xce, 0x20, 0x1f, 0xfc, 0x11, 0x6d,
    0xb2, 0x0, 0xff, 0xe2, 0x27, 0xb0, 0x7, 0xff,
    0x1d, 0x35, 0xc0, 0x3f, 0xf8, 0x4f, 0x62, 0x1,
    0xff, 0xca, 0x8b, 0x0, 0xff, 0xe0, 0x44, 0x0,
    0x3f, 0xf9, 0xa9, 0x80, 0x1f, 0xe7, 0x70, 0x7,
    0xff, 0x3c, 0xec, 0x3, 0xf2, 0x40, 0x7, 0xff,
    0x45, 0x20, 0x3, 0xea, 0x0, 0xff, 0xe9, 0xb9,
    0x0, 0x74, 0x8, 0x7, 0xff, 0x53, 0x80, 0x30,
    0xb8, 0x7, 0xff, 0x54, 0xd0, 0x2, 0x60, 0xf,
    0xfe, 0xbf, 0x80, 0x54, 0x1, 0xff, 0xc3, 0x7c,
    0xed, 0x81, 0x0, 0xff, 0xe1, 0x20, 0x81, 0x10,
    0x3, 0xff, 0x82, 0x39, 0x6, 0x24, 0xfe, 0x40,
    0x1f, 0xfc, 0x27, 0x4, 0x0, 0xff, 0xe1, 0x59,
    0x80, 0x70, 0xf8, 0x7, 0xff, 0xb, 0x3, 0xc0,
    0x3f, 0xf8, 0x26, 0xa0, 0x1f, 0x13, 0x80, 0x7f,
    0xf0, 0x5c, 0x8, 0x3, 0xff, 0x83, 0x60, 0x1f,
    0xd4, 0x1, 0xff, 0xc1, 0x20, 0x60, 0xf, 0xfe,
    0xa, 0x0, 0x7f, 0x10, 0x7, 0xff, 0x8, 0x88,
    0x1, 0xff, 0xc1, 0x10, 0xf, 0xf1, 0x0, 0x7f,
    0xf0, 0x44, 0x3, 0xff, 0x84, 0x60, 0x1f, 0xe1,
    0x0, 0xff, 0xe0, 0xb8, 0x7, 0xff, 0xfc, 0x3,
    0xff, 0xfe, 0x1, 0xff, 0xff, 0x0, 0xff, 0xff,
    0x80, 0x7f, 0xff, 0xc0, 0x3f, 0xff, 0xe0, 0x1f,
    0xff, 0xf0, 0xf, 0xff, 0xf8, 0x7, 0xff, 0xfc,
    0x3, 0xff, 0xfe, 0x1, 0xff, 0xff, 0x0, 0xff,
    0xff, 0x80, 0x7f, 0xff, 0xc0, 0x3f, 0xff, 0xe0,
    0x1f, 0xff, 0xf0, 0xf, 0xff, 0xf8, 0x7, 0xff,
    0xfc, 0x3, 0xff, 0xde, 0x60, 0x1f, 0xe1, 0x0,
    0xff, 0xe0, 0xb9, 0x0, 0x7f, 0xf0, 0x44, 0x3,
    0xfc, 0x40, 0x1f, 0xfc, 0x11, 0x60, 0xf, 0xfe,
    0xa, 0x0, 0x7f, 0x10, 0x7, 0xff, 0x8, 0x88,
    0x1, 0xff, 0xc1, 0xb0, 0xf, 0xea, 0x0, 0xff,
    0xe0, 0x90, 0x78, 0x7, 0xff, 0x4, 0xd4, 0x3,
    0xe1, 0x70, 0xf, 0xfe, 0xb, 0x82, 0x0, 0x7f,
    0xf0, 0xac, 0x80, 0x38, 0x70, 0x3, 0xff, 0x85,
    0x80, 0x44, 0x0, 0xff, 0xe0, 0x8e, 0xc1, 0x89,
    0x37, 0x90, 0x7, 0xff, 0x9, 0xc0, 0x14, 0x1,
    0xff, 0xc3, 0x7c, 0xed, 0x91, 0x0, 0xff, 0xe1,
    0x20, 0x80, 0x18, 0x3, 0xff, 0xaf, 0xe0, 0x10,
    0xb8, 0x7, 0xff, 0x54, 0xd0, 0x3, 0x40, 0x80,
    0x7f, 0xf5, 0x3c, 0x3, 0xd4, 0x1, 0xff, 0xd3,
    0x73, 0x0, 0xf2, 0x40, 0x7, 0xff, 0x45, 0x20,
    0x3, 0xf3, 0xb8, 0x3, 0xff, 0x9e, 0x76, 0x1,
    0xfe, 0x88, 0x0, 0x7f, 0xf3, 0x53, 0x0, 0x3f,
    0xf8, 0xf, 0x62, 0x1, 0xff, 0xca, 0x8b, 0x0,
    0xff, 0xe1, 0x27, 0xb0, 0x7, 0xff, 0x1d, 0x35,
    0xc0, 0x3f, 0xf8, 0x83, 0x3c, 0xe2, 0x1, 0xff,
    0xc1, 0x16, 0xdb, 0x20, 0xf, 0xfe, 0x38, 0xc7,
    0x64, 0x29, 0x88, 0x4, 0x24, 0xb1, 0x9d, 0x24,
    0x1, 0xff, 0x0,

    /* U+0031 "1" */
    0x0, 0xfc, 0x31, 0xbf, 0xff, 0xfc, 0x17, 0x0,
    0xf2, 0x5f, 0x39, 0x0, 0x7f, 0xf0, 0x6c, 0x2,
    0x17, 0xeb, 0x40, 0xf, 0xfe, 0x31, 0xd7, 0x40,
    0x80, 0x7f, 0xf2, 0x35, 0x40, 0x3f, 0xf9, 0x42,
    0x20, 0xf, 0xfe, 0x58, 0x80, 0x7f, 0xff, 0xc0,
    0x3f, 0xf9, 0xa2, 0x1, 0xff, 0xcc, 0x30, 0xf,
    0xff, 0x28, 0x80, 0x7c, 0x22, 0x0, 0xff, 0xe1,
    0xca, 0xb4, 0x56, 0x77, 0xf5, 0x0, 0x7f, 0xf0,
    0xd6, 0xa5, 0xd4, 0xc4, 0x3, 0xff, 0xfe, 0x1,
    0xff, 0xff, 0x0, 0xff, 0xff, 0x80, 0x7f, 0xff,
    0xc0, 0x3f, 0xff, 0xe0, 0x1f, 0xff, 0xf0, 0xf,
    0xff, 0xf8, 0x7, 0xff, 0xfc, 0x3, 0xff, 0xfe,
    0x1, 0xff, 0xff, 0x0, 0xff, 0xff, 0x80, 0x7f,
    0xff, 0xc0, 0x3f, 0xff, 0xe0, 0x1f, 0xff, 0xf0,
    0xf, 0xff, 0xf8, 0x7, 0xff, 0xfc, 0x3, 0xff,
    0xfe, 0x1, 0xff, 0xff, 0x0, 0x28, 0x80, 0x7f,
    0xf0, 0x2c,

    /* U+0032 "2" */
    0x0, 0xff, 0xe0, 0x8a, 0xc5, 0xef, 0x7f, 0xdd,
    0x92, 0xc4, 0x1, 0xff, 0xcd, 0x5b, 0xea, 0x74,
    0x21, 0x0, 0x84, 0xda, 0x77, 0x18, 0x3, 0xff,
    0x92, 0xbb, 0x48, 0x1, 0xff, 0xc2, 0x39, 0xe5,
    0x0, 0xff, 0xe2, 0x8d, 0xd1, 0x0, 0x7f, 0xf1,
    0x86, 0xa8, 0x1, 0xff, 0xc3, 0x3f, 0x40, 0xf,
    0xfe, 0x52, 0xe8, 0x80, 0x7f, 0xf0, 0x13, 0x4,
    0x3, 0xff, 0x98, 0x5e, 0x20, 0x1f, 0xe3, 0xb0,
    0xf, 0xfe, 0x78, 0xe0, 0x7, 0xf0, 0xe8, 0x7,
    0xff, 0x44, 0xa4, 0x3, 0xf5, 0x8, 0x7, 0xff,
    0x49, 0x90, 0x3, 0xc8, 0x80, 0xf, 0xfe, 0xa4,
    0x0, 0x7a, 0x0, 0x3f, 0xfa, 0xa6, 0x80, 0x18,
    0xcc, 0x1, 0xff, 0xd6, 0xf0, 0xd, 0x40, 0x1f,
    0xfc, 0x35, 0xce, 0xd8, 0x10, 0xf, 0xfe, 0x12,
    0x0, 0x67, 0x0, 0xff, 0xe1, 0x4d, 0x18, 0x93,
    0xe0, 0x80, 0x7f, 0xf0, 0x90, 0x0, 0x42, 0x1,
    0xff, 0xc1, 0x56, 0x0, 0xe2, 0xb0, 0xf, 0xfe,
    0x16, 0x0, 0x18, 0x3, 0xff, 0x85, 0x0, 0x1f,
    0x29, 0x0, 0x7f, 0xf0, 0x4c, 0x0, 0x60, 0x1f,
    0xfc, 0x11, 0x20, 0xf, 0xc8, 0x1, 0xff, 0xc1,
    0x60, 0x7, 0x80, 0x7f, 0xf0, 0x54, 0x3, 0xfb,
    0xc0, 0x3f, 0xf8, 0x26, 0x0, 0x10, 0xf, 0xfe,
    0x59, 0x80, 0x7f, 0xf0, 0x44, 0x3, 0xff, 0xee,
    0x60, 0x1f, 0xfd, 0xce, 0x0, 0xff, 0xe0, 0x88,
    0x7, 0xff, 0x38, 0xc0, 0x3f, 0xf8, 0x26, 0x0,
    0xc0, 0xf, 0xfe, 0xe, 0x80, 0x7f, 0x28, 0x7,
    0xff, 0x5, 0x80, 0xb, 0xff, 0xff, 0xc1, 0x60,
    0xf, 0xc6, 0x20, 0x1f, 0xfc, 0x12, 0x0, 0xff,
    0xe6, 0xd8, 0x7, 0xff, 0xb, 0x0, 0x3f, 0xf9,
    0xac, 0x1, 0xff, 0xc2, 0x70, 0xf, 0xfe, 0x62,
    0x88, 0x7, 0xff, 0x4, 0x48, 0x3, 0xff, 0x99,
    0x20, 0x1f, 0xfc, 0x27, 0x0, 0xff, 0xe6, 0x21,
    0x80, 0x7f, 0xf0, 0xb4, 0x3, 0xff, 0x99, 0x20,
    0x1f, 0xfc, 0x22, 0x40, 0xf, 0xfe, 0x5a, 0x90,
    0x7, 0xff, 0xa, 0x80, 0x3f, 0xf9, 0x96, 0x1,
    0xff, 0xc3, 0x60, 0xf, 0xfe, 0x5c, 0x8, 0x7,
    0xff, 0x9, 0xc4, 0x3, 0xff, 0x94, 0x6e, 0x1,
    0xff, 0xc3, 0x90, 0xf, 0xfe, 0x5f, 0x0, 0x7f,
    0xf0, 0xe0, 0x40, 0x3f, 0xf9, 0x50, 0x40, 0x1f,
    0xfc, 0x22, 0x70, 0xf, 0xfe, 0x51, 0xb8, 0x7,
    0xff, 0xe, 0x40, 0x3f, 0xf9, 0x7c, 0x1, 0xff,
    0xc3, 0x64, 0x0, 0xff, 0xe5, 0x51, 0x0, 0x7f,
    0xf0, 0x86, 0x0, 0x3f, 0xf9, 0x4a, 0xa0, 0xf,
    0xfe, 0x1d, 0x8, 0x7, 0xff, 0x24, 0xa8, 0x3,
    0xff, 0x86, 0xc8, 0x1, 0xff, 0xca, 0xe0, 0xf,
    0xfe, 0x19, 0x48, 0x7, 0xff, 0x2a, 0xc, 0x3,
    0xff, 0x87, 0xe0, 0x1f, 0xfc, 0xa4, 0x70, 0xf,
    0xfe, 0x1d, 0x10, 0x7, 0xff, 0x24, 0x68, 0x3,
    0xff, 0x86, 0xaa, 0x0, 0xff, 0xe5, 0x68, 0x80,
    0x7f, 0xf0, 0x8a, 0x80, 0x3f, 0xf9, 0x52, 0x60,
    0x1f, 0xfc, 0x3f, 0x0, 0xff, 0xe5, 0x2b, 0x0,
    0x7f, 0xf0, 0xe8, 0x80, 0x3f, 0xf9, 0x25, 0x40,
    0x1f, 0xfc, 0x36, 0x50, 0xf, 0xfe, 0x57, 0x80,
    0x7f, 0xf0, 0xce, 0x40, 0x3f, 0xf9, 0x54, 0x40,
    0x1f, 0xfc, 0x21, 0xd0, 0xf, 0xfe, 0x53, 0xa8,
    0x7, 0xff, 0xe, 0x84, 0x3, 0xff, 0x92, 0x90,
    0x1, 0xff, 0xc3, 0x84, 0x0, 0xff, 0xe4, 0x8d,
    0x0, 0x7f, 0xf0, 0xd1, 0xc0, 0x3f, 0xf9, 0x5a,
    0x20, 0x1f, 0xfc, 0x22, 0xb0, 0xf, 0xfe, 0x54,
    0x18, 0x7, 0xff, 0xf, 0xc0, 0x3f, 0xf9, 0x4a,
    0xe0, 0x1f, 0xfc, 0x3a, 0x20, 0xf, 0xfe, 0x55,
    0x80, 0x7f, 0xf0, 0xd1, 0x2, 0x3f, 0xfc, 0x70,
    0x9, 0x4, 0x3, 0xff, 0x86, 0x9d, 0xdf, 0xfc,
    0x8f, 0xd0, 0xf, 0xfe, 0xe1, 0x8, 0x7, 0xff,
    0xfc, 0x3, 0xff, 0xfe, 0x1, 0xff, 0xff, 0x0,
    0xff, 0xff, 0x80, 0x7f, 0xfe, 0x54, 0x40, 0x3f,
    0xfb, 0x26, 0x20,

    /* U+0033 "3" */
    0x3, 0xef, 0xff, 0xfe, 0xb6, 0x88, 0x20, 0x80,
    0x7f, 0xf5, 0x89, 0x43, 0xc0, 0x3f, 0xff, 0xe0,
    0x1f, 0xff, 0xf0, 0xf, 0xff, 0xf8, 0x7, 0xff,
    0xfc, 0x3, 0xfe, 0xf0, 0xf, 0xfe, 0xd1, 0x80,
    0x7f, 0xf6, 0x93, 0xfb, 0xbf, 0xf8, 0xba, 0x1,
    0xff, 0xc4, 0x14, 0x0, 0x84, 0x7f, 0xf8, 0xb0,
    0x1, 0xff, 0xc4, 0xd0, 0xf, 0xfe, 0x43, 0xa8,
    0x7, 0xff, 0xe, 0xc, 0x3, 0xff, 0x8e, 0x90,
    0x1, 0xff, 0xc3, 0x57, 0x0, 0xff, 0xe3, 0x95,
    0x80, 0x7f, 0xf0, 0xca, 0x80, 0x3f, 0xf9, 0x1e,
    0x1, 0xff, 0xc3, 0x1f, 0x0, 0xff, 0xe4, 0x59,
    0x0, 0x7f, 0xf0, 0xe8, 0x80, 0x3f, 0xf8, 0xf0,
    0x80, 0x1f, 0xfc, 0x38, 0x40, 0xf, 0xfe, 0x3a,
    0xb8, 0x7, 0xff, 0xd, 0x1c, 0x3, 0xff, 0x8e,
    0x54, 0x1, 0xff, 0xc3, 0x2b, 0x0, 0xff, 0xe3,
    0x8f, 0x80, 0x7f, 0xf1, 0x3c, 0x3, 0xff, 0x91,
    0x44, 0x1, 0xff, 0xc3, 0xa2, 0x0, 0xff, 0xe3,
    0xc2, 0x0, 0x7f, 0xf0, 0xdd, 0x40, 0x3f, 0xf8,
    0xea, 0xe0, 0x1f, 0xfc, 0x34, 0x80, 0xf, 0xfe,
    0x39, 0xd0, 0x7, 0xff, 0xc, 0x68, 0x3, 0xff,
    0x8e, 0x3a, 0x1, 0xff, 0xc4, 0x55, 0x8, 0x7,
    0xff, 0x19, 0x4, 0x3, 0xff, 0x88, 0x97, 0xd6,
    0xa0, 0x1f, 0xfc, 0x45, 0x30, 0xf, 0xfe, 0x3a,
    0x55, 0x88, 0x7, 0xff, 0xf, 0x4c, 0x3, 0xff,
    0x90, 0x9e, 0x40, 0x1f, 0xfc, 0x21, 0xd2, 0x0,
    0xff, 0xe4, 0xe, 0x10, 0x7, 0xff, 0x8, 0x70,
    0x80, 0x3f, 0xf9, 0x3, 0xc0, 0x1f, 0xfc, 0x31,
    0xc2, 0x0, 0xff, 0xe4, 0x1c, 0x0, 0x7f, 0xf0,
    0xc7, 0x8, 0x0, 0x31, 0x74, 0xa0, 0x1f, 0xfc,
    0x17, 0x10, 0xf, 0xfe, 0x18, 0xe1, 0xaf, 0xba,
    0x2d, 0x58, 0x7, 0xff, 0x6, 0x40, 0x3f, 0xf8,
    0x83, 0x94, 0x20, 0x19, 0x24, 0x3, 0xff, 0x80,
    0xc0, 0x1f, 0xfc, 0xd6, 0x10, 0xf, 0xf8, 0x4c,
    0x3, 0xff, 0x9a, 0x80, 0x1f, 0xfc, 0xb, 0x0,
    0xff, 0xe6, 0xe0, 0x7, 0xff, 0x0, 0xc0, 0x3f,
    0xf9, 0xa4, 0x1, 0xff, 0xc0, 0x50, 0xf, 0xfe,
    0x6b, 0x80, 0x7f, 0xf0, 0x4, 0x3, 0xff, 0x9a,
    0x40, 0x1f, 0xfc, 0x11, 0x0, 0xff, 0xed, 0x10,
    0x7, 0xff, 0x30, 0x40, 0x3f, 0xf8, 0x2e, 0x1,
    0xff, 0xda, 0x10, 0xf, 0xfe, 0xe0, 0x8f, 0xff,
    0x0, 0x3, 0xff, 0x9a, 0x71, 0xdd, 0xff, 0xc0,
    0xf3, 0x0, 0xff, 0xe6, 0x18, 0x7, 0xff, 0x5,
    0x40, 0x3f, 0x84, 0x3, 0xff, 0x84, 0x20, 0x1f,
    0xfc, 0x11, 0x0, 0xff, 0xe5, 0x98, 0x7, 0xff,
    0xb, 0xc0, 0x3f, 0x8c, 0x3, 0xff, 0x84, 0x60,
    0x1f, 0xfc, 0x11, 0x0, 0xfe, 0x10, 0xf, 0xfe,
    0x8, 0x88, 0x3, 0xff, 0x82, 0x40, 0x1f, 0xce,
    0x1, 0xff, 0xc1, 0x7f, 0x0, 0xff, 0xe0, 0xa8,
    0x7, 0xf6, 0x0, 0x7f, 0xf0, 0x48, 0x80, 0x1f,
    0xfc, 0x11, 0x20, 0xf, 0xca, 0x1, 0xff, 0xc1,
    0x11, 0x0, 0x7f, 0xf0, 0xa0, 0x3, 0xe5, 0x20,
    0xf, 0xfe, 0x1, 0x82, 0x80, 0x7f, 0xf0, 0x95,
    0x40, 0x1c, 0x36, 0x1, 0xff, 0xc1, 0x50, 0x12,
    0x0, 0xff, 0xe1, 0x54, 0x98, 0x93, 0x78, 0x80,
    0x7f, 0xf0, 0x7c, 0x0, 0x80, 0x1f, 0xfc, 0x36,
    0xce, 0xd9, 0x10, 0xf, 0xfe, 0x12, 0x0, 0x28,
    0x3, 0xff, 0xac, 0x84, 0x0, 0x33, 0x0, 0x7f,
    0xf5, 0x78, 0x3, 0x40, 0x7, 0xff, 0x50, 0x94,
    0x3, 0x22, 0x80, 0x7f, 0xf4, 0xf8, 0x3, 0xd4,
    0x40, 0x1f, 0xfd, 0x16, 0x30, 0xf, 0xb0, 0x80,
    0x3f, 0xf9, 0xe9, 0x20, 0x1f, 0x87, 0x8, 0x3,
    0xff, 0x9a, 0x96, 0x1, 0xfe, 0x1d, 0x60, 0xf,
    0xfe, 0x5b, 0x58, 0x7, 0xff, 0x6, 0x70, 0xc0,
    0x3f, 0xf8, 0xe5, 0x72, 0x1, 0xff, 0xc3, 0x3c,
    0xb5, 0x0, 0xff, 0xe1, 0xa5, 0x6a, 0x0, 0x7f,
    0xf1, 0x92, 0xbe, 0xe1, 0x4c, 0x40, 0x31, 0x23,
    0xd7, 0x5a, 0x80, 0x7f, 0x80,

    /* U+0034 "4" */
    0x0, 0xff, 0xe1, 0x5f, 0xff, 0xff, 0x7, 0x0,
    0x3f, 0xfa, 0x48, 0x80, 0xf, 0xfe, 0x8, 0x80,
    0x7f, 0xf4, 0xb4, 0x3, 0xff, 0x84, 0x80, 0x1f,
    0xfd, 0x27, 0x0, 0xff, 0xe1, 0x50, 0x7, 0xff,
    0x45, 0x4, 0x3, 0xff, 0x82, 0x26, 0x1, 0xff,
    0xd1, 0xd0, 0xf, 0xfe, 0x13, 0x80, 0x7f, 0xf4,
    0x9c, 0x3, 0xff, 0x85, 0xa0, 0x1f, 0xfd, 0x13,
    0x10, 0xf, 0xfe, 0x12, 0x0, 0x7f, 0xf4, 0x68,
    0x3, 0xff, 0x84, 0xa0, 0x1f, 0xfd, 0x27, 0x0,
    0xff, 0xe1, 0x78, 0x7, 0xff, 0x44, 0xc4, 0x3,
    0xff, 0x84, 0xa0, 0x1f, 0xfd, 0x1a, 0x0, 0xff,
    0xe1, 0x20, 0x7, 0xff, 0x49, 0xc0, 0x3f, 0xf8,
    0x5a, 0x1, 0xff, 0xd1, 0x31, 0x0, 0xff, 0xe1,
    0x38, 0x7, 0xff, 0x46, 0x80, 0x3f, 0xf8, 0x46,
    0x20, 0x1f, 0xfd, 0x17, 0x0, 0xff, 0xe1, 0x58,
    0x7, 0xff, 0x44, 0xc4, 0x3, 0xff, 0x84, 0xa0,
    0x1f, 0xfd, 0x1b, 0x0, 0xff, 0xe1, 0x11, 0x0,
    0x3f, 0xfa, 0x2c, 0x1, 0xff, 0xc2, 0x50, 0xf,
    0xfe, 0x89, 0x88, 0x7, 0xff, 0xa, 0xc0, 0x3f,
    0xfa, 0x36, 0x1, 0xff, 0xc2, 0x23, 0x0, 0xff,
    0xe8, 0xb0, 0x7, 0xff, 0x9, 0x40, 0x3f, 0xfa,
    0x26, 0x20, 0x1f, 0xfc, 0x2b, 0x0, 0xff, 0xe8,
    0xd8, 0x7, 0xff, 0x8, 0x4c, 0x3, 0xff, 0xa2,
    0xa0, 0x1f, 0xfc, 0x27, 0x0, 0xff, 0xe8, 0x99,
    0x0, 0x7f, 0xf0, 0xb4, 0x3, 0xff, 0xa3, 0x60,
    0x1f, 0xfc, 0x34, 0x0, 0xff, 0xe8, 0xa8, 0x7,
    0xff, 0x9, 0x40, 0x3f, 0xfa, 0x26, 0x40, 0x1f,
    0xfc, 0x2f, 0x0, 0xf4, 0x7f, 0xff, 0xf0, 0x34,
    0x3, 0xfa, 0xc0, 0x3f, 0xf8, 0x6a, 0x1, 0xe6,
    0x0, 0xff, 0xe0, 0x11, 0x80, 0x7e, 0x50, 0xf,
    0xfe, 0x12, 0x0, 0x7f, 0xf4, 0x4c, 0x80, 0x3f,
    0xf8, 0x5a, 0x1, 0xff, 0xd1, 0xb0, 0xf, 0xfe,
    0x1b, 0x80, 0x7f, 0xf4, 0x54, 0x3, 0xff, 0x84,
    0x62, 0x1, 0xff, 0xd0, 0x22, 0x0, 0x7f, 0xf0,
    0xac, 0x3, 0xff, 0xa3, 0x40, 0x1f, 0xfc, 0x35,
    0x0, 0xff, 0xe8, 0xa8, 0x7, 0xff, 0x8, 0x88,
    0x1, 0xff, 0xd0, 0x22, 0x0, 0x7f, 0xf0, 0x94,
    0x3, 0xff, 0xa3, 0x40, 0x1f, 0xfc, 0x3a, 0x0,
    0xff, 0xe8, 0xa8, 0x7, 0xff, 0xc, 0x80, 0x3f,
    0x84, 0x3, 0xff, 0x82, 0xe0, 0x18, 0x88, 0x1,
    0xff, 0xc3, 0xff, 0xff, 0x0, 0x7f, 0xf0, 0xaf,
    0xfe, 0xa5, 0x0, 0xff, 0xf0, 0x2f, 0x0, 0x7f,
    0xff, 0xc0, 0x3f, 0xff, 0xe0, 0x1f, 0xff, 0xf0,
    0xf, 0xff, 0xf8, 0x7, 0xff, 0xfc, 0x3, 0xff,
    0xb5, 0x80, 0x1f, 0xfe, 0x4, 0x5f, 0xee, 0xff,
    0xe6, 0x80, 0x7f, 0xf0, 0xab, 0xb9, 0xf6, 0x0,
    0x11, 0xff, 0xe7, 0x0, 0x7f, 0xf0, 0x58, 0x44,
    0x1, 0xff, 0xff, 0x0, 0xff, 0xff, 0x80, 0x7f,
    0xff, 0xc0, 0x3f, 0xff, 0xe0, 0x1f, 0xff, 0xf0,
    0xf, 0xff, 0xf8, 0x7, 0xff, 0xfc, 0x3, 0xff,
    0xfe, 0x1, 0xff, 0xff, 0x0, 0xff, 0xf0, 0x38,
    0x7, 0xff, 0x0, 0x8c, 0x3, 0x0,

    /* U+0035 "5" */
    0x9f, 0xff, 0xfe, 0xc3, 0x83, 0x80, 0x7f, 0xf6,
    0x2c, 0x3, 0xff, 0xfe, 0x1, 0xff, 0xff, 0x0,
    0xff, 0xff, 0x80, 0x7f, 0xff, 0xc0, 0x3f, 0xff,
    0xe0, 0x1f, 0xfc, 0x24, 0x0, 0xff, 0xe1, 0xd7,
    0x77, 0xff, 0x27, 0xe0, 0x3, 0xff, 0x86, 0xc2,
    0x3f, 0xfc, 0x90, 0xf, 0xff, 0xf8, 0x7, 0xff,
    0xfc, 0x3, 0xff, 0xfe, 0x1, 0xff, 0xff, 0x0,
    0xff, 0xff, 0x80, 0x7f, 0xff, 0xc0, 0x3f, 0xfb,
    0x82, 0xd3, 0x79, 0x8b, 0x96, 0x10, 0xf, 0xfe,
    0x79, 0xdf, 0x4b, 0x21, 0x99, 0x1a, 0x7a, 0xd0,
    0x3, 0xff, 0x99, 0x38, 0x80, 0x1f, 0xe4, 0xba,
    0x10, 0xf, 0xfe, 0x43, 0x63, 0x0, 0x7f, 0xf0,
    0x97, 0x8, 0x3, 0xff, 0x8f, 0x46, 0x1, 0xff,
    0xc4, 0x2c, 0x10, 0xf, 0xfe, 0xc8, 0xd0, 0x7,
    0xff, 0x69, 0x1c, 0x3, 0xff, 0xb5, 0x2, 0x1,
    0xff, 0xda, 0x60, 0xf, 0xfe, 0xd4, 0x80, 0x7f,
    0xf6, 0x84, 0xc0, 0x3f, 0xfb, 0x48, 0x1, 0xff,
    0xc6, 0x47, 0x86, 0x10, 0xf, 0xfe, 0x1e, 0x0,
    0x7f, 0xf1, 0x7, 0x2e, 0x1e, 0x7d, 0x0, 0x3f,
    0xf8, 0x4a, 0x1, 0xff, 0xc4, 0xc3, 0x0, 0xc3,
    0x64, 0x1, 0xff, 0xc1, 0x10, 0xf, 0xfe, 0x1b,
    0x10, 0x7, 0xd6, 0x1, 0xff, 0xc2, 0x14, 0x0,
    0xff, 0xe0, 0xd8, 0x7, 0xe7, 0x0, 0xff, 0xe1,
    0x15, 0x77, 0x7f, 0xf0, 0x3c, 0x80, 0x3f, 0x9,
    0x0, 0x7f, 0xf0, 0x58, 0x4, 0x7f, 0xf8, 0x0,
    0x1f, 0xf0, 0x80, 0x7f, 0xf0, 0x4c, 0x3, 0xff,
    0x98, 0xc0, 0x1f, 0xfc, 0x11, 0x0, 0xff, 0xe6,
    0x18, 0x7, 0xff, 0x7, 0xc0, 0x3f, 0xf9, 0x82,
    0x1, 0xff, 0xc1, 0x10, 0xf, 0xff, 0xf8, 0x7,
    0xff, 0x74, 0x5f, 0xbb, 0xff, 0x81, 0x82, 0x1,
    0xfc, 0x20, 0x1f, 0xfc, 0x2b, 0x11, 0xff, 0xe0,
    0x1b, 0x80, 0x7f, 0x10, 0x7, 0xff, 0x7, 0xd8,
    0x3, 0xff, 0x83, 0xc0, 0x1f, 0xce, 0x1, 0xff,
    0xc1, 0x13, 0x0, 0xff, 0xe0, 0x98, 0x7, 0xf1,
    0x80, 0x7f, 0xf0, 0x4f, 0xc0, 0x3f, 0xf8, 0x28,
    0x1, 0xf9, 0x0, 0x3f, 0xf8, 0x4c, 0xa0, 0x1f,
    0xfc, 0x26, 0x0, 0xfb, 0xc0, 0x3f, 0xf8, 0x42,
    0x60, 0x1f, 0xfc, 0x29, 0x20, 0xe, 0x64, 0x0,
    0xff, 0xe1, 0x10, 0x10, 0x7, 0xff, 0xb, 0x1c,
    0x84, 0xe6, 0x40, 0x1f, 0xfc, 0x23, 0x0, 0x28,
    0x7, 0xff, 0x8, 0x63, 0x7b, 0x18, 0x3, 0xff,
    0x87, 0x60, 0xa, 0x0, 0xff, 0xeb, 0xa8, 0x0,
    0x90, 0x3, 0xff, 0xaa, 0x64, 0x1, 0x78, 0x7,
    0xff, 0x56, 0x0, 0x32, 0x30, 0x7, 0xff, 0x4d,
    0x50, 0x3, 0xa0, 0x40, 0x3f, 0xfa, 0x25, 0x60,
    0x1e, 0x1c, 0x10, 0xf, 0xfe, 0x78, 0xf8, 0x80,
    0x7c, 0x5a, 0x20, 0x1f, 0xfc, 0xd1, 0xc2, 0x0,
    0xfe, 0x3c, 0x40, 0xf, 0xfe, 0x5a, 0x79, 0x0,
    0x7f, 0xc5, 0x72, 0x20, 0x1f, 0xfc, 0x72, 0xab,
    0x10, 0xf, 0xfe, 0x13, 0x75, 0x18, 0x7, 0xff,
    0xd, 0x2b, 0x54, 0x3, 0xff, 0x8c, 0xb9, 0xd4,
    0xe8, 0x42, 0x1, 0x9, 0x23, 0xd7, 0xda, 0x80,
    0x7f, 0x80,

    /* U+0036 "6" */
    0x0, 0xff, 0xe0, 0xa, 0xc5, 0xef, 0x7f, 0xdd,
    0x92, 0xc4, 0x1, 0xff, 0xcb, 0x6c, 0xea, 0x74,
    0x21, 0x0, 0x84, 0xda, 0x77, 0x18, 0x3, 0xff,
    0x8e, 0xdd, 0x26, 0x1, 0xff, 0xc2, 0x39, 0xe5,
    0x0, 0xff, 0xe1, 0x96, 0x48, 0x80, 0x7f, 0xf1,
    0x86, 0xac, 0x40, 0x3f, 0xf8, 0x9, 0x86, 0x1,
    0xff, 0xca, 0x4c, 0x20, 0xf, 0xf2, 0x58, 0x80,
    0x7f, 0xf3, 0xb, 0x8, 0x3, 0xf1, 0xd8, 0x7,
    0xff, 0x3c, 0x7c, 0x3, 0xf7, 0x0, 0x7f, 0xf4,
    0x4a, 0x80, 0x3d, 0x4, 0x1, 0xff, 0xd2, 0x54,
    0x0, 0xc2, 0xe0, 0x1f, 0xfd, 0x49, 0x0, 0xd2,
    0x1, 0xff, 0xd5, 0x24, 0x0, 0x98, 0x3, 0xff,
    0xad, 0xc0, 0x3, 0x10, 0xf, 0xfe, 0x1c, 0x6f,
    0x50, 0x80, 0x7f, 0xf0, 0x94, 0x0, 0x80, 0x1f,
    0xfc, 0x21, 0xd7, 0x21, 0x5c, 0x0, 0xff, 0xe1,
    0x98, 0x68, 0x7, 0xff, 0xa, 0xc8, 0x3, 0x14,
    0x0, 0x7f, 0xf0, 0x94, 0x18, 0x3, 0xff, 0x82,
    0x4a, 0x1, 0xe7, 0x0, 0xff, 0xe1, 0x70, 0x8,
    0x7, 0xff, 0x5, 0x0, 0x3f, 0x28, 0x7, 0xff,
    0x4, 0x80, 0xc0, 0x3f, 0xf8, 0x3e, 0x1, 0xf8,
    0x80, 0x3f, 0xfa, 0x26, 0x1, 0xfb, 0x80, 0x3f,
    0xf8, 0x22, 0x1, 0xff, 0xc3, 0x10, 0xf, 0xff,
    0xf8, 0x7, 0xfc, 0x60, 0x1f, 0xfc, 0x11, 0x0,
    0xff, 0xe6, 0x2c, 0x33, 0x7f, 0xcf, 0x60, 0x60,
    0x1f, 0xfc, 0xb7, 0x99, 0xff, 0xa0, 0x40, 0x3f,
    0xff, 0xe0, 0x1f, 0xff, 0x14, 0x9d, 0xef, 0xf6,
    0xdc, 0x20, 0x7, 0xff, 0x3d, 0x32, 0xd8, 0x84,
    0x0, 0x48, 0xf7, 0xce, 0x1, 0xff, 0xcb, 0x18,
    0xb3, 0x0, 0xff, 0xc, 0x72, 0x0, 0x7f, 0xf2,
    0x69, 0xc0, 0x3f, 0xf8, 0x43, 0x6e, 0x1, 0xff,
    0xda, 0x87, 0x0, 0xff, 0xed, 0x42, 0x0, 0x61,
    0x0, 0xff, 0xea, 0xd0, 0x80, 0x7f, 0xf6, 0x46,
    0x80, 0x3f, 0xfb, 0x48, 0x60, 0x1f, 0xfd, 0xa9,
    0x0, 0xff, 0xed, 0x28, 0x80, 0x7f, 0xf1, 0x46,
    0x7b, 0xf5, 0xc0, 0x3f, 0xf8, 0x68, 0x1, 0xff,
    0xc4, 0x1f, 0x61, 0x2, 0x8a, 0x0, 0xff, 0xe1,
    0x60, 0x7, 0xff, 0x12, 0xc4, 0x3, 0x95, 0x0,
    0x3f, 0xf8, 0x28, 0x1, 0xff, 0xc3, 0x15, 0x0,
    0xfb, 0x80, 0x3f, 0xf8, 0x24, 0x1, 0xff, 0xc3,
    0x40, 0xf, 0xc8, 0x1, 0xff, 0xc2, 0x17, 0x0,
    0xff, 0xe0, 0x90, 0x7, 0xe1, 0x10, 0x7, 0xff,
    0x4, 0x80, 0x3f, 0xf8, 0x5e, 0x1, 0xfc, 0x60,
    0x1f, 0xfc, 0x16, 0x0, 0xff, 0xe1, 0x8, 0x7,
    0xf3, 0x0, 0x7f, 0xf0, 0x48, 0x3, 0xff, 0x84,
    0x60, 0x1f, 0xc2, 0x1, 0xff, 0xc1, 0xe0, 0xf,
    0xfe, 0xd1, 0x80, 0x7f, 0xf0, 0x84, 0x3, 0xf8,
    0xc0, 0x3f, 0xfd, 0x2, 0x1, 0xff, 0xc2, 0x10,
    0xf, 0xe3, 0x0, 0xff, 0xe8, 0x18, 0x7, 0xff,
    0x2c, 0x44, 0x1, 0xff, 0xcb, 0x10, 0xf, 0xfe,
    0x11, 0x80, 0x7f, 0xf0, 0x78, 0x3, 0xf9, 0xc0,
    0x3f, 0xf8, 0x26, 0x20, 0x1f, 0xfc, 0x11, 0x0,
    0xfe, 0x10, 0xf, 0xfe, 0x8, 0xf0, 0x7, 0xff,
    0x4, 0x80, 0x3f, 0x88, 0x3, 0xff, 0x84, 0xa0,
    0x1f, 0xfc, 0x14, 0x0, 0xfc, 0x80, 0x1f, 0xfc,
    0x2e, 0x20, 0xf, 0xfe, 0x13, 0x0, 0x7d, 0xe0,
    0x1f, 0xfc, 0x23, 0x11, 0x0, 0x7f, 0xf0, 0x64,
    0x80, 0x39, 0x90, 0x3, 0xff, 0x84, 0xc0, 0x80,
    0x1f, 0xfc, 0x2d, 0x72, 0x13, 0x99, 0x0, 0x7f,
    0xf0, 0xcc, 0x3c, 0x3, 0xff, 0x87, 0x1b, 0xd8,
    0xc0, 0x1f, 0xfc, 0x34, 0x0, 0x28, 0x7, 0xff,
    0x5f, 0x40, 0x26, 0x0, 0xff, 0xeb, 0x38, 0x5,
    0x60, 0x1f, 0xfd, 0x57, 0x10, 0x8, 0x9c, 0x3,
    0xff, 0xa6, 0x30, 0x1, 0xd0, 0x60, 0x1f, 0xfd,
    0x2a, 0x0, 0xfb, 0x44, 0x3, 0xff, 0xa1, 0x28,
    0x1, 0xf0, 0xe1, 0x0, 0x7f, 0xf3, 0xa9, 0x80,
    0x3f, 0x8b, 0x58, 0x3, 0xff, 0x96, 0x58, 0xa0,
    0x1f, 0xfc, 0x9, 0xb2, 0x0, 0xff, 0xe4, 0x46,
    0x98, 0x7, 0xff, 0x9, 0x36, 0xd4, 0x3, 0xff,
    0x86, 0x71, 0xee, 0x1, 0xff, 0xc6, 0x4a, 0xfb,
    0x84, 0x32, 0x10, 0x0, 0x92, 0x35, 0x76, 0x38,
    0x7, 0xf8,

    /* U+0037 "7" */
    0x4f, 0xff, 0xfe, 0xcb, 0x68, 0x7, 0xff, 0x67,
    0x40, 0x3f, 0xff, 0xe0, 0x1f, 0xfd, 0xe3, 0x0,
    0xff, 0xff, 0x80, 0x7f, 0xff, 0xc0, 0x3f, 0xff,
    0xe0, 0x1f, 0xfe, 0x21, 0x0, 0xff, 0x8f, 0xbb,
    0xfe, 0x80, 0xf, 0xfe, 0x11, 0x8, 0x7, 0xf9,
    0xc4, 0x7f, 0xed, 0x0, 0xff, 0xe1, 0x60, 0x7,
    0xff, 0x2d, 0x0, 0x3f, 0xf8, 0x48, 0x1, 0xff,
    0xca, 0x31, 0x0, 0xff, 0xe0, 0xa0, 0x10, 0x7,
    0xf8, 0x80, 0x3f, 0xd6, 0x1, 0xff, 0xc2, 0xd0,
    0x9b, 0xbf, 0xf4, 0x80, 0x7f, 0x94, 0x3, 0xff,
    0x84, 0xe0, 0x4, 0x4f, 0xf0, 0x7, 0xf8, 0x48,
    0x3, 0xff, 0x82, 0x42, 0x1, 0xff, 0xca, 0x70,
    0xf, 0xfe, 0x12, 0x80, 0x7f, 0xf2, 0xf4, 0x3,
    0xff, 0x85, 0x60, 0x1f, 0xfc, 0xb4, 0x0, 0xff,
    0xe0, 0x89, 0x80, 0x7f, 0xf2, 0x90, 0x3, 0xff,
    0x84, 0x80, 0x1f, 0xfc, 0xbd, 0x0, 0xff, 0xe1,
    0x78, 0x7, 0xff, 0x2d, 0x0, 0x3f, 0xf8, 0x48,
    0x1, 0xff, 0xca, 0x22, 0x0, 0x7f, 0xf0, 0x4c,
    0x40, 0x3f, 0xf9, 0x4a, 0x1, 0xff, 0xc2, 0xb0,
    0xf, 0xfe, 0x5e, 0x0, 0x7f, 0xf0, 0x94, 0x3,
    0xff, 0x96, 0x80, 0x1f, 0xfc, 0x11, 0x20, 0xf,
    0xfe, 0x52, 0x80, 0x7f, 0xf0, 0x9c, 0x3, 0xff,
    0x97, 0x80, 0x1f, 0xfc, 0x2d, 0x0, 0xff, 0xe5,
    0xb8, 0x7, 0xff, 0x9, 0x0, 0x3f, 0xf9, 0x46,
    0x20, 0x1f, 0xfc, 0x14, 0x0, 0xff, 0xe5, 0xa0,
    0x7, 0xff, 0xb, 0x40, 0x3f, 0xf9, 0x76, 0x1,
    0xff, 0xc2, 0x40, 0xf, 0xfe, 0x50, 0x98, 0x7,
    0xff, 0x4, 0x88, 0x1, 0xff, 0xca, 0x40, 0xf,
    0xfe, 0x12, 0x80, 0x7f, 0xf2, 0xfc, 0x3, 0xff,
    0x85, 0x60, 0x1f, 0xfc, 0xb4, 0x0, 0xff, 0xe0,
    0x89, 0x80, 0x7f, 0xf2, 0x8c, 0x40, 0x3f, 0xf8,
    0x28, 0x1, 0xff, 0xcb, 0xb0, 0xf, 0xfe, 0x17,
    0x80, 0x7f, 0xf2, 0xd0, 0x3, 0xff, 0x84, 0x80,
    0x1f, 0xfc, 0xa1, 0x30, 0xf, 0xfe, 0x9, 0x88,
    0x7, 0xff, 0x29, 0xc0, 0x3f, 0xf8, 0x56, 0x1,
    0xff, 0xcb, 0xc0, 0xf, 0xfe, 0x12, 0x0, 0x7f,
    0xf2, 0xd4, 0x3, 0xff, 0x82, 0x26, 0x1, 0xff,
    0xca, 0x40, 0xf, 0xfe, 0x13, 0x80, 0x7f, 0xf2,
    0xf0, 0x3, 0xff, 0x85, 0xa0, 0x1f, 0xfc, 0xb5,
    0x0, 0xff, 0xe1, 0x20, 0x7, 0xff, 0x28, 0x88,
    0x1, 0xff, 0xc1, 0x40, 0xf, 0xfe, 0x5a, 0x0,
    0x7f, 0xf0, 0xb4, 0x3, 0xff, 0x97, 0xa0, 0x1f,
    0xfc, 0x24, 0x0, 0xff, 0xe5, 0xa0, 0x7, 0xff,
    0x4, 0x88, 0x1, 0xff, 0xca, 0x40, 0xf, 0xfe,
    0x12, 0x80, 0x7f, 0xf2, 0xf4, 0x3, 0xff, 0x85,
    0x80, 0x1f, 0xfc, 0xb7, 0x0, 0xff, 0xe1, 0x20,
    0x7, 0xff, 0x28, 0x84, 0x3, 0xff, 0x82, 0xa0,
    0x1f, 0xfc, 0xb5, 0x0, 0xff, 0xe1, 0x78, 0x7,
    0xff, 0x2e, 0xc0, 0x3f, 0xf8, 0x48, 0x1, 0xff,
    0xca, 0x13, 0x0, 0xff, 0xe0, 0x98, 0x80, 0x7f,
    0xf2, 0x90, 0x3, 0xff, 0x85, 0x60, 0x1f, 0xfc,
    0xbf, 0x0, 0xff, 0xe1, 0x20, 0x7, 0xff, 0x2d,
    0x0, 0x3f, 0xf8, 0x22, 0x60, 0x1f, 0xfc, 0xa3,
    0x10, 0xf, 0xfe, 0xb, 0x80, 0x7f, 0xf2, 0xec,
    0x3, 0xff, 0x85, 0x80, 0x1f, 0xfc, 0xb4, 0x0,
    0xff, 0xe1, 0x28, 0x7, 0xff, 0x28, 0x4c, 0x3,
    0xff, 0x82, 0x80, 0x1f, 0xfc, 0xb7, 0x0, 0xff,
    0xe1, 0x60, 0x7, 0xff, 0x2f, 0x0, 0x3f, 0xf8,
    0x4a, 0x1, 0xff, 0xcb, 0x30, 0xf, 0xfe, 0xb,
    0x10, 0x7, 0xff, 0x10,

    /* U+0038 "8" */
    0x0, 0xff, 0xe0, 0xac, 0x5e, 0xf7, 0xfb, 0xb6,
    0xe1, 0x40, 0x3f, 0xf9, 0x69, 0x7f, 0x4e, 0x84,
    0x20, 0x1, 0x24, 0x7a, 0xfb, 0x40, 0xf, 0xfe,
    0x32, 0x65, 0xa0, 0x7, 0xff, 0x9, 0x2f, 0x10,
    0x3, 0xff, 0x87, 0x56, 0x60, 0x1f, 0xfc, 0x63,
    0xb9, 0x0, 0xff, 0xe0, 0x16, 0xa8, 0x7, 0xff,
    0x29, 0xb0, 0x40, 0x3f, 0x8b, 0x8, 0x3, 0xff,
    0x98, 0x78, 0x20, 0x1f, 0xbc, 0x40, 0x3f, 0xf9,
    0xc5, 0xa0, 0x1f, 0x51, 0x0, 0x7f, 0xf4, 0xe,
    0x0, 0x39, 0x14, 0x3, 0xff, 0xa4, 0xe4, 0x1,
    0xa4, 0x3, 0xff, 0xa9, 0x0, 0x12, 0x10, 0x7,
    0xff, 0x51, 0x48, 0x1, 0xe0, 0x1f, 0xfd, 0x6b,
    0x1, 0x40, 0xf, 0xfe, 0x11, 0x57, 0x72, 0x44,
    0x3, 0xff, 0x84, 0xe0, 0x80, 0x1f, 0xfc, 0x21,
    0xc5, 0x11, 0x36, 0x0, 0x7f, 0xf0, 0x84, 0xf4,
    0x3, 0xff, 0x85, 0x42, 0x1, 0x8a, 0x80, 0x3f,
    0xf8, 0x48, 0x60, 0x1f, 0xfc, 0x12, 0x40, 0xf,
    0x28, 0x80, 0x7f, 0xf0, 0x75, 0x80, 0x3f, 0xf8,
    0x2a, 0x1, 0xf9, 0xc0, 0x3f, 0xf8, 0x2c, 0x60,
    0x1f, 0xfc, 0x1c, 0x0, 0xfd, 0x80, 0x1f, 0xfc,
    0x12, 0x10, 0xf, 0xfe, 0xa, 0x80, 0x7e, 0x40,
    0xf, 0xfe, 0x8, 0x80, 0x7f, 0xf0, 0x84, 0x3,
    0xf0, 0x80, 0x7f, 0xf3, 0xc4, 0x3, 0xfc, 0x20,
    0x1f, 0xfc, 0x11, 0x0, 0xff, 0xe0, 0x8, 0x7,
    0xf8, 0x40, 0x3f, 0xf8, 0x2, 0x40, 0x1f, 0xfd,
    0x83, 0x50, 0xf, 0xfe, 0x9, 0x0, 0x7e, 0x10,
    0xf, 0xfe, 0xb, 0xf8, 0x7, 0xff, 0x5, 0x0,
    0x3f, 0x20, 0x7, 0xff, 0x4, 0x90, 0x3, 0xff,
    0x83, 0xe0, 0x1f, 0xb4, 0x3, 0xff, 0x83, 0x84,
    0x40, 0xf, 0xfe, 0x3, 0x80, 0x7e, 0x50, 0xf,
    0xfe, 0xa, 0x5, 0x0, 0x7f, 0xf0, 0x5, 0x0,
    0x3c, 0x84, 0x1, 0xff, 0xc0, 0x50, 0x3, 0x0,
    0x7f, 0xf0, 0x68, 0x40, 0x30, 0xd0, 0x7, 0xff,
    0x7, 0x80, 0x2, 0xc0, 0x1f, 0xfc, 0x1, 0xc4,
    0x0, 0x2e, 0x8, 0x7, 0xff, 0x0, 0x90, 0x2,
    0x80, 0xf, 0xfe, 0x9, 0x5f, 0xfa, 0x88, 0x3,
    0xff, 0x83, 0x0, 0x18, 0x68, 0x3, 0xff, 0xa4,
    0xaa, 0x0, 0xe5, 0x80, 0xf, 0xfe, 0x81, 0x58,
    0x7, 0xcf, 0x0, 0x1f, 0xfc, 0xe2, 0xc1, 0x0,
    0xfc, 0xf8, 0x1, 0xff, 0xcc, 0x5d, 0x10, 0xf,
    0xf5, 0x80, 0x7f, 0xf3, 0x2c, 0x3, 0xfc, 0x38,
    0xe0, 0x1f, 0xfc, 0xcf, 0x40, 0xf, 0xc3, 0x86,
    0x1, 0xff, 0xcd, 0x1b, 0x50, 0xf, 0xa8, 0x80,
    0x3f, 0xfa, 0x14, 0x60, 0x1c, 0xa8, 0x1, 0xff,
    0xd2, 0xe0, 0xe, 0x80, 0xf, 0xfe, 0x99, 0x38,
    0x4, 0x84, 0x1, 0xff, 0xc1, 0x3b, 0xff, 0x59,
    0x0, 0x7f, 0xf0, 0x60, 0x2, 0xe0, 0xf, 0xfe,
    0x9, 0xe2, 0x0, 0x13, 0x4, 0x3, 0xff, 0x82,
    0xc0, 0x5, 0x0, 0xff, 0xe0, 0xf0, 0x7, 0xd,
    0x0, 0x7f, 0xf0, 0x68, 0xc, 0x3, 0xff, 0x82,
    0x64, 0x1, 0xe4, 0x20, 0xf, 0xfe, 0x1, 0x8a,
    0x0, 0x7f, 0xf0, 0x6c, 0x3, 0xf2, 0x80, 0x7f,
    0xf0, 0x53, 0x40, 0x3f, 0xf8, 0x26, 0x1, 0xfb,
    0x40, 0x3f, 0xf8, 0x3a, 0xc0, 0x1f, 0xfc, 0x15,
    0x0, 0xfc, 0x80, 0x1f, 0xfc, 0x13, 0x20, 0xf,
    0xfe, 0x8, 0x80, 0x7e, 0x10, 0xf, 0xfe, 0xb,
    0x8, 0x7, 0xff, 0x60, 0xc0, 0x3f, 0xf8, 0x22,
    0x1, 0xfe, 0x10, 0xf, 0xfe, 0x0, 0x80, 0x7f,
    0xf0, 0x44, 0x3, 0xfc, 0x20, 0x1f, 0xfe, 0x71,
    0x0, 0xff, 0xe0, 0x88, 0x7, 0xe2, 0x0, 0xff,
    0xe0, 0x89, 0x0, 0x7f, 0xf0, 0x48, 0x3, 0xf3,
    0x0, 0x7f, 0xf0, 0x49, 0x80, 0x3f, 0xf8, 0x28,
    0x1, 0xf8, 0x80, 0x3f, 0xf8, 0x2d, 0xa0, 0x1f,
    0xfc, 0x1b, 0x0, 0xfd, 0xa0, 0x1f, 0xfc, 0x1d,
    0x40, 0xf, 0xfe, 0x9, 0x98, 0x3, 0xc4, 0x80,
    0x1f, 0xfc, 0x14, 0x30, 0xf, 0xfe, 0x17, 0x0,
    0x7b, 0x80, 0x3f, 0xf8, 0x46, 0xa, 0x1, 0xff,
    0xc1, 0x2d, 0x51, 0x12, 0xe9, 0x80, 0x7f, 0xf0,
    0x50, 0x1, 0xc0, 0x1f, 0xfc, 0x22, 0xae, 0xe5,
    0x10, 0x7, 0xff, 0xb, 0x80, 0x8, 0x40, 0x1f,
    0xfd, 0x41, 0x50, 0xa, 0x0, 0x3f, 0xfa, 0x90,
    0x1, 0x94, 0xc0, 0x3f, 0xfa, 0x44, 0xc0, 0x1d,
    0xc0, 0x1f, 0xfd, 0x2e, 0x0, 0xf1, 0x48, 0x7,
    0xff, 0x42, 0x4c, 0x3, 0xe6, 0x80, 0xf, 0xfe,
    0x73, 0xb0, 0x7, 0xf3, 0xc0, 0x7, 0xff, 0x32,
    0x20, 0x1, 0xff, 0x3d, 0x88, 0x7, 0xff, 0x20,
    0x6d, 0xc0, 0x3f, 0xf8, 0x29, 0xec, 0x1, 0xff,
    0xc6, 0x6f, 0x40, 0xf, 0xfe, 0x18, 0xce, 0xb0,
    0x80, 0x7f, 0xf0, 0x5, 0xb6, 0x44, 0x3, 0xff,
    0x8c, 0x53, 0xd7, 0x8, 0x42, 0x0, 0x12, 0x48,
    0xbe, 0x92, 0x0, 0xff, 0x0,

    /* U+0039 "9" */
    0x0, 0xff, 0xe0, 0x9b, 0xd6, 0x77, 0xfd, 0xdb,
    0x92, 0xa4, 0x1, 0xff, 0xcb, 0x29, 0xec, 0x85,
    0x31, 0x0, 0x84, 0x8d, 0xab, 0x74, 0xe2, 0x1,
    0xff, 0xc6, 0x2a, 0xd6, 0x10, 0xf, 0xfe, 0x11,
    0x47, 0x48, 0x7, 0xff, 0x11, 0xf5, 0x40, 0x3f,
    0xf9, 0xd, 0xc8, 0x1, 0xff, 0xc1, 0xa8, 0x0,
    0xff, 0xe5, 0x8d, 0xb8, 0x7, 0xfd, 0x6a, 0x1,
    0xff, 0xce, 0x87, 0x0, 0xfe, 0x94, 0x0, 0xff,
    0xe8, 0x42, 0x80, 0x7c, 0x8c, 0x1, 0xff, 0xd2,
    0xb1, 0x0, 0xf5, 0x0, 0x7f, 0xf4, 0xc6, 0x0,
    0x39, 0x84, 0x3, 0xff, 0xa8, 0xc2, 0x1, 0xa8,
    0x3, 0xff, 0xad, 0x20, 0x11, 0x18, 0x7, 0xff,
    0x59, 0x40, 0x24, 0x0, 0xff, 0xe1, 0x8c, 0xef,
    0x59, 0x80, 0x7f, 0xf0, 0x88, 0x80, 0xc, 0x0,
    0xff, 0xe1, 0x17, 0xb1, 0xa, 0x62, 0x80, 0x7f,
    0xf0, 0x90, 0x0, 0xc0, 0x1f, 0xfc, 0x29, 0x10,
    0xe, 0xa1, 0x0, 0xff, 0xe0, 0xf8, 0x0, 0x80,
    0x3f, 0xf8, 0x24, 0x80, 0x1f, 0x30, 0x7, 0xff,
    0x4, 0x80, 0x2, 0x1, 0xff, 0xc1, 0x50, 0xf,
    0xd8, 0x1, 0xff, 0xc1, 0x60, 0xf, 0xfe, 0x26,
    0x80, 0x7e, 0x50, 0xf, 0xfe, 0x9, 0x0, 0x80,
    0x7f, 0xf0, 0x98, 0x3, 0xf0, 0x80, 0x7f, 0xf0,
    0xcc, 0x3, 0xff, 0xb4, 0x20, 0x1f, 0xfc, 0x31,
    0x0, 0xff, 0xe5, 0x98, 0x7, 0xff, 0xc, 0xc0,
    0x3f, 0x84, 0x3, 0xff, 0x82, 0x22, 0x0, 0xff,
    0xff, 0x80, 0x61, 0x0, 0xff, 0xf5, 0x18, 0x7,
    0xff, 0x30, 0xc0, 0x3f, 0xf9, 0x82, 0x1, 0xff,
    0xc2, 0x10, 0xf, 0xfe, 0x10, 0x80, 0x7f, 0xf3,
    0x44, 0x3, 0xff, 0x82, 0xe0, 0x1f, 0xfc, 0xd3,
    0x0, 0xff, 0xe0, 0x88, 0x7, 0xe1, 0x0, 0xff,
    0xe2, 0x30, 0x7, 0xff, 0x7, 0x40, 0x3f, 0x10,
    0x7, 0xff, 0x10, 0xc0, 0x3f, 0xf8, 0x28, 0x1,
    0xfa, 0xc0, 0x3f, 0xf8, 0x9c, 0x1, 0xff, 0xc1,
    0x33, 0x0, 0x7c, 0xc0, 0x1f, 0xfc, 0x44, 0x0,
    0xff, 0xe1, 0x70, 0x7, 0xa8, 0x40, 0x3f, 0xf8,
    0x84, 0x40, 0xf, 0xfe, 0x9, 0x6a, 0x0, 0xe,
    0xd4, 0x3, 0xff, 0x8c, 0x80, 0x1f, 0xfc, 0x22,
    0xbf, 0xf6, 0x20, 0x7, 0xff, 0x1e, 0xc0, 0x3f,
    0xfb, 0x64, 0xa0, 0x1f, 0xfd, 0xb9, 0x0, 0xff,
    0xeb, 0xb8, 0x4, 0x6e, 0x1, 0xff, 0xdb, 0x83,
    0x0, 0xff, 0xed, 0xe9, 0x0, 0x7f, 0xf6, 0x87,
    0x8, 0x3, 0xff, 0xb4, 0x3a, 0xc0, 0x1f, 0xfc,
    0x21, 0xb0, 0xf, 0xfe, 0x5c, 0xe2, 0x0, 0x7f,
    0xcd, 0xe8, 0x20, 0x1f, 0xfc, 0xb3, 0xbe, 0x95,
    0x21, 0x0, 0xa, 0x47, 0x48, 0x80, 0x7f, 0xf3,
    0xc5, 0xab, 0x7b, 0xfd, 0xd6, 0xe2, 0x1, 0xff,
    0xff, 0x0, 0xff, 0xfa, 0xd6, 0xef, 0xff, 0x1,
    0xc0, 0x3f, 0xf9, 0xa4, 0xa4, 0x5f, 0xfc, 0x9,
    0x0, 0xff, 0xe6, 0x88, 0x7, 0xff, 0xfc, 0x3,
    0xff, 0x8c, 0x20, 0x1f, 0xc2, 0x1, 0xff, 0xc3,
    0x10, 0xf, 0xfe, 0x10, 0x80, 0x7c, 0x20, 0x1f,
    0xfc, 0x43, 0x0, 0xff, 0xe1, 0x20, 0x7, 0xce,
    0x1, 0xff, 0xc2, 0x60, 0x10, 0xf, 0xfe, 0x14,
    0x80, 0x7d, 0x60, 0x1f, 0xfc, 0x23, 0x0, 0x10,
    0x7, 0xff, 0x4, 0xdc, 0x3, 0xa4, 0x80, 0x3f,
    0xf8, 0x22, 0x20, 0x2, 0x0, 0x7f, 0xf0, 0xa2,
    0x48, 0x52, 0xd8, 0x3, 0xff, 0x84, 0x80, 0x16,
    0x0, 0x7f, 0xf0, 0xdb, 0x7a, 0xd0, 0x3, 0xff,
    0x87, 0xe0, 0x12, 0x80, 0x7f, 0xf5, 0xd4, 0x3,
    0x38, 0x7, 0xff, 0x55, 0x80, 0x3a, 0x40, 0x3f,
    0xfa, 0xb0, 0x1, 0xc3, 0x20, 0x1f, 0xfd, 0x39,
    0x10, 0xf, 0x32, 0x80, 0x7f, 0xf4, 0x55, 0x80,
    0x3f, 0x51, 0x80, 0x7f, 0xf3, 0xd2, 0x80, 0x3f,
    0xd8, 0x80, 0x1f, 0xfc, 0xd5, 0xb0, 0xf, 0xfe,
    0x5, 0xb8, 0x7, 0xff, 0x2e, 0x28, 0x3, 0xff,
    0x85, 0x18, 0x60, 0x1f, 0xfc, 0x74, 0xd7, 0x0,
    0xff, 0xe2, 0x1e, 0x5a, 0x0, 0x7f, 0xf0, 0x85,
    0xb2, 0xc8, 0x3, 0xff, 0x8e, 0x97, 0xf4, 0xe8,
    0x42, 0x1, 0x9, 0xac, 0x67, 0x49, 0x80, 0x7f,
    0x80,

    /* U+003A ":" */
    0x0, 0xcb, 0x5d, 0xfe, 0xd9, 0x30, 0xf, 0xe,
    0x52, 0x88, 0x0, 0x9b, 0x28, 0x3, 0xf, 0x98,
    0x7, 0xe5, 0xc0, 0xb, 0x44, 0x3, 0xfc, 0x70,
    0x8, 0x60, 0x1f, 0xfc, 0x7, 0x1e, 0x0, 0xff,
    0xe1, 0x3b, 0x80, 0x3f, 0xf8, 0x58, 0x40, 0x1f,
    0xfc, 0x26, 0x0, 0xff, 0xe2, 0x10, 0x7, 0xff,
    0x9, 0x90, 0x3, 0xff, 0x85, 0x9a, 0x1, 0xff,
    0xc2, 0x74, 0x40, 0x7, 0xff, 0x2, 0x4, 0x28,
    0x80, 0x3f, 0xc8, 0xe0, 0x1, 0xc4, 0x0, 0xfc,
    0xd6, 0x1, 0x86, 0xec, 0xa4, 0x0, 0x26, 0xd9,
    0x0, 0xf9, 0x2b, 0x7f, 0xdb, 0x24, 0x1, 0xff,
    0xff, 0x0, 0xff, 0xff, 0x80, 0x7f, 0xff, 0xc0,
    0x3f, 0xfb, 0x6b, 0x5d, 0xfe, 0xd9, 0x30, 0xf,
    0xe, 0x52, 0x88, 0x0, 0x9b, 0x28, 0x3, 0xf,
    0x98, 0x7, 0xe5, 0xc0, 0xb, 0x44, 0x3, 0xfc,
    0x70, 0x8, 0x60, 0x1f, 0xfc, 0x7, 0x1e, 0x0,
    0xff, 0xe1, 0x3b, 0x80, 0x3f, 0xf8, 0x58, 0x40,
    0x1f, 0xfc, 0x26, 0x0, 0xff, 0xe2, 0x10, 0x7,
    0xff, 0x9, 0x90, 0x3, 0xff, 0x85, 0x9a, 0x1,
    0xff, 0xc2, 0x74, 0x40, 0x7, 0xff, 0x2, 0x4,
    0x28, 0x80, 0x3f, 0xc8, 0xe0, 0x1, 0xc4, 0x0,
    0xfc, 0xd6, 0x1, 0x86, 0xec, 0xa4, 0x0, 0x26,
    0xd9, 0x0, 0x80,

    /* U+0041 "A" */
    0x0, 0xff, 0xe1, 0xcf, 0xff, 0xff, 0xb, 0x40,
    0x3f, 0xfa, 0x4c, 0x1, 0xff, 0xc2, 0x24, 0x0,
    0xff, 0xe8, 0x18, 0x7, 0xff, 0x13, 0x0, 0x3f,
    0xfa, 0xa, 0x1, 0xff, 0xc4, 0x30, 0xf, 0xfe,
    0x86, 0x0, 0x7f, 0xf1, 0x14, 0x3, 0xff, 0xa0,
    0xe0, 0x1f, 0xfc, 0x41, 0x20, 0xf, 0xfe, 0x70,
    0x90, 0x7, 0xff, 0x15, 0xc0, 0x3f, 0xf9, 0xca,
    0x1, 0xff, 0xc6, 0xc0, 0xf, 0xfe, 0x76, 0x0,
    0x7f, 0xf1, 0x94, 0x3, 0xff, 0x9c, 0x60, 0x1f,
    0xfc, 0x63, 0x0, 0xff, 0xe7, 0x20, 0x7, 0xff,
    0x1c, 0xc0, 0x3f, 0xf9, 0x84, 0x1, 0xff, 0xc8,
    0x40, 0xf, 0xfe, 0x62, 0x0, 0x7f, 0xf2, 0x34,
    0x3, 0xff, 0x99, 0xe0, 0x1f, 0xfc, 0x84, 0x0,
    0xff, 0xe6, 0x20, 0x7, 0xff, 0x20, 0x44, 0x1,
    0xff, 0xcb, 0x20, 0xf, 0xfe, 0x4a, 0x80, 0x7f,
    0xf2, 0x90, 0x3, 0xff, 0x95, 0x80, 0x1f, 0xfc,
    0xa3, 0x0, 0xff, 0xe5, 0x18, 0x7, 0xff, 0x2b,
    0x0, 0x3f, 0xf9, 0x48, 0x1, 0xff, 0xca, 0x50,
    0xf, 0xfe, 0x59, 0x0, 0x7f, 0xf2, 0x8, 0x40,
    0x3f, 0xd0, 0x20, 0x1f, 0xf2, 0x0, 0x7f, 0xf2,
    0x1c, 0x3, 0xfe, 0x35, 0x0, 0xff, 0xbc, 0x3,
    0xff, 0x91, 0xa0, 0x1f, 0xf3, 0x18, 0x7, 0xfc,
    0x80, 0x1f, 0xfc, 0x84, 0x0, 0xff, 0x8b, 0x40,
    0x3f, 0xe2, 0x0, 0xff, 0xe4, 0x18, 0x7, 0xf8,
    0xc1, 0xc0, 0x3f, 0xf8, 0x8, 0x1, 0xff, 0xc6,
    0x30, 0xf, 0xf9, 0x80, 0x80, 0x3f, 0xf8, 0x6,
    0x1, 0xff, 0xc6, 0x50, 0xf, 0xfb, 0x40, 0x4,
    0x1, 0xff, 0x68, 0x7, 0xff, 0x1b, 0x0, 0x3f,
    0xe3, 0x0, 0x38, 0x7, 0xfc, 0x80, 0x1f, 0xfc,
    0x67, 0x0, 0xff, 0x98, 0x1, 0xa0, 0x1f, 0xf0,
    0x88, 0x3, 0xff, 0x88, 0x24, 0x1, 0xff, 0x10,
    0x0, 0x80, 0x3f, 0xf8, 0x8, 0x1, 0xff, 0xc4,
    0x50, 0xf, 0xf8, 0xc0, 0x27, 0x0, 0xff, 0xe0,
    0x68, 0x7, 0xff, 0x13, 0x0, 0x3f, 0xe6, 0x0,
    0x88, 0x3, 0xff, 0x80, 0x80, 0x1f, 0xfc, 0x43,
    0x0, 0xff, 0xb4, 0x3, 0x18, 0x7, 0xfc, 0x60,
    0x1f, 0xfc, 0x44, 0x0, 0xff, 0x88, 0x3, 0x30,
    0x7, 0xff, 0x0, 0xc0, 0x3f, 0xf8, 0x44, 0x1,
    0xff, 0xc0, 0x70, 0xd, 0xa0, 0x1f, 0xfc, 0x5,
    0x0, 0xff, 0xe1, 0x20, 0x7, 0xff, 0x0, 0x80,
    0x31, 0x80, 0x7f, 0xf0, 0x30, 0x3, 0xff, 0x85,
    0xe0, 0x1f, 0xf1, 0x0, 0x72, 0x80, 0x7f, 0xf0,
    0x1c, 0x3, 0xff, 0x84, 0x80, 0x1f, 0xf3, 0x80,
    0x70, 0x88, 0x3, 0xfe, 0x21, 0x0, 0xff, 0xe0,
    0x90, 0x7, 0xfd, 0xa0, 0x1e, 0x20, 0xf, 0xfe,
    0x2, 0x80, 0x7f, 0xf0, 0x10, 0x3, 0xff, 0x80,
    0x40, 0x1e, 0x50, 0xf, 0xfe, 0x1, 0x80, 0x7f,
    0xf0, 0xc, 0x3, 0xff, 0x80, 0xe0, 0x1e, 0xf0,
    0xf, 0xfe, 0x6, 0x0, 0x7f, 0xf0, 0x34, 0x3,
    0xff, 0x80, 0x40, 0x1e, 0x50, 0xf, 0xfe, 0x2,
    0x80, 0x7f, 0xf0, 0x10, 0x3, 0xfe, 0x20, 0xf,
    0x88, 0x3, 0xff, 0x80, 0x24, 0x1, 0xfe, 0x11,
    0x0, 0x7f, 0xce, 0x1, 0xf0, 0x88, 0x3, 0xff,
    0x80, 0xe0, 0x1f, 0xe4, 0x0, 0xff, 0xe0, 0x68,
    0x7, 0xe5, 0x0, 0xff, 0xe0, 0x60, 0x7, 0xfb,
    0x40, 0x3f, 0xf8, 0x4, 0x1, 0xf8, 0xc0, 0x3f,
    0xf8, 0xa, 0x1, 0xfe, 0x40, 0xf, 0xfe, 0x3,
    0x80, 0x7e, 0xe0, 0xf, 0xfe, 0x1, 0x80, 0x7f,
    0x8c, 0x3, 0xff, 0x80, 0x60, 0x1f, 0x88, 0x3,
    0xff, 0x82, 0x60, 0x1f, 0x8c, 0x3, 0xff, 0x83,
    0xdf, 0xff, 0xac, 0x3, 0xff, 0x82, 0xa0, 0x1f,
    0x94, 0x3, 0xff, 0xb1, 0x80, 0x1f, 0xb0, 0x3,
    0xff, 0xb0, 0xe0, 0x1f, 0x9c, 0x3, 0xff, 0xb0,
    0x42, 0x1, 0xe1, 0x20, 0xf, 0xfe, 0xca, 0x80,
    0x79, 0x40, 0x3f, 0xfb, 0x58, 0x1, 0xec, 0x0,
    0xff, 0xed, 0x18, 0x7, 0x8c, 0x3, 0xff, 0xb4,
    0x80, 0x1e, 0x50, 0xf, 0xfe, 0xd9, 0x0, 0x62,
    0x10, 0xf, 0xfe, 0xda, 0x0, 0x64, 0x0, 0xff,
    0xee, 0x78, 0x6, 0xf0, 0xf, 0xfe, 0xf, 0x7f,
    0xff, 0xf0, 0x34, 0x3, 0xff, 0x82, 0xa0, 0x19,
    0x0, 0x3f, 0xf8, 0x4, 0x20, 0x1f, 0xfc, 0x2,
    0x10, 0xf, 0xfe, 0x1, 0x80, 0x62, 0x0, 0xff,
    0xe0, 0x38, 0x7, 0xff, 0x8, 0x80, 0x3f, 0xf8,
    0x26, 0x0, 0x30, 0xf, 0xfe, 0xe, 0x80, 0x7f,
    0xf0, 0x94, 0x3, 0xff, 0x82, 0x80, 0x4, 0x0,
    0xff, 0xe0, 0x90, 0x7, 0xff, 0xb, 0xc0, 0x3f,
    0xf8, 0x3a, 0x0, 0xd0, 0xf, 0xfe, 0xb, 0x80,
    0x7f, 0xf0, 0x94, 0x3, 0xff, 0x82, 0x80, 0x4,
    0x0, 0xff, 0xe0, 0x90, 0x7, 0xff, 0x8, 0x80,
    0x3f, 0xf8, 0x22, 0x38, 0x3, 0xff, 0x80, 0x40,
    0x1f, 0xfc, 0x31, 0x10, 0x7, 0xff, 0x5, 0x10,
    0x1, 0xff, 0xc1, 0x70, 0xf, 0xfe, 0x22, 0x80,
    0x7f, 0xf0, 0x77, 0x40, 0x1f, 0xfc, 0x1d, 0x0,
    0xff, 0xe2, 0x10, 0x7, 0xff, 0x5, 0x3c, 0x3,
    0xff, 0x80, 0x2a, 0x1, 0xff, 0xc4, 0xd0, 0xf,
    0xfe, 0xb, 0x80,

    /* U+0042 "B" */
    0x4f, 0xff, 0xfe, 0x3f, 0x6d, 0xcb, 0x18, 0x7,
    0xff, 0xf, 0x40, 0x3f, 0xf8, 0xe2, 0x48, 0xd3,
    0x9f, 0x4a, 0x1, 0xff, 0xdb, 0x5a, 0xe7, 0x0,
    0xff, 0xed, 0x8c, 0x6a, 0x0, 0x7f, 0xf6, 0xca,
    0xe0, 0x3, 0xff, 0xb8, 0xf2, 0x1, 0xff, 0xdc,
    0x69, 0x0, 0xff, 0xee, 0x32, 0x80, 0x7f, 0xf7,
    0x2c, 0x40, 0x3f, 0xfb, 0x63, 0x20, 0x1f, 0xfd,
    0xc7, 0x10, 0xf, 0xfe, 0xe3, 0x80, 0x7f, 0xf1,
    0x1b, 0xbb, 0x6d, 0xb0, 0x7, 0xff, 0x13, 0x40,
    0x3f, 0xf8, 0x82, 0x3c, 0x49, 0x3c, 0x40, 0x1f,
    0xfc, 0x24, 0x0, 0xff, 0xe6, 0xe, 0x8, 0x7,
    0xff, 0x8, 0x80, 0x3f, 0xf9, 0x83, 0x40, 0x1f,
    0xfc, 0x27, 0x0, 0xff, 0xe6, 0xa1, 0x0, 0x7f,
    0xf0, 0x48, 0x3, 0xff, 0x9c, 0x80, 0x1f, 0xfc,
    0x1f, 0x0, 0xff, 0xe7, 0x60, 0x7, 0xff, 0x4,
    0x40, 0x3f, 0xf9, 0xc2, 0x1, 0xff, 0xdc, 0x70,
    0xf, 0xfe, 0x8, 0x80, 0x7f, 0xf3, 0x9c, 0x3,
    0xff, 0x83, 0xe0, 0x1f, 0xfc, 0xe1, 0x0, 0xff,
    0xe0, 0x90, 0x7, 0xff, 0x3b, 0x40, 0x3f, 0xf8,
    0x2c, 0x1, 0xff, 0xce, 0x40, 0xf, 0xfe, 0x9,
    0x80, 0x7f, 0xf3, 0x4c, 0xc0, 0x1f, 0xfc, 0x4,
    0x0, 0xff, 0xe7, 0x70, 0x7, 0xff, 0x7, 0x40,
    0x3f, 0xf9, 0x83, 0x84, 0x1, 0xff, 0xc1, 0x60,
    0xf, 0xfe, 0x20, 0x80, 0x61, 0x38, 0xe3, 0x0,
    0xff, 0xe0, 0xb8, 0x7, 0xff, 0x15, 0xbf, 0xf7,
    0x63, 0x80, 0x7f, 0xf0, 0x86, 0x0, 0x3f, 0xfb,
    0x7a, 0x1, 0xff, 0xdb, 0xa3, 0x0, 0xff, 0xed,
    0x52, 0x80, 0x7f, 0xf6, 0x47, 0x54, 0x3, 0xff,
    0xb4, 0x60, 0x1f, 0xfd, 0xc2, 0xc4, 0x0, 0xff,
    0xed, 0x8d, 0xa0, 0x7, 0xff, 0x72, 0xcc, 0x3,
    0xff, 0xb9, 0xa2, 0x1, 0xff, 0xc5, 0x6f, 0xfe,
    0xea, 0x30, 0xf, 0xfe, 0x8, 0xd8, 0x7, 0xff,
    0x14, 0x40, 0x38, 0x57, 0x20, 0x3, 0xff, 0x82,
    0xa6, 0x1, 0xff, 0xcd, 0x77, 0x0, 0x7f, 0xf0,
    0x60, 0x3, 0xff, 0x9d, 0x4, 0x1, 0xff, 0xc0,
    0x42, 0x0, 0xff, 0xe7, 0x58, 0x7, 0xff, 0x6,
    0x80, 0x3f, 0xf9, 0xce, 0x1, 0xff, 0xc1, 0x40,
    0xf, 0xfe, 0x70, 0x90, 0x7, 0xff, 0x0, 0xc0,
    0x3f, 0xf9, 0xee, 0x1, 0xff, 0xc1, 0x30, 0xf,
    0xfe, 0x71, 0x80, 0x7f, 0xf0, 0x58, 0x3, 0xff,
    0x9c, 0x20, 0x1f, 0xfc, 0x12, 0x0, 0xff, 0xee,
    0x78, 0x7, 0xff, 0x38, 0x40, 0x3f, 0xf8, 0x22,
    0x1, 0xff, 0xce, 0x50, 0xf, 0xfe, 0xe1, 0x80,
    0x7f, 0xf0, 0x44, 0x3, 0xff, 0x9a, 0xa0, 0x1f,
    0xfc, 0x2f, 0x0, 0xff, 0xe6, 0xc8, 0x7, 0xff,
    0x8, 0x80, 0x3f, 0xf9, 0x8c, 0x60, 0x1f, 0xfc,
    0x27, 0x0, 0xff, 0xe5, 0xb4, 0x80, 0x7f, 0xf0,
    0x84, 0x80, 0x3f, 0xf8, 0x42, 0x3e, 0x26, 0xc9,
    0x0, 0xff, 0xe1, 0xa0, 0x7, 0xff, 0xd, 0xbb,
    0xbb, 0x64, 0xc0, 0x3f, 0xf8, 0x9e, 0x1, 0xff,
    0xdb, 0x15, 0x0, 0xff, 0xed, 0xc8, 0x7, 0xff,
    0x6c, 0x5c, 0x3, 0xff, 0xb7, 0x40, 0x1f, 0xfd,
    0xb8, 0x40, 0xf, 0xfe, 0xd3, 0xb8, 0x3, 0xff,
    0xb5, 0x30, 0x1, 0xff, 0xd9, 0x2c, 0x60, 0xf,
    0xfe, 0xc0, 0xc6, 0x98, 0x7, 0xff, 0x5c, 0xe7,
    0x9c, 0x3, 0xfb, 0x40, 0x3f, 0xf9, 0x22, 0x48,
    0xf5, 0xd8, 0xc0, 0x1f, 0xf0,

    /* U+0043 "C" */
    0x0, 0xff, 0xe0, 0x8a, 0xc5, 0xef, 0x7f, 0xdd,
    0x94, 0xe8, 0x1, 0xff, 0xcd, 0x5c, 0xea, 0x74,
    0x21, 0x0, 0x84, 0xd6, 0x2f, 0xe8, 0xc0, 0x3f,
    0xf9, 0xd, 0xd4, 0x60, 0x1f, 0xfc, 0x35, 0xcc,
    0x18, 0x7, 0xff, 0x10, 0xb2, 0x44, 0x3, 0xff,
    0x8e, 0x79, 0x20, 0x1f, 0xfc, 0x24, 0xd3, 0x0,
    0xff, 0xe5, 0xb6, 0x8, 0x7, 0xfc, 0xb6, 0x1,
    0xff, 0xce, 0x3c, 0x10, 0xf, 0xe4, 0xa0, 0xf,
    0xfe, 0x81, 0x60, 0x80, 0x7c, 0x34, 0x1, 0xff,
    0xd2, 0x2a, 0x0, 0xfa, 0x84, 0x3, 0xff, 0xa6,
    0x8c, 0x1, 0xc8, 0x80, 0xf, 0xfe, 0xac, 0x0,
    0x74, 0x0, 0x7f, 0xf5, 0x85, 0xc0, 0x23, 0x30,
    0x7, 0xff, 0x5e, 0x40, 0x2b, 0x0, 0xff, 0xe1,
    0x9d, 0x6f, 0x6c, 0x8, 0x7, 0xff, 0x8, 0x4c,
    0x0, 0xa0, 0x1f, 0xfc, 0x27, 0xc5, 0x21, 0x27,
    0xe4, 0x0, 0xff, 0xe1, 0x58, 0x9, 0x0, 0x7f,
    0xf0, 0x56, 0x0, 0x3e, 0xb2, 0x0, 0xff, 0xe0,
    0xa0, 0x28, 0x7, 0xff, 0xa, 0x0, 0x3f, 0xac,
    0x3, 0xff, 0x82, 0x60, 0x40, 0x1f, 0xfc, 0x13,
    0x20, 0xf, 0xe6, 0x0, 0xff, 0xe1, 0xf, 0x0,
    0x7f, 0xf0, 0x54, 0x3, 0xfe, 0x20, 0xf, 0xfe,
    0x9, 0x0, 0x7f, 0xf0, 0x84, 0x3, 0xfe, 0x10,
    0xf, 0xfe, 0xb, 0x88, 0x7, 0xff, 0xfc, 0x3,
    0xff, 0xa8, 0xc0, 0x1f, 0xfc, 0x1, 0x50, 0xf,
    0xfe, 0x75, 0x76, 0xef, 0xfd, 0xc2, 0x1, 0xff,
    0xcf, 0x12, 0x2f, 0xf8, 0x3, 0xff, 0xfe, 0x1,
    0xff, 0xff, 0x0, 0xff, 0xff, 0x80, 0x7f, 0xff,
    0xc0, 0x3f, 0xff, 0xe0, 0x1f, 0xff, 0xf0, 0xf,
    0xff, 0xf8, 0x7, 0xff, 0xfc, 0x3, 0xff, 0xfe,
    0x1, 0xff, 0xff, 0x0, 0xff, 0xff, 0x80, 0x7f,
    0xff, 0xc0, 0x3f, 0xff, 0xe0, 0x1f, 0xff, 0xf0,
    0xc, 0x67, 0xff, 0xc0, 0x10, 0xf, 0xfe, 0x7d,
    0x66, 0x7f, 0xf0, 0x38, 0x80, 0x3f, 0xf9, 0xcc,
    0x1, 0xff, 0xc1, 0x60, 0xf, 0xfe, 0xe8, 0x80,
    0x7f, 0xf6, 0xdf, 0xc0, 0x3f, 0xf8, 0x22, 0x1,
    0xff, 0x8, 0x7, 0xff, 0x4, 0x44, 0x1, 0xff,
    0xc1, 0x20, 0xf, 0xf8, 0x80, 0x3f, 0xf8, 0x24,
    0xa0, 0x1f, 0xfc, 0x14, 0x10, 0xf, 0xe5, 0x0,
    0xff, 0xe0, 0x88, 0x18, 0x7, 0xff, 0xa, 0x0,
    0x3f, 0xa0, 0x3, 0xff, 0x82, 0xa0, 0x3, 0x0,
    0xff, 0xe0, 0xb3, 0x80, 0x7d, 0x64, 0x1, 0xff,
    0xc1, 0xc0, 0x2, 0x0, 0x7f, 0xf0, 0xa3, 0x14,
    0x84, 0x9f, 0x90, 0x3, 0xff, 0x84, 0xa0, 0xa,
    0x0, 0xff, 0xe1, 0x9d, 0x6f, 0x6c, 0x8, 0x7,
    0xff, 0x8, 0xc8, 0x0, 0x48, 0x1, 0xff, 0xd7,
    0x90, 0xd, 0x0, 0x1f, 0xfd, 0x62, 0x50, 0xc,
    0x6a, 0x1, 0xff, 0xd5, 0x90, 0xf, 0x58, 0x80,
    0x7f, 0xf4, 0xd9, 0x0, 0x3c, 0x3a, 0x1, 0xff,
    0xd2, 0x39, 0x0, 0xfc, 0x76, 0x1, 0xff, 0xd0,
    0x3c, 0x0, 0xff, 0x26, 0x8, 0x7, 0xff, 0x35,
    0x30, 0x3, 0xff, 0x80, 0x7e, 0x60, 0x1f, 0xfc,
    0xb8, 0xb0, 0xf, 0xfe, 0x10, 0xe4, 0x88, 0x7,
    0xff, 0x1d, 0x35, 0xc0, 0x3f, 0xf8, 0xad, 0xd4,
    0x60, 0x1f, 0xfc, 0x21, 0x6d, 0xb2, 0x0, 0xff,
    0xe4, 0x2e, 0x75, 0x3a, 0x10, 0x80, 0x42, 0x6b,
    0x19, 0xd2, 0x40, 0x1f, 0xf0,

    /* U+0044 "D" */
    0x4f, 0xff, 0xfe, 0x47, 0x6d, 0xca, 0x88, 0x7,
    0xff, 0x7, 0x40, 0x3f, 0xf9, 0x2, 0x48, 0xd5,
    0xd8, 0xc0, 0x1f, 0xfd, 0xa3, 0x9f, 0x70, 0xf,
    0xfe, 0xdc, 0x69, 0x80, 0x7f, 0xf6, 0x8b, 0x18,
    0x3, 0xff, 0xb7, 0x2e, 0x1, 0xff, 0xdb, 0x86,
    0x0, 0xff, 0xed, 0xc9, 0x80, 0x7f, 0xf6, 0xf8,
    0x3, 0xff, 0xb6, 0x4e, 0x1, 0xff, 0xdb, 0x90,
    0xf, 0xfe, 0xd8, 0xb0, 0x7, 0xff, 0xd, 0x7b,
    0xbb, 0x60, 0x40, 0x3f, 0xf8, 0x74, 0x1, 0xff,
    0xc3, 0x21, 0x1e, 0x27, 0xe4, 0x0, 0xff, 0xe1,
    0x18, 0x80, 0x7f, 0xf2, 0xec, 0x80, 0x3f, 0xf8,
    0x4a, 0x1, 0xff, 0xcc, 0x90, 0xf, 0xfe, 0x11,
    0x80, 0x7f, 0xf3, 0x10, 0x80, 0x3f, 0xf8, 0x3c,
    0x1, 0xff, 0xcd, 0x40, 0xf, 0xfe, 0x9, 0x0,
    0x7f, 0xf3, 0x7c, 0x3, 0xff, 0x82, 0xe0, 0x1f,
    0xfc, 0xd3, 0x0, 0xff, 0xed, 0x88, 0x7, 0xff,
    0xfc, 0x3, 0xff, 0xfe, 0x1, 0xff, 0xff, 0x0,
    0xff, 0xff, 0x80, 0x7f, 0xff, 0xc0, 0x3f, 0xff,
    0xe0, 0x1f, 0xff, 0xf0, 0xf, 0xff, 0xf8, 0x7,
    0xff, 0xfc, 0x3, 0xff, 0xfe, 0x1, 0xff, 0xff,
    0x0, 0xff, 0xff, 0x80, 0x7f, 0xff, 0xc0, 0x3f,
    0xff, 0xe0, 0x1f, 0xff, 0xf0, 0xf, 0xff, 0xf0,
    0x80, 0x7f, 0xf6, 0xc8, 0x3, 0xff, 0xb7, 0xa0,
    0x1f, 0xfc, 0x17, 0x0, 0xff, 0xe6, 0xa0, 0x7,
    0xff, 0x4, 0x80, 0x3f, 0xf9, 0x8a, 0x20, 0x1f,
    0xfc, 0x1e, 0x0, 0xff, 0xe5, 0x8d, 0x80, 0x7f,
    0xf0, 0x8c, 0x3, 0xff, 0x94, 0x3a, 0x20, 0x1f,
    0xfc, 0x25, 0x0, 0xff, 0xe1, 0x8, 0xf8, 0x9f,
    0xcc, 0x3, 0xff, 0x84, 0x62, 0x1, 0xff, 0xc2,
    0x6e, 0xee, 0xd8, 0x10, 0xf, 0xfe, 0x1d, 0x0,
    0x7f, 0xf6, 0x85, 0x80, 0x3f, 0xfb, 0x52, 0x1,
    0xff, 0xda, 0x27, 0x0, 0xff, 0xed, 0x70, 0x7,
    0xff, 0x6a, 0x4c, 0x3, 0xff, 0xb3, 0xc, 0x1,
    0xff, 0xd9, 0x97, 0x0, 0xff, 0xec, 0x16, 0x30,
    0x7, 0xff, 0x62, 0x34, 0xc0, 0x3f, 0xfa, 0xc7,
    0x3e, 0xe0, 0x1f, 0xda, 0x1, 0xff, 0xc8, 0x12,
    0x46, 0xae, 0xc6, 0x0, 0xff, 0x80,

    /* U+0045 "E" */
    0x4f, 0xff, 0xfe, 0xbe, 0x6, 0x80, 0x7f, 0xf5,
    0xcc, 0x40, 0x3f, 0xff, 0xe0, 0x1f, 0xff, 0xf0,
    0xf, 0xff, 0xf8, 0x7, 0xff, 0xfc, 0x3, 0xff,
    0xfe, 0x1, 0x10, 0x80, 0x7f, 0xf0, 0x9b, 0xbb,
    0xff, 0x91, 0xfa, 0x1, 0xff, 0xc3, 0x11, 0xff,
    0xe4, 0x80, 0x7f, 0xff, 0xc0, 0x3f, 0xff, 0xe0,
    0x1f, 0xff, 0xf0, 0xf, 0xff, 0xf8, 0x7, 0xff,
    0xfc, 0x3, 0xff, 0xfe, 0x1, 0xff, 0xff, 0x0,
    0xff, 0xe6, 0x8, 0x7, 0xff, 0x65, 0xbf, 0xff,
    0xf8, 0x1a, 0x1, 0xff, 0xd9, 0x23, 0x0, 0xff,
    0xff, 0x80, 0x7f, 0xff, 0xc0, 0x3f, 0xff, 0xe0,
    0x1f, 0xff, 0xf0, 0xf, 0xff, 0xf8, 0x4, 0x26,
    0x1, 0xff, 0xcb, 0x6e, 0xef, 0xfe, 0x8, 0x7,
    0xff, 0x30, 0x47, 0xff, 0x82, 0x1, 0xff, 0xff,
    0x0, 0xff, 0xff, 0x80, 0x7f, 0xff, 0xc0, 0x3f,
    0xff, 0xe0, 0x1f, 0xff, 0xf0, 0xf, 0xff, 0xf8,
    0x7, 0xff, 0xfc, 0x3, 0xff, 0xa8, 0x23, 0xff,
    0xc9, 0x0, 0xff, 0xe2, 0xb7, 0x77, 0xff, 0x23,
    0xf4, 0x3, 0xff, 0xb2, 0x42, 0x1, 0xff, 0xff,
    0x0, 0xff, 0xff, 0x80, 0x7f, 0xff, 0xc0, 0x3f,
    0xff, 0xe0, 0x1f, 0xfd, 0xed, 0x0, 0xff, 0xeb,
    0x98, 0x80,

    /* U+0046 "F" */
    0x4f, 0xff, 0xfe, 0xbd, 0x68, 0x7, 0xff, 0x5d,
    0x40, 0x3f, 0xff, 0xe0, 0x1f, 0xff, 0xf0, 0xf,
    0xff, 0xf8, 0x7, 0xff, 0xfc, 0x3, 0xff, 0xf2,
    0x80, 0x1f, 0xfc, 0x26, 0xee, 0xff, 0xe4, 0x7d,
    0x80, 0x7f, 0xf0, 0x84, 0x7f, 0xf9, 0x20, 0x1f,
    0xff, 0xf0, 0xf, 0xff, 0xf8, 0x7, 0xff, 0xfc,
    0x3, 0xff, 0xfe, 0x1, 0xff, 0xff, 0x0, 0xff,
    0xff, 0x80, 0x7f, 0xff, 0xc0, 0x3f, 0x84, 0x3,
    0xff, 0xb0, 0xdf, 0xff, 0xfc, 0xc, 0x0, 0xff,
    0xec, 0x18, 0x80, 0x7f, 0xff, 0xc0, 0x3f, 0xff,
    0xe0, 0x1f, 0xff, 0xf0, 0xf, 0xff, 0xf8, 0x7,
    0xff, 0xe0, 0x84, 0x3, 0xff, 0x94, 0xdd, 0xdf,
    0xf7, 0xe8, 0x7, 0xff, 0x2c, 0x47, 0xff, 0x80,
    0x1, 0xff, 0xff, 0x0, 0xff, 0xff, 0x80, 0x7f,
    0xff, 0xc0, 0x3f, 0xff, 0xe0, 0x1f, 0xff, 0xf0,
    0xf, 0xff, 0xf8, 0x7, 0xff, 0xfc, 0x3, 0xff,
    0xfe, 0x1, 0xff, 0xff, 0x0, 0xff, 0xff, 0x80,
    0x7f, 0xff, 0xc0, 0x3f, 0xff, 0xe0, 0x1f, 0xfe,
    0x6f, 0x0, 0xff, 0xe5, 0x68, 0x7, 0xff, 0x5,
    0x0, 0x3f, 0xf9, 0x40,

    /* U+0047 "G" */
    0x0, 0xff, 0xe0, 0x8a, 0xcd, 0xef, 0x7f, 0xdd,
    0x94, 0xe6, 0x1, 0xff, 0xcd, 0x6c, 0xea, 0x64,
    0x21, 0x0, 0x84, 0xd6, 0x33, 0xa4, 0xc0, 0x3f,
    0xf9, 0xf, 0xd2, 0x60, 0x1f, 0xfc, 0x21, 0x6c,
    0xb3, 0x0, 0xff, 0xe2, 0x1e, 0xc0, 0x80, 0x7f,
    0xf1, 0xd3, 0x20, 0x3, 0xff, 0x84, 0xd8, 0x40,
    0x1f, 0xfc, 0xb7, 0xc1, 0x0, 0xff, 0x9e, 0x40,
    0x3f, 0xf9, 0xc7, 0x82, 0x1, 0xfc, 0xd0, 0x1,
    0xff, 0xd0, 0x2c, 0x0, 0xfc, 0x72, 0x1, 0xff,
    0xd2, 0x2a, 0x0, 0xfb, 0x80, 0x3f, 0xfa, 0x8a,
    0xa0, 0xe, 0x62, 0x0, 0xff, 0xea, 0xd8, 0x7,
    0x40, 0x7, 0xff, 0x58, 0x5c, 0x2, 0x51, 0x0,
    0xff, 0xeb, 0xc8, 0x5, 0xe0, 0x1f, 0xfc, 0x33,
    0xad, 0xec, 0x81, 0x0, 0xff, 0xe1, 0x9, 0x80,
    0x10, 0x3, 0xff, 0x84, 0xf8, 0xa4, 0x26, 0xfe,
    0x40, 0x1f, 0xfc, 0x2b, 0x2, 0x10, 0xf, 0xfe,
    0xa, 0x40, 0x7, 0x87, 0xc0, 0x3f, 0xf8, 0x48,
    0xe, 0x1, 0xff, 0xc2, 0x90, 0xf, 0xc4, 0xe0,
    0x1f, 0xfc, 0x13, 0x2, 0x0, 0xff, 0xe0, 0x99,
    0x0, 0x7f, 0x50, 0x7, 0xff, 0x8, 0x7c, 0x3,
    0xff, 0x82, 0xa0, 0x1f, 0xe2, 0x10, 0xf, 0xfe,
    0x9, 0x8, 0x7, 0xff, 0x4, 0x40, 0x3f, 0xe3,
    0x0, 0xff, 0xe0, 0xb8, 0x7, 0xff, 0x38, 0x40,
    0x3f, 0xff, 0xe0, 0x1f, 0xff, 0xf0, 0xf, 0xfe,
    0xb, 0x80, 0x7f, 0xf0, 0x5c, 0x3, 0xff, 0x9d,
    0x2e, 0xcd, 0xff, 0x49, 0x80, 0x7f, 0xf3, 0x8a,
    0x26, 0x7f, 0xe6, 0x0, 0xff, 0xff, 0x80, 0x7f,
    0xff, 0xc0, 0x3f, 0xff, 0xe0, 0x1f, 0xff, 0xf0,
    0xf, 0xff, 0x2c, 0xff, 0xff, 0xf1, 0xb4, 0x40,
    0x3f, 0xf9, 0xe, 0x1, 0xff, 0xc6, 0x25, 0x0,
    0xff, 0xff, 0x80, 0x7f, 0xff, 0xc0, 0x3f, 0xff,
    0xe0, 0x1f, 0xff, 0xf0, 0xf, 0xff, 0x23, 0x80,
    0x7f, 0xf7, 0x27, 0xff, 0x88, 0x3, 0xff, 0xb8,
    0x20, 0x1f, 0xff, 0xf0, 0xf, 0xff, 0xf8, 0x7,
    0xff, 0xfc, 0x3, 0xff, 0xfe, 0x2, 0x1, 0xff,
    0xc1, 0x10, 0xf, 0xf8, 0x80, 0x3f, 0xf8, 0x2f,
    0xe0, 0x1f, 0xfc, 0x15, 0x0, 0xff, 0x8, 0x80,
    0x3f, 0xf8, 0x44, 0x1, 0xff, 0xc1, 0x32, 0x0,
    0xfe, 0x70, 0xf, 0xfe, 0x11, 0x38, 0x7, 0xff,
    0xa, 0x40, 0x3f, 0xc, 0x0, 0x7f, 0xf0, 0x44,
    0x44, 0x20, 0x1f, 0xfc, 0x14, 0x80, 0xf, 0xe,
    0x88, 0x7, 0xff, 0x5, 0x40, 0x8, 0x1, 0xff,
    0xc2, 0x7c, 0x52, 0x12, 0x7f, 0x30, 0xf, 0xfe,
    0x16, 0x0, 0x3c, 0x3, 0xff, 0x86, 0x75, 0xbd,
    0xb0, 0x20, 0x1f, 0xfc, 0x36, 0x0, 0x28, 0x80,
    0x7f, 0xf5, 0xd0, 0x40, 0x28, 0x0, 0xff, 0xeb,
    0xc0, 0x6, 0x62, 0x0, 0xff, 0xea, 0xa9, 0x80,
    0x77, 0x0, 0x7f, 0xf5, 0x6, 0xc0, 0x3c, 0x72,
    0x1, 0xff, 0xd3, 0xd1, 0x0, 0xf9, 0xa0, 0x3,
    0xff, 0xa3, 0x66, 0x1, 0xfc, 0xf2, 0x1, 0xff,
    0xce, 0x1c, 0x40, 0xf, 0xf9, 0xb0, 0x80, 0x3f,
    0xf9, 0x69, 0xe6, 0x1, 0xff, 0xc1, 0x3d, 0x80,
    0xf, 0xfe, 0x41, 0x55, 0x88, 0x7, 0xff, 0x11,
    0xfe, 0x4c, 0x3, 0xff, 0x86, 0x97, 0xaa, 0x1,
    0xff, 0xc8, 0x6c, 0xea, 0x64, 0x21, 0x0, 0x84,
    0xd5, 0xef, 0xed, 0x0, 0x3f, 0xe0,

    /* U+0048 "H" */
    0x4f, 0xff, 0xfe, 0x7, 0x18, 0x7, 0xf8, 0xfb,
    0xff, 0xff, 0x80, 0x9a, 0x1, 0xff, 0xc0, 0x14,
    0x0, 0xff, 0x20, 0x80, 0x7f, 0xf0, 0x34, 0x3,
    0xff, 0x85, 0xe0, 0x1f, 0xef, 0x0, 0xff, 0xff,
    0x80, 0x7f, 0xff, 0xc0, 0x3f, 0xff, 0xe0, 0x1f,
    0xff, 0xf0, 0xf, 0xff, 0xf8, 0x7, 0xff, 0xfc,
    0x3, 0xff, 0xfe, 0x1, 0xff, 0xff, 0x0, 0xff,
    0xff, 0x80, 0x7f, 0xff, 0xc0, 0x3f, 0xff, 0xe0,
    0x1f, 0xff, 0xf0, 0xf, 0xff, 0xf8, 0x7, 0xff,
    0xa4, 0x40, 0x3f, 0xc2, 0x1, 0xff, 0xd0, 0x6f,
    0xff, 0xf3, 0x0, 0x7f, 0xff, 0xc0, 0x3f, 0xff,
    0xe0, 0x1f, 0xff, 0xf0, 0xf, 0xff, 0xf8, 0x7,
    0xff, 0xfc, 0x3, 0xff, 0xfe, 0x1, 0xff, 0xc6,
    0x6e, 0xef, 0xf3, 0x0, 0x7f, 0xf4, 0x4, 0x7f,
    0xf8, 0x0, 0x1f, 0xff, 0xf0, 0xf, 0xff, 0xf8,
    0x7, 0xff, 0xfc, 0x3, 0xff, 0xfe, 0x1, 0xff,
    0xff, 0x0, 0xff, 0xff, 0x80, 0x7f, 0xff, 0xc0,
    0x3f, 0xff, 0xe0, 0x1f, 0xff, 0xf0, 0xf, 0xff,
    0xf8, 0x7, 0xff, 0xfc, 0x3, 0xff, 0xfe, 0x1,
    0xff, 0xff, 0x0, 0xff, 0xf4, 0xf8, 0x7, 0xfb,
    0xc0, 0x3f, 0xf8, 0x5a, 0x1, 0xff, 0xc1, 0x40,
    0xf, 0xf2, 0x0, 0x7f, 0xf0, 0x74,

    /* U+0049 "I" */
    0x4f, 0xff, 0xfe, 0x7, 0x1e, 0x80, 0x7f, 0xf0,
    0x5, 0x0, 0x3f, 0xf8, 0x5e, 0x1, 0xff, 0xff,
    0x0, 0xff, 0xff, 0x80, 0x7f, 0xff, 0xc0, 0x3f,
    0xff, 0xe0, 0x1f, 0xff, 0xf0, 0xf, 0xff, 0xf8,
    0x7, 0xff, 0xfc, 0x3, 0xff, 0xfe, 0x1, 0xff,
    0xff, 0x0, 0xff, 0xff, 0x80, 0x7f, 0xff, 0xc0,
    0x3f, 0xff, 0xe0, 0x1f, 0xff, 0xf0, 0xf, 0xfe,
    0x17, 0xe8, 0x7, 0xff, 0x5, 0x0,

    /* U+004A "J" */
    0x0, 0xff, 0xe7, 0x6f, 0xff, 0xff, 0x1, 0xc0,
    0x3f, 0xf9, 0xa8, 0x40, 0x1f, 0xfc, 0xb, 0x0,
    0xff, 0xff, 0x80, 0x7f, 0xff, 0xc0, 0x3f, 0xff,
    0xe0, 0x1f, 0xff, 0xf0, 0xf, 0xff, 0xf8, 0x7,
    0xff, 0xfc, 0x3, 0xff, 0xfe, 0x1, 0xff, 0xff,
    0x0, 0xff, 0xff, 0x80, 0x7f, 0xff, 0xc0, 0x3f,
    0xff, 0xe0, 0x1f, 0xff, 0xf0, 0xf, 0xff, 0xf8,
    0x7, 0xff, 0xfc, 0x3, 0xff, 0xfe, 0x1, 0xff,
    0xff, 0x0, 0xff, 0xff, 0x80, 0x7f, 0xff, 0xc0,
    0x3f, 0xff, 0xe0, 0x1f, 0xff, 0xf0, 0xf, 0xff,
    0xf8, 0x7, 0xff, 0xfc, 0x3, 0xff, 0xa4, 0x7d,
    0xdf, 0xfc, 0xd, 0x30, 0xf, 0xfe, 0x6d, 0x8,
    0xff, 0xf0, 0x9, 0x0, 0x3f, 0xfb, 0x7e, 0x1,
    0xff, 0xff, 0x0, 0xff, 0xff, 0x80, 0x7f, 0xff,
    0xc0, 0x3f, 0xfb, 0x82, 0x1, 0xff, 0xc1, 0x10,
    0xf, 0xf0, 0x80, 0x7f, 0xf0, 0x5f, 0xc0, 0x3f,
    0xf8, 0x2a, 0x1, 0xfe, 0xd0, 0xf, 0xfe, 0x8,
    0x90, 0x7, 0xff, 0x4, 0xc4, 0x3, 0xf9, 0x40,
    0x3f, 0xf8, 0x24, 0xc0, 0x1f, 0xfc, 0x28, 0x0,
    0xfc, 0xc4, 0x1, 0xff, 0xc1, 0xe3, 0x0, 0xff,
    0xe1, 0x33, 0x0, 0x3c, 0x92, 0x1, 0xff, 0xc2,
    0x40, 0x40, 0xf, 0xfe, 0x14, 0xd2, 0x8, 0x92,
    0x6c, 0x3, 0xff, 0x84, 0x24, 0x1a, 0x1, 0xff,
    0xc3, 0x5b, 0xee, 0x5b, 0x0, 0x7f, 0xf0, 0xd8,
    0x0, 0xc2, 0x1, 0xff, 0xd7, 0xa0, 0x9, 0x80,
    0x3f, 0xfa, 0xca, 0x40, 0x14, 0x8, 0x7, 0xff,
    0x56, 0xc0, 0x3a, 0x80, 0x3f, 0xfa, 0x92, 0x20,
    0x1c, 0x90, 0x1, 0xff, 0xd2, 0x66, 0x0, 0x7c,
    0xee, 0x0, 0xff, 0xe8, 0x2c, 0x80, 0x7f, 0x44,
    0x0, 0x3f, 0xf9, 0xcd, 0x40, 0x1f, 0xf3, 0xd8,
    0x80, 0x7f, 0xf2, 0x86, 0xa4, 0x3, 0xff, 0x82,
    0x9e, 0xe0, 0x1f, 0xfc, 0x86, 0xf5, 0x0, 0xff,
    0xe1, 0x8c, 0x74, 0x10, 0x7, 0xff, 0x8, 0x5f,
    0xa4, 0x40, 0x3f, 0xf8, 0xc2, 0xfb, 0xa9, 0x63,
    0x10, 0xc, 0x26, 0xd3, 0xbd, 0x2, 0x1, 0xfe,

    /* U+004B "K" */
    0x4f, 0xff, 0xfe, 0x7, 0x18, 0x7, 0xff, 0x6,
    0x7f, 0xff, 0xf8, 0x34, 0x1a, 0x1, 0xff, 0xc0,
    0x14, 0x0, 0xff, 0xe0, 0x23, 0x0, 0x7f, 0xf4,
    0x7c, 0x3, 0xff, 0x81, 0x0, 0x1f, 0xfc, 0x28,
    0x0, 0xff, 0xe7, 0xa1, 0x80, 0x7f, 0xf0, 0x54,
    0x80, 0x3f, 0xf9, 0xf0, 0x1, 0xff, 0xc2, 0x80,
    0xf, 0xfe, 0x7a, 0x18, 0x7, 0xff, 0x5, 0x88,
    0x3, 0xff, 0x9f, 0x0, 0x1f, 0xfc, 0x28, 0x0,
    0xff, 0xe7, 0xa1, 0x80, 0x7f, 0xf0, 0x58, 0x40,
    0x3f, 0xf9, 0xf0, 0x1, 0xff, 0xc2, 0x80, 0xf,
    0xfe, 0x7a, 0x98, 0x7, 0xff, 0x5, 0x84, 0x3,
    0xff, 0x9f, 0x20, 0x1f, 0xfc, 0x28, 0x0, 0xff,
    0xe7, 0xa9, 0x80, 0x7f, 0xf0, 0x5c, 0x40, 0x3f,
    0xf9, 0xf2, 0x1, 0xff, 0xc2, 0x90, 0xf, 0xfe,
    0x7a, 0x98, 0x7, 0xff, 0x5, 0xc4, 0x3, 0xff,
    0x9f, 0x0, 0x1f, 0xfc, 0x29, 0x0, 0xff, 0xe7,
    0xa9, 0x0, 0x7f, 0xf0, 0x60, 0x40, 0x3f, 0xf9,
    0xf0, 0x1, 0xff, 0xc1, 0x17, 0x0, 0xff, 0xe7,
    0xa9, 0x0, 0x7f, 0xf0, 0x64, 0x3, 0xff, 0xa1,
    0x0, 0x1f, 0xfc, 0x11, 0x70, 0xf, 0xfe, 0x7a,
    0x90, 0x7, 0xff, 0x6, 0x40, 0x3f, 0xfa, 0x10,
    0x1, 0xff, 0xc1, 0x17, 0x0, 0xff, 0xe7, 0xa9,
    0x0, 0x7f, 0xf0, 0x60, 0x3, 0xff, 0xa1, 0x0,
    0x1f, 0xfc, 0x11, 0x60, 0xf, 0xfe, 0x7a, 0x90,
    0x7, 0xff, 0x6, 0x0, 0x3f, 0xfa, 0x10, 0x1,
    0xff, 0xc1, 0x26, 0x0, 0xff, 0xe7, 0xa9, 0x0,
    0x7f, 0xf0, 0x6c, 0x3, 0xff, 0xa1, 0x0, 0x1f,
    0xfc, 0x12, 0x60, 0xf, 0xfe, 0x7b, 0x90, 0x7,
    0xff, 0x6, 0x0, 0x3f, 0xfb, 0xc4, 0xa0, 0x1f,
    0xfd, 0xe8, 0x0, 0xff, 0xef, 0xa, 0x80, 0x7f,
    0xf7, 0x84, 0x40, 0x1f, 0xfd, 0xf6, 0x0, 0xff,
    0xef, 0xd0, 0x7, 0xff, 0x7c, 0x90, 0x3, 0xff,
    0xbf, 0xe0, 0x1f, 0xfd, 0xf4, 0x10, 0xf, 0xfe,
    0xfc, 0x80, 0x7f, 0xf7, 0xd8, 0x3, 0xff, 0xbe,
    0x2a, 0x1, 0xff, 0xdf, 0x90, 0xf, 0xfe, 0xf9,
    0x98, 0x3, 0xff, 0xbf, 0x40, 0x1f, 0xfd, 0xb,
    0x70, 0xf, 0xfe, 0xb, 0x8, 0x7, 0xff, 0x38,
    0xd2, 0x40, 0x3f, 0xf8, 0x4c, 0x1, 0xff, 0xce,
    0xf0, 0x14, 0x0, 0xff, 0xe0, 0xd0, 0x7, 0xff,
    0x35, 0x4c, 0x1, 0xe0, 0x1f, 0xfc, 0x12, 0x40,
    0xf, 0xfe, 0x65, 0x80, 0x48, 0x20, 0x1f, 0xfc,
    0x1f, 0x0, 0xff, 0xe5, 0xb0, 0x80, 0x66, 0x0,
    0xff, 0xe0, 0xa1, 0x0, 0x7f, 0xf2, 0x84, 0x3,
    0xa4, 0x3, 0xff, 0x85, 0x40, 0x1f, 0xfd, 0x1,
    0x40, 0xf, 0xfe, 0xb, 0x0, 0x7f, 0xf4, 0x78,
    0x3, 0xff, 0x82, 0x2a, 0x1, 0xff, 0xd0, 0x51,
    0x0, 0xff, 0xe0, 0xc8, 0x7, 0xff, 0x45, 0x80,
    0x3f, 0xf8, 0x26, 0x60, 0xf, 0xfe, 0x85, 0x0,
    0x7f, 0xf0, 0xa8, 0x3, 0xff, 0xa0, 0x48, 0x1,
    0xff, 0xc1, 0x61, 0x0, 0xff, 0xe8, 0x70, 0x7,
    0xff, 0x9, 0x80, 0x3f, 0xfa, 0xa, 0x20, 0x1f,
    0xfc, 0x1a, 0x0, 0xff, 0xe8, 0xb0, 0x7, 0xff,
    0x4, 0x90, 0x3, 0xff, 0xa1, 0x40, 0x1f, 0xfc,
    0x2f, 0x0, 0xff, 0xe8, 0x12, 0x0, 0x7f, 0xf0,
    0x50, 0x80, 0x3f, 0xfa, 0x1c, 0x1, 0xff, 0xc2,
    0xa0, 0xf, 0xfe, 0x82, 0x88, 0x7, 0xff, 0x5,
    0x80, 0x3f, 0xfa, 0x2c, 0x1, 0xff, 0xc1, 0x15,
    0x0, 0xff, 0xe8, 0x50, 0x7, 0xff, 0xa, 0x40,
    0x3f, 0xfa, 0x4, 0x80, 0x1f, 0xfc, 0x13, 0x30,
    0x7, 0xff, 0x43, 0x80, 0x3f, 0xf8, 0x54, 0x1,
    0xff, 0xd0, 0x51, 0x0, 0xff, 0xe0, 0xb0, 0x80,
    0x7f, 0xf0, 0xbc, 0x3, 0xff, 0x82, 0xc0, 0x1f,
    0xfc, 0x27, 0xd0, 0xf, 0xfe, 0xa, 0x0, 0x7f,
    0xf0, 0x64, 0x80, 0x3f, 0xf8, 0x40,

    /* U+004C "L" */
    0x4f, 0xff, 0xfe, 0x7, 0x18, 0x7, 0xff, 0x2f,
    0x40, 0x3f, 0xf8, 0x2, 0x80, 0x1f, 0xfd, 0x9f,
    0x0, 0xff, 0xff, 0x80, 0x7f, 0xff, 0xc0, 0x3f,
    0xff, 0xe0, 0x1f, 0xff, 0xf0, 0xf, 0xff, 0xf8,
    0x7, 0xff, 0xfc, 0x3, 0xff, 0xfe, 0x1, 0xff,
    0xff, 0x0, 0xff, 0xff, 0x80, 0x7f, 0xff, 0xc0,
    0x3f, 0xff, 0xe0, 0x1f, 0xff, 0xf0, 0xf, 0xff,
    0xf8, 0x7, 0xff, 0xfc, 0x3, 0xff, 0xfe, 0x1,
    0xff, 0xff, 0x0, 0xff, 0xff, 0x80, 0x7f, 0xff,
    0xc0, 0x3f, 0xff, 0xe0, 0x1f, 0xff, 0xf0, 0xf,
    0xff, 0xf8, 0x7, 0xff, 0xfc, 0x3, 0xff, 0xfe,
    0x1, 0xff, 0xff, 0x0, 0xff, 0xff, 0x80, 0x7f,
    0xff, 0xc0, 0x3f, 0xff, 0xe0, 0x1f, 0xff, 0x41,
    0x1f, 0xfe, 0x50, 0x7, 0xff, 0x11, 0xbb, 0xbf,
    0xf9, 0x3a, 0x1, 0xff, 0xd9, 0x23, 0x0, 0xff,
    0xff, 0x80, 0x7f, 0xff, 0xc0, 0x3f, 0xff, 0xe0,
    0x1f, 0xff, 0xf0, 0xf, 0xfe, 0xf6, 0x80, 0x7f,
    0xf5, 0xc8, 0xc0,

    /* U+004D "M" */
    0x8f, 0xff, 0xfe, 0x6, 0x8, 0x7, 0xff, 0x15,
    0x3b, 0xff, 0xff, 0x80, 0xcc, 0x0, 0xff, 0xe0,
    0x1d, 0x80, 0x7f, 0xf1, 0x68, 0x40, 0x3f, 0xf8,
    0x1a, 0x1, 0xff, 0xc2, 0x53, 0x0, 0xff, 0xe1,
    0xb8, 0x80, 0x7f, 0xf4, 0x7c, 0x3, 0xff, 0x84,
    0x30, 0x1, 0xff, 0xd2, 0x35, 0x0, 0xff, 0xe0,
    0xc0, 0x7, 0xff, 0x52, 0x0, 0x3f, 0xf8, 0x4,
    0xc0, 0x1f, 0xfd, 0x42, 0x70, 0xf, 0xfa, 0x0,
    0x3f, 0xfa, 0xd2, 0x20, 0x1f, 0xc4, 0xa0, 0x1f,
    0xfd, 0x61, 0x90, 0xf, 0xe9, 0x0, 0xff, 0xec,
    0x39, 0x0, 0x7c, 0x68, 0x1, 0xff, 0xd9, 0x80,
    0xf, 0xbc, 0x3, 0xff, 0xb4, 0xa6, 0x1, 0xca,
    0x60, 0x1f, 0xfd, 0xbf, 0x0, 0xe8, 0x0, 0xff,
    0xee, 0x1a, 0x80, 0x4c, 0x40, 0x1f, 0xfd, 0xd8,
    0x0, 0xa0, 0x3, 0xff, 0xbc, 0x4c, 0xe, 0x20,
    0x1f, 0xfd, 0xf8, 0x29, 0x0, 0xff, 0xf0, 0xe,
    0x88, 0x7, 0xff, 0xfc, 0x3, 0xff, 0xfe, 0x1,
    0xff, 0xff, 0x0, 0xff, 0xf1, 0x10, 0x7, 0xff,
    0x14, 0x80, 0x3f, 0xfa, 0x1c, 0x40, 0x1f, 0xfc,
    0x34, 0xb0, 0xf, 0xfe, 0x8c, 0x0, 0x7f, 0xf0,
    0xe4, 0x3, 0xff, 0xa4, 0xa6, 0x1, 0xff, 0xc1,
    0x72, 0x0, 0xff, 0xe9, 0xf8, 0x7, 0xff, 0x0,
    0x64, 0x3, 0xff, 0xa8, 0x6a, 0x1, 0xff, 0x40,
    0x80, 0x7f, 0xf5, 0x6c, 0x3, 0xfc, 0x4c, 0x1,
    0xff, 0xd6, 0x18, 0x0, 0xfe, 0x90, 0xf, 0xfe,
    0xc3, 0x88, 0x7, 0xc8, 0x80, 0xf, 0xfe, 0xcd,
    0x80, 0x7d, 0x20, 0x1f, 0xfd, 0xa5, 0x30, 0xe,
    0x62, 0x0, 0xff, 0xed, 0xf8, 0x7, 0x40, 0x7,
    0xff, 0x70, 0xd4, 0x2, 0x81, 0x0, 0xff, 0xee,
    0xc0, 0x0, 0x9c, 0x3, 0xff, 0xbc, 0x4e, 0x10,
    0x1, 0xff, 0xe0, 0x8a, 0x50, 0xf, 0xff, 0xa,
    0x80, 0x7f, 0xff, 0xc0, 0x3f, 0xff, 0xe0, 0x1f,
    0xff, 0xf0, 0xf, 0xff, 0xf8, 0x7, 0xff, 0xfc,
    0x3, 0xff, 0xfe, 0x1, 0xff, 0xff, 0x0, 0xff,
    0xff, 0x80, 0x7f, 0xff, 0xc0, 0x3f, 0xff, 0xe0,
    0x1f, 0xff, 0xf0, 0xf, 0xff, 0xf8, 0x7, 0xff,
    0xfc, 0x3, 0xff, 0xfe, 0x1, 0xff, 0xff, 0x0,
    0xff, 0xff, 0x80, 0x7f, 0xff, 0xc0, 0x3f, 0xff,
    0xe0, 0x1f, 0xfd, 0x87, 0x0, 0xff, 0xe0, 0x11,
    0x80, 0x7f, 0xf1, 0x50, 0x40, 0x3f, 0xf8, 0x1a,

    /* U+004E "N" */
    0x4f, 0xff, 0xfe, 0x14, 0x80, 0x7f, 0xf0, 0x67,
    0xff, 0xff, 0x81, 0x5a, 0x1, 0xff, 0xc2, 0x62,
    0x0, 0xff, 0xe0, 0x30, 0x7, 0xff, 0x1, 0x40,
    0x3f, 0xf8, 0x8a, 0x1, 0xff, 0xde, 0xb0, 0xf,
    0xfe, 0xf1, 0x90, 0x7, 0xff, 0x79, 0x40, 0x3f,
    0xfb, 0xd6, 0x1, 0xff, 0xde, 0x31, 0x0, 0xff,
    0xef, 0x38, 0x7, 0xff, 0x7b, 0x40, 0x3f, 0xfb,
    0xc8, 0x20, 0x1f, 0xfd, 0xe7, 0x0, 0xff, 0xef,
    0x68, 0x7, 0xff, 0x79, 0x0, 0x3f, 0xfb, 0xea,
    0x1, 0xff, 0xde, 0xf0, 0xf, 0xfe, 0xf2, 0x80,
    0x7f, 0xf7, 0xd4, 0x3, 0xff, 0xbd, 0xe0, 0x1f,
    0xfd, 0xe4, 0x0, 0xff, 0xef, 0xa, 0x0, 0x7f,
    0xf7, 0xb4, 0x3, 0xff, 0xbc, 0xe0, 0x1f, 0xfd,
    0xe1, 0x30, 0xf, 0xfe, 0xf5, 0x0, 0x7f, 0xf7,
    0x9c, 0x3, 0xff, 0xbc, 0x26, 0x1, 0xff, 0xde,
    0xb0, 0xf, 0xfe, 0xf2, 0x80, 0x61, 0x0, 0xff,
    0xec, 0x91, 0x0, 0x3f, 0xfa, 0x6e, 0x1, 0xfe,
    0xa0, 0xf, 0xfe, 0x9e, 0x18, 0x7, 0xf2, 0x80,
    0x7f, 0xf5, 0x28, 0x3, 0xf8, 0x88, 0x1, 0xff,
    0xd3, 0x70, 0xf, 0xf2, 0x80, 0x7f, 0xf4, 0xc4,
    0xc0, 0x3f, 0xac, 0x3, 0xff, 0xa9, 0x60, 0x1f,
    0xc6, 0x20, 0x1f, 0xfd, 0x11, 0x5, 0x0, 0xff,
    0x38, 0x7, 0xff, 0x4c, 0x88, 0x1, 0xfd, 0x40,
    0x1f, 0xfd, 0x45, 0x0, 0xfe, 0x31, 0x0, 0xff,
    0xe9, 0xd0, 0x7, 0xf9, 0xc0, 0x3f, 0xfa, 0x64,
    0x40, 0xf, 0xe9, 0x10, 0xf, 0xfe, 0x9a, 0x80,
    0x7f, 0xf7, 0xac, 0x3, 0xff, 0xbc, 0x62, 0x1,
    0xff, 0xde, 0x70, 0xf, 0xfe, 0xf6, 0x80, 0x7f,
    0xf7, 0x90, 0x40, 0x3f, 0xfb, 0xce, 0x1, 0xff,
    0xde, 0xd0, 0xf, 0xfe, 0xf2, 0x0, 0x7f, 0xf7,
    0xd4, 0x3, 0xff, 0xbd, 0xe0, 0x1f, 0xfd, 0xe5,
    0x0, 0xff, 0xef, 0xa8, 0x7, 0xff, 0x7b, 0xc0,
    0x3f, 0xfb, 0xc8, 0x1, 0xff, 0xde, 0x14, 0x0,
    0xff, 0xef, 0x68, 0x7, 0xff, 0x54, 0xc0, 0x3f,
    0x38, 0x7, 0xff, 0x78, 0x4c, 0x3, 0xff, 0xbd,
    0x60, 0x1f, 0xfd, 0xe6, 0x0, 0xff, 0xef, 0x9,
    0x80, 0x7f, 0xf7, 0xac, 0x3, 0xff, 0xbc, 0xa0,
    0x1f, 0xfd, 0xe2, 0x20, 0x7, 0xff, 0x79, 0x40,
    0x3f, 0xfb, 0xd6, 0x1, 0xff, 0xde, 0x32, 0x0,
    0xff, 0xe1, 0xe8, 0x7, 0xff, 0x0, 0x50, 0x3,
    0xff, 0x81, 0x0, 0x1f, 0xfc, 0x25,

    /* U+004F "O" */
    0x0, 0xff, 0xe1, 0x24, 0x5e, 0x77, 0xfd, 0xdb,
    0x70, 0xa2, 0x1, 0xff, 0xcc, 0x4b, 0xfb, 0x74,
    0x31, 0x0, 0x84, 0x91, 0xeb, 0xb1, 0x80, 0x3f,
    0xf9, 0x9, 0xb6, 0x80, 0x1f, 0xfc, 0x33, 0x9e,
    0x60, 0xf, 0xfe, 0x20, 0xd5, 0x90, 0x7, 0xff,
    0x1c, 0x67, 0x8, 0x3, 0xff, 0x82, 0x5e, 0xa0,
    0x1f, 0xfc, 0xb3, 0xd5, 0x0, 0xff, 0x8f, 0x4,
    0x3, 0xff, 0x9d, 0x4c, 0x1, 0xfc, 0x5a, 0x20,
    0x1f, 0xfd, 0x9, 0x50, 0xf, 0xde, 0x20, 0x1f,
    0xfd, 0x2a, 0x20, 0xf, 0x41, 0x0, 0x7f, 0xf5,
    0x3c, 0x3, 0x89, 0xc0, 0x3f, 0xfa, 0xa4, 0xc0,
    0x1a, 0x0, 0x3f, 0xfa, 0xf0, 0x1, 0xa, 0x80,
    0x7f, 0xf5, 0xc5, 0x80, 0xc, 0x1, 0xff, 0xc3,
    0x29, 0xde, 0xda, 0x30, 0xf, 0xfe, 0x1d, 0x0,
    0x2c, 0x3, 0xff, 0x84, 0xba, 0xc4, 0x24, 0xb9,
    0x0, 0x1f, 0xfc, 0x23, 0x10, 0x30, 0xf, 0xfe,
    0x9, 0xd0, 0x7, 0xce, 0xc0, 0x1f, 0xfc, 0x25,
    0x30, 0xf, 0xfe, 0x14, 0x0, 0x7f, 0x48, 0x7,
    0xff, 0xb, 0x18, 0x3, 0xff, 0x82, 0x28, 0x1,
    0xfe, 0x60, 0xf, 0xfe, 0x9, 0x10, 0x3, 0xff,
    0x82, 0x80, 0x1f, 0xf6, 0x0, 0x7f, 0xf0, 0x5b,
    0xc0, 0x3f, 0xf8, 0x24, 0x1, 0xff, 0x8, 0x7,
    0xff, 0x4, 0x44, 0x1, 0xff, 0xcd, 0x70, 0xf,
    0xfe, 0x9, 0x80, 0x7f, 0xff, 0xc0, 0x3f, 0xff,
    0xe0, 0x1f, 0xff, 0xf0, 0xf, 0xff, 0xf8, 0x7,
    0xff, 0xfc, 0x3, 0xff, 0xfe, 0x1, 0xff, 0xff,
    0x0, 0xff, 0xff, 0x80, 0x7f, 0xff, 0xc0, 0x3f,
    0xff, 0xe0, 0x1f, 0xff, 0xf0, 0xf, 0xff, 0xf8,
    0x7, 0xff, 0xfc, 0x3, 0xff, 0xfe, 0x1, 0xff,
    0xff, 0x0, 0xff, 0xff, 0x80, 0x7f, 0xff, 0xc0,
    0x3f, 0xff, 0xe0, 0x10, 0x80, 0x7f, 0xf3, 0x5c,
    0x3, 0xff, 0x82, 0x7e, 0x1, 0xff, 0xc1, 0x20,
    0xf, 0xf8, 0x40, 0x3f, 0xf8, 0x22, 0x40, 0x1f,
    0xfc, 0x14, 0x0, 0xff, 0xb0, 0x3, 0xff, 0x82,
    0xcc, 0x0, 0xff, 0xe0, 0x8a, 0x0, 0x7f, 0x98,
    0x3, 0xff, 0x82, 0x46, 0x1, 0xff, 0xc2, 0x80,
    0xf, 0xe9, 0x0, 0xff, 0xe1, 0x68, 0x18, 0x7,
    0xff, 0x4, 0xe8, 0x3, 0xe7, 0x60, 0xf, 0xfe,
    0x12, 0x5, 0x80, 0x7f, 0xf0, 0x97, 0x58, 0x84,
    0x97, 0x20, 0x3, 0xff, 0x84, 0x62, 0xc, 0x1,
    0xff, 0xc3, 0x29, 0xde, 0xda, 0x30, 0xf, 0xfe,
    0x1d, 0x0, 0x5, 0x40, 0x3f, 0xfa, 0xe2, 0xc0,
    0x14, 0x0, 0x7f, 0xf5, 0xe0, 0x3, 0x13, 0x0,
    0x7f, 0xf5, 0x49, 0x80, 0x3a, 0x48, 0x3, 0xff,
    0xa9, 0xe0, 0x1f, 0x78, 0x80, 0x7f, 0xf4, 0xa8,
    0x80, 0x3e, 0x2d, 0x10, 0xf, 0xfe, 0x84, 0xa8,
    0x7, 0xf1, 0xe0, 0x80, 0x7f, 0xf3, 0xa9, 0x80,
    0x3f, 0xe2, 0xf5, 0x0, 0xff, 0xe5, 0x96, 0xa8,
    0x7, 0xff, 0x4, 0x6a, 0xc8, 0x3, 0xff, 0x8e,
    0x33, 0xa4, 0x1, 0xff, 0xc4, 0x4d, 0xb4, 0x0,
    0xff, 0xe1, 0x9c, 0xf3, 0x0, 0x7f, 0xf2, 0x12,
    0xfe, 0xdd, 0x8, 0x40, 0x21, 0x24, 0x7a, 0xec,
    0x60, 0xf, 0xf8,

    /* U+0050 "P" */
    0x6f, 0xff, 0xfe, 0x57, 0x64, 0xb0, 0x80, 0x7f,
    0xf0, 0x74, 0x3, 0xff, 0x94, 0x26, 0xd3, 0xd6,
    0xa0, 0x1f, 0xfd, 0xb4, 0xac, 0x40, 0xf, 0xfe,
    0xd9, 0xdc, 0x0, 0x7f, 0xf7, 0x1f, 0x0, 0x3f,
    0xfb, 0x87, 0x80, 0x1f, 0xfd, 0xc3, 0xb0, 0xf,
    0xfe, 0xe2, 0x38, 0x7, 0xff, 0x72, 0x8, 0x3,
    0xff, 0xb9, 0x20, 0x1f, 0xfd, 0xc4, 0x30, 0xf,
    0xfe, 0xe4, 0x80, 0x7f, 0xf1, 0x1f, 0xbb, 0xb2,
    0x8, 0x3, 0xff, 0x86, 0xa2, 0x1, 0xff, 0xc3,
    0xe1, 0x1e, 0x37, 0xd5, 0x0, 0xff, 0xe1, 0xa0,
    0x7, 0xff, 0x32, 0x94, 0x3, 0xff, 0x85, 0xe0,
    0x1f, 0xfc, 0xdb, 0x10, 0xf, 0xfe, 0xa, 0x0,
    0x7f, 0xf3, 0x45, 0x80, 0x3f, 0xf8, 0x22, 0x1,
    0xff, 0xce, 0xa0, 0xf, 0xfe, 0x11, 0x80, 0x7f,
    0xf3, 0x48, 0x40, 0x3f, 0xf8, 0x2c, 0x1, 0xff,
    0xce, 0x50, 0xf, 0xfe, 0x9, 0x80, 0x7f, 0xf3,
    0x84, 0x3, 0xff, 0x82, 0x20, 0x1f, 0xfc, 0xe3,
    0x0, 0xff, 0xee, 0x18, 0x7, 0xff, 0x70, 0x40,
    0x3f, 0xf8, 0x22, 0x1, 0xff, 0xce, 0x50, 0xf,
    0xfe, 0x9, 0x80, 0x7f, 0xf3, 0x44, 0x40, 0x1f,
    0xfc, 0x16, 0x0, 0xff, 0xe6, 0xb0, 0x7, 0xff,
    0x8, 0x80, 0x3f, 0xf9, 0xb2, 0x1, 0xff, 0xc1,
    0x21, 0x0, 0xff, 0xe6, 0x48, 0x80, 0x7f, 0xf0,
    0x50, 0x3, 0xff, 0x99, 0xc, 0x1, 0xff, 0xc2,
    0xc0, 0xf, 0xfe, 0x18, 0x80, 0x70, 0xb6, 0x38,
    0x7, 0xff, 0xd, 0x40, 0x3f, 0xf8, 0x71, 0xff,
    0xdd, 0x26, 0x1, 0xff, 0xc3, 0x60, 0xf, 0xfe,
    0xe5, 0x80, 0x7f, 0xf6, 0xd8, 0x80, 0x3f, 0xfb,
    0x43, 0x20, 0x1f, 0xfd, 0xbd, 0x0, 0xff, 0xed,
    0xd1, 0x80, 0x7f, 0xf6, 0xa5, 0x40, 0x3f, 0xfb,
    0x23, 0x6c, 0x1, 0xff, 0xd9, 0x5f, 0x40, 0xf,
    0xfe, 0xc2, 0xe5, 0x8, 0x7, 0xff, 0x50, 0x4d,
    0xab, 0xa8, 0xc0, 0x3f, 0xf9, 0x91, 0xff, 0xfd,
    0xd9, 0x2a, 0x20, 0x1f, 0xfc, 0xe1, 0x0, 0xff,
    0xff, 0x80, 0x7f, 0xff, 0xc0, 0x3f, 0xff, 0xe0,
    0x1f, 0xff, 0xf0, 0xf, 0xff, 0xf8, 0x7, 0xff,
    0xfc, 0x3, 0xff, 0xfe, 0x1, 0xff, 0xff, 0x0,
    0xff, 0xff, 0x80, 0x7f, 0xff, 0xc0, 0x3f, 0xff,
    0xe0, 0x1f, 0xff, 0xf0, 0xf, 0xff, 0xf8, 0x7,
    0xff, 0xfc, 0x34, 0x3, 0xff, 0x80, 0x28, 0x1,
    0xff, 0xce,

    /* U+0051 "Q" */
    0x0, 0xff, 0xe1, 0x2c, 0x5e, 0xf7, 0xfb, 0xb6,
    0xe5, 0x44, 0x3, 0xff, 0x98, 0x97, 0xf4, 0xe8,
    0x42, 0x0, 0x12, 0x46, 0xae, 0xc6, 0x0, 0xff,
    0xe4, 0x26, 0x5a, 0x0, 0x7f, 0xf0, 0x8e, 0x79,
    0x40, 0x3f, 0xf8, 0xb3, 0x66, 0x1, 0xff, 0xc6,
    0x1a, 0xb1, 0x0, 0xff, 0xe0, 0x96, 0xb0, 0x7,
    0xff, 0x29, 0x3c, 0x80, 0x3f, 0xe2, 0xc2, 0x0,
    0xff, 0xe6, 0xe, 0x18, 0x7, 0xf0, 0xf8, 0x80,
    0x7f, 0xf3, 0x87, 0x48, 0x3, 0xf6, 0x90, 0x7,
    0xff, 0x40, 0x7c, 0x3, 0xe6, 0x30, 0xf, 0xfe,
    0x91, 0x40, 0x7, 0xc, 0x0, 0x7f, 0xf5, 0x1c,
    0x80, 0x34, 0x88, 0x7, 0xff, 0x56, 0x0, 0x33,
    0x0, 0x7f, 0xf5, 0x94, 0x40, 0xa, 0x20, 0x1f,
    0xfc, 0x24, 0xbe, 0xe5, 0xa0, 0x7, 0xff, 0xd,
    0x80, 0x1e, 0x1, 0xff, 0xc2, 0x8b, 0x41, 0x12,
    0x5c, 0x80, 0x7f, 0xf0, 0xac, 0x0, 0x80, 0x1f,
    0xfc, 0x15, 0x70, 0xf, 0x33, 0x0, 0x3f, 0xf8,
    0x26, 0x2, 0x20, 0xf, 0xfe, 0xc, 0x0, 0x7e,
    0x80, 0xf, 0xfe, 0x12, 0x28, 0x7, 0xff, 0x4,
    0xc8, 0x3, 0xf0, 0xa0, 0x7, 0xff, 0x4, 0x88,
    0x1, 0xff, 0xc1, 0x50, 0xf, 0xf1, 0x80, 0x7f,
    0xf0, 0x78, 0x40, 0x3f, 0xf8, 0x22, 0x1, 0xfe,
    0xe0, 0xf, 0xfe, 0x9, 0x78, 0x7, 0xff, 0x6c,
    0x40, 0x3f, 0xfb, 0x42, 0x1, 0xff, 0xff, 0x0,
    0xff, 0xff, 0x80, 0x7f, 0xff, 0xc0, 0x3f, 0xff,
    0xe0, 0x1f, 0xff, 0xf0, 0xf, 0xff, 0xf8, 0x7,
    0xff, 0xfc, 0x3, 0xff, 0xfe, 0x1, 0xff, 0xff,
    0x0, 0xff, 0xff, 0x80, 0x7f, 0xff, 0xc0, 0x3f,
    0xff, 0xe0, 0x1f, 0xff, 0xf0, 0xf, 0xff, 0xf8,
    0x7, 0xff, 0xfc, 0x3, 0xff, 0xfe, 0x20, 0x1f,
    0xfd, 0xa1, 0xf0, 0xf, 0xfe, 0xd1, 0x88, 0x7,
    0xff, 0x4, 0x40, 0x3f, 0xdc, 0x1, 0xff, 0xc1,
    0x13, 0x0, 0xff, 0xe0, 0xa8, 0x7, 0xf8, 0xc0,
    0x3f, 0xf8, 0x3c, 0xe0, 0x1f, 0xfc, 0x13, 0x10,
    0xf, 0xc2, 0x80, 0x1f, 0xfc, 0x15, 0x21, 0x0,
    0xff, 0xe0, 0xc0, 0x7, 0xe9, 0x0, 0xff, 0xe1,
    0x18, 0x28, 0x7, 0xff, 0x5, 0x98, 0x1, 0xe5,
    0x70, 0xf, 0xfe, 0x9, 0x80, 0x38, 0x3, 0xff,
    0x85, 0x34, 0x60, 0x3, 0x9a, 0x0, 0xff, 0xe1,
    0x58, 0x1, 0x40, 0x3f, 0xf8, 0x6b, 0x9f, 0xec,
    0x60, 0xf, 0xfe, 0x1b, 0x0, 0x4c, 0x1, 0xff,
    0xd6, 0x41, 0x0, 0xa0, 0x3, 0xff, 0xad, 0x20,
    0x18, 0x5c, 0x3, 0xff, 0xa8, 0xa4, 0x1, 0xd0,
    0x40, 0x1f, 0xfd, 0x21, 0xb0, 0xf, 0xbc, 0x3,
    0xff, 0xa5, 0xa2, 0x1, 0xf1, 0x58, 0x7, 0xff,
    0x42, 0x8c, 0x3, 0xf9, 0x30, 0x3, 0xff, 0x9d,
    0x4a, 0x1, 0xff, 0x1e, 0x90, 0x7, 0xff, 0x28,
    0xb1, 0x40, 0x3f, 0xf8, 0x25, 0xae, 0x1, 0xff,
    0xc8, 0x6d, 0x30, 0xf, 0xfe, 0x24, 0x73, 0x88,
    0x7, 0xff, 0xd, 0xfa, 0x40, 0x3f, 0xf8, 0xe3,
    0x1c, 0x1, 0xff, 0xc2, 0xd8, 0x10, 0xf, 0xfe,
    0xc9, 0x80, 0x7f, 0xff, 0xc0, 0x3f, 0xff, 0xe0,
    0x1f, 0xff, 0xf0, 0xf, 0xff, 0xf8, 0x7, 0x28,
    0x7, 0xff, 0x0, 0xc4, 0x3, 0xff, 0x80,

    /* U+0052 "R" */
    0x4f, 0xff, 0xfe, 0x57, 0x65, 0x31, 0x0, 0x7f,
    0xf0, 0xb4, 0x3, 0xff, 0x94, 0x26, 0xb3, 0xb8,
    0xc0, 0x1f, 0xfd, 0xc3, 0x9e, 0x60, 0xf, 0xfe,
    0xe0, 0xcd, 0x88, 0x7, 0xff, 0x71, 0x3c, 0x80,
    0x3f, 0xfb, 0x83, 0x84, 0x1, 0xff, 0xdc, 0x1f,
    0x0, 0xff, 0xee, 0x95, 0x80, 0x7f, 0xf7, 0x51,
    0x40, 0x3f, 0xfb, 0xb0, 0x1, 0xff, 0xdd, 0x26,
    0x0, 0xff, 0xee, 0xd8, 0x7, 0xff, 0x15, 0xbb,
    0xbb, 0x64, 0xc0, 0x3f, 0xf8, 0x64, 0x60, 0x1f,
    0xfc, 0x41, 0x1f, 0x13, 0x64, 0x0, 0x7f, 0xf0,
    0xec, 0x3, 0xff, 0x9a, 0xf0, 0x1, 0xff, 0xc2,
    0x40, 0xf, 0xfe, 0x73, 0x98, 0x7, 0xff, 0x4,
    0xc0, 0x3f, 0xf9, 0xf2, 0x1, 0xff, 0xc2, 0x30,
    0xf, 0xfe, 0x72, 0x80, 0x7f, 0xf0, 0x98, 0x3,
    0xff, 0x9e, 0x60, 0x1f, 0xfc, 0x12, 0x0, 0xff,
    0xe7, 0xa8, 0x7, 0xff, 0x7, 0xc0, 0x3f, 0xf9,
    0xe2, 0x1, 0xff, 0xc1, 0x10, 0xf, 0xff, 0xc8,
    0x80, 0x7f, 0xf0, 0x44, 0x3, 0xff, 0x9e, 0x40,
    0x1f, 0xfc, 0x1f, 0x0, 0xff, 0xe7, 0xa8, 0x7,
    0xff, 0x4, 0x80, 0x3f, 0xf9, 0xc8, 0x20, 0x1f,
    0xfc, 0x16, 0x0, 0xff, 0xe7, 0x40, 0x7, 0xff,
    0x8, 0xc0, 0x3f, 0xf9, 0xac, 0x60, 0x1f, 0xfc,
    0x13, 0x0, 0xff, 0xe6, 0xb4, 0x80, 0x7f, 0xf0,
    0x90, 0x3, 0xff, 0x88, 0x20, 0x1c, 0x2b, 0x72,
    0x1, 0xff, 0xc3, 0xa0, 0xf, 0xfe, 0x23, 0x7f,
    0xf7, 0x52, 0x0, 0x7f, 0xf0, 0xcc, 0x80, 0x3f,
    0xfb, 0x92, 0x1, 0xff, 0xdc, 0x35, 0x0, 0xff,
    0xee, 0x70, 0x7, 0xff, 0x72, 0x48, 0x3, 0xff,
    0xb6, 0xcc, 0x0, 0xff, 0xed, 0xb4, 0x80, 0x7f,
    0xf6, 0xe2, 0x40, 0x3f, 0xfb, 0x43, 0x8e, 0x1,
    0xff, 0xdc, 0x30, 0xf, 0xfe, 0xe0, 0x98, 0x7,
    0xff, 0x2d, 0xbf, 0xed, 0x0, 0xff, 0xe0, 0xd8,
    0x7, 0xff, 0x2c, 0x40, 0x22, 0x30, 0xf, 0xfe,
    0x2, 0x80, 0x7f, 0xf4, 0x10, 0x3, 0xff, 0x80,
    0x44, 0x0, 0xff, 0xe7, 0xd8, 0x7, 0xff, 0x5,
    0x40, 0x3f, 0xf9, 0xe6, 0x1, 0xff, 0xc1, 0xb0,
    0xf, 0xfe, 0x82, 0x80, 0x7f, 0xf0, 0xc, 0x40,
    0x3f, 0xf9, 0xf8, 0x1, 0xff, 0xc1, 0x70, 0xf,
    0xfe, 0x7b, 0x80, 0x7f, 0xf0, 0x74, 0x3, 0xff,
    0x9e, 0x24, 0x1, 0xff, 0xc0, 0x41, 0x0, 0xff,
    0xe7, 0xa0, 0x7, 0xff, 0x5, 0x0, 0x3f, 0xf9,
    0xfa, 0x1, 0xff, 0xc1, 0xf0, 0xf, 0xfe, 0x7a,
    0x0, 0x7f, 0xf0, 0x54, 0x3, 0xff, 0xa0, 0x80,
    0x1f, 0xfc, 0x14, 0x0, 0xff, 0xe7, 0xe0, 0x7,
    0xff, 0x7, 0x40, 0x3f, 0xf9, 0xea, 0x1, 0xff,
    0xc1, 0x70, 0xf, 0xfe, 0x79, 0x8, 0x7, 0xff,
    0x0, 0x4c, 0x3, 0xff, 0x9e, 0xe0, 0x1f, 0xfc,
    0x1b, 0x0, 0xff, 0xe7, 0xe0, 0x7, 0xff, 0x5,
    0x40, 0x3f, 0xf9, 0xe8, 0x1, 0xff, 0xc1, 0x22,
    0x0, 0x7f, 0xf3, 0x84, 0xc0, 0x3f, 0xf8, 0x2a,
    0x1, 0xff, 0xcf, 0xb0, 0xf, 0xfe, 0xd, 0x80,
    0x7f, 0xf3, 0xd0, 0x3, 0xff, 0x82, 0x62, 0x1,
    0xff, 0xce, 0x31, 0x0, 0xff, 0xe0, 0xb8, 0x7,
    0xff, 0x3d, 0x0, 0x3f, 0xf8, 0x3a, 0x1, 0xff,
    0xcf, 0xc0, 0xf, 0xfe, 0xa, 0x0, 0x7f, 0xf3,
    0xdc, 0x3, 0xff, 0x84, 0xa0, 0x1f, 0xfc, 0xe1,
    0x20, 0xf, 0xfe, 0xf, 0x80, 0x7f, 0xf0, 0xfc,
    0x3, 0xfe, 0x50, 0xf, 0xfe, 0xa, 0x86, 0x80,
    0x7f, 0xf0, 0x50, 0x3, 0xfe, 0x92, 0x0, 0xff,
    0xe0, 0x10, 0x0,

    /* U+0053 "S" */
    0x0, 0xff, 0xe0, 0x93, 0x4e, 0x6f, 0xfe, 0xdb,
    0x96, 0x10, 0xf, 0xfe, 0x63, 0x6e, 0xa5, 0x8c,
    0x80, 0x31, 0x23, 0x4f, 0x63, 0x0, 0x7f, 0xf2,
    0x1f, 0xe4, 0x80, 0x3f, 0xf8, 0x47, 0x3c, 0xc0,
    0x1f, 0xfc, 0x42, 0xd8, 0x0, 0xff, 0xe3, 0x8c,
    0xe1, 0x0, 0x7f, 0xf0, 0x53, 0x48, 0x3, 0xff,
    0x94, 0x7a, 0x80, 0x1f, 0xf2, 0xd8, 0x7, 0xff,
    0x3a, 0xd0, 0x3, 0xf9, 0x28, 0x3, 0xff, 0xa1,
    0x66, 0x1, 0xf0, 0xd0, 0x7, 0xff, 0x4b, 0x44,
    0x3, 0xd6, 0x20, 0x1f, 0xfd, 0x21, 0xb0, 0xe,
    0x35, 0x0, 0xff, 0xea, 0x29, 0x80, 0x68, 0x0,
    0xff, 0xeb, 0x40, 0x4, 0x28, 0x1, 0xff, 0xd6,
    0x42, 0x0, 0x38, 0x7, 0xff, 0xd, 0x2f, 0xb9,
    0x68, 0x1, 0xff, 0xc3, 0x50, 0x6, 0x80, 0x7f,
    0xf0, 0xa2, 0xd0, 0x44, 0x97, 0x20, 0x1f, 0xfc,
    0x2b, 0x0, 0x28, 0x7, 0xff, 0x5, 0x5c, 0x3,
    0xcc, 0xc0, 0xf, 0xfe, 0x9, 0x80, 0x4, 0x3,
    0xff, 0x83, 0x0, 0x1f, 0xa0, 0x3, 0xff, 0x84,
    0x64, 0x1, 0xff, 0xc1, 0x22, 0x0, 0x7e, 0x14,
    0x0, 0xff, 0xe0, 0xb0, 0x80, 0x7f, 0xf0, 0x5c,
    0x3, 0xfc, 0x60, 0x1f, 0xfc, 0x13, 0x70, 0xf,
    0xfe, 0x9, 0x80, 0x7f, 0xb8, 0x3, 0xff, 0x82,
    0x20, 0x1f, 0xfc, 0x23, 0x0, 0xff, 0xe6, 0xb8,
    0x7, 0xff, 0x5, 0x80, 0x3f, 0xf9, 0x9e, 0x20,
    0x1f, 0xfc, 0x13, 0x10, 0xf, 0xfe, 0x5f, 0x90,
    0x7, 0xff, 0xa, 0x40, 0x3f, 0x90, 0xc4, 0x7f,
    0xe2, 0x50, 0x20, 0xf, 0xfe, 0xb, 0x90, 0x7,
    0xe2, 0xce, 0xef, 0xfb, 0x48, 0x10, 0x3, 0xff,
    0x85, 0xe2, 0x1, 0xff, 0xcb, 0xd0, 0xf, 0xfe,
    0x11, 0x68, 0x80, 0x7f, 0xf2, 0x90, 0x40, 0x3f,
    0xf8, 0x47, 0x84, 0x1, 0xff, 0xca, 0x60, 0xf,
    0xfe, 0x19, 0x61, 0x80, 0x7f, 0xf2, 0x64, 0x3,
    0xff, 0x88, 0x38, 0xc0, 0x1f, 0xfc, 0x81, 0x80,
    0xf, 0xfe, 0x2c, 0xd0, 0x7, 0xff, 0x21, 0xc8,
    0x3, 0xff, 0x8a, 0xba, 0x40, 0x1f, 0xfc, 0x7e,
    0x0, 0xff, 0xe3, 0x16, 0xa8, 0x7, 0xff, 0x18,
    0xe0, 0x3, 0xff, 0x8f, 0x52, 0x1, 0xff, 0xc6,
    0x76, 0x0, 0xff, 0xe3, 0xb6, 0x8, 0x7, 0xff,
    0x16, 0x54, 0x3, 0xff, 0x8e, 0x7e, 0x80, 0x1f,
    0xfc, 0x5a, 0x50, 0xf, 0xfe, 0x38, 0xdb, 0x0,
    0x7f, 0xf1, 0x69, 0xc0, 0x3f, 0xf9, 0x13, 0x20,
    0xf, 0xfe, 0x2c, 0x50, 0x7, 0xff, 0x21, 0xac,
    0x3, 0xff, 0x8a, 0xb8, 0x40, 0x1f, 0xfc, 0x74,
    0xc0, 0xf, 0xfe, 0x29, 0xe2, 0x0, 0x7f, 0xf1,
    0xcf, 0x0, 0x3f, 0xf8, 0xa3, 0x70, 0x1, 0xff,
    0xc7, 0x3b, 0x0, 0xff, 0xe3, 0x3e, 0x8, 0x7,
    0xff, 0x19, 0x1c, 0x3, 0xff, 0x8c, 0x7e, 0x80,
    0x1f, 0xfc, 0x68, 0x30, 0xf, 0xfe, 0x30, 0xdc,
    0x0, 0x7f, 0xf1, 0xbc, 0x3, 0xff, 0x90, 0xf8,
    0x20, 0x1f, 0xfc, 0x43, 0x40, 0xf, 0xfe, 0x41,
    0xf9, 0x80, 0x7f, 0xf1, 0x3c, 0x3, 0xff, 0x92,
    0x38, 0xa0, 0x1f, 0xfc, 0x34, 0x10, 0xf, 0xfe,
    0x55, 0x30, 0x7, 0xff, 0xd, 0xc0, 0x3f, 0xf9,
    0x72, 0xa0, 0x1f, 0xfc, 0x2f, 0x2, 0x77, 0xff,
    0xe0, 0x10, 0x7, 0xf5, 0x8, 0x7, 0xff, 0x5,
    0x43, 0x22, 0x3f, 0xf8, 0x1e, 0x1, 0xfe, 0x90,
    0xf, 0xfe, 0x9, 0x0, 0x80, 0x7f, 0xf0, 0xc,
    0x3, 0xfc, 0xa0, 0x1f, 0xfc, 0x11, 0x0, 0xff,
    0xe6, 0x90, 0x7, 0xff, 0x40, 0x40, 0x3f, 0xe1,
    0x0, 0xff, 0xed, 0x88, 0x7, 0xff, 0x0, 0x40,
    0x40, 0x3f, 0xf8, 0x26, 0x1, 0xfc, 0x40, 0x1f,
    0xfc, 0x13, 0x3, 0x0, 0xff, 0xe0, 0xd0, 0x7,
    0xf5, 0x0, 0x7f, 0xf0, 0x58, 0x1c, 0x3, 0xff,
    0x82, 0xc4, 0x1, 0xf0, 0xb8, 0x7, 0xff, 0x4,
    0xc3, 0x40, 0x3f, 0xf8, 0x5e, 0x20, 0x1c, 0x38,
    0x1, 0xff, 0xc2, 0xc0, 0x50, 0xf, 0xfe, 0x11,
    0x73, 0x90, 0x93, 0xf9, 0x0, 0x7f, 0xf0, 0x90,
    0x8, 0x80, 0x1f, 0xfc, 0x38, 0xde, 0xd8, 0x10,
    0xf, 0xfe, 0x12, 0x80, 0x54, 0x1, 0xff, 0xd7,
    0xe0, 0x9, 0xc4, 0x3, 0xff, 0xaa, 0x68, 0x1,
    0xa4, 0x3, 0xff, 0xab, 0xe0, 0x1c, 0xe6, 0x1,
    0xff, 0xd3, 0x73, 0x0, 0xf7, 0x8, 0x7, 0xff,
    0x45, 0x20, 0x3, 0xe2, 0xc1, 0x0, 0xff, 0xe7,
    0x9d, 0x80, 0x7f, 0x16, 0x10, 0x7, 0xff, 0x35,
    0x30, 0x3, 0xfe, 0x2c, 0x50, 0xf, 0xfe, 0x5c,
    0x58, 0x7, 0xff, 0x4, 0x6a, 0xc8, 0x3, 0xff,
    0x8e, 0x9a, 0xe0, 0x1f, 0xfc, 0x44, 0xdb, 0x40,
    0xf, 0xfe, 0x1b, 0x65, 0x90, 0x7, 0xff, 0x1d,
    0x2f, 0xed, 0xd4, 0x84, 0x2, 0x13, 0x58, 0xbf,
    0x93, 0x0, 0xff, 0x0,

    /* U+0054 "T" */
    0x4f, 0xff, 0xfe, 0xe7, 0x16, 0x80, 0x7f, 0xf7,
    0x5, 0x0, 0x3f, 0xff, 0xe0, 0x1f, 0xff, 0xf0,
    0xf, 0xff, 0xf8, 0x7, 0xff, 0xfc, 0x3, 0xff,
    0xfe, 0x1, 0xff, 0xc0, 0xc0, 0xf, 0xfe, 0xea,
    0x2f, 0xf7, 0x7f, 0xf0, 0x0, 0x3f, 0xf8, 0x55,
    0xdd, 0xff, 0xc0, 0xf2, 0x0, 0x8, 0xff, 0xf0,
    0x40, 0x3f, 0xf8, 0x2c, 0x23, 0xff, 0xc0, 0x0,
    0xff, 0xff, 0x80, 0x7f, 0xff, 0xc0, 0x3f, 0xff,
    0xe0, 0x1f, 0xff, 0xf0, 0xf, 0xff, 0xf8, 0x7,
    0xff, 0xfc, 0x3, 0xff, 0xfe, 0x1, 0xff, 0xff,
    0x0, 0xff, 0xff, 0x80, 0x7f, 0xff, 0xc0, 0x3f,
    0xff, 0xe0, 0x1f, 0xff, 0xf0, 0xf, 0xff, 0xf8,
    0x7, 0xff, 0xfc, 0x3, 0xff, 0xfe, 0x1, 0xff,
    0xff, 0x0, 0xff, 0xff, 0x80, 0x7f, 0xff, 0xc0,
    0x3f, 0xff, 0xe0, 0x1f, 0xff, 0xf0, 0xf, 0xff,
    0xf8, 0x7, 0xff, 0xfc, 0x3, 0xff, 0xfe, 0x1,
    0xff, 0xff, 0x0, 0xff, 0xff, 0x80, 0x7f, 0xff,
    0xc0, 0x3f, 0xff, 0xe0, 0x1f, 0xff, 0xf0, 0xf,
    0xff, 0xf8, 0x7, 0xff, 0xfc, 0x3, 0xff, 0xfe,
    0x1, 0xff, 0xec, 0x70, 0xf, 0xfe, 0x1, 0x18,
    0x7, 0xff, 0x8,

    /* U+0055 "U" */
    0x7f, 0xff, 0xfe, 0x6, 0x80, 0x7f, 0xf0, 0x37,
    0xff, 0xff, 0x80, 0xf2, 0x1, 0xff, 0xc0, 0x23,
    0x0, 0xff, 0x21, 0x0, 0x7f, 0xf0, 0x2c, 0x3,
    0xff, 0xfe, 0x1, 0xff, 0xff, 0x0, 0xff, 0xff,
    0x80, 0x7f, 0xff, 0xc0, 0x3f, 0xff, 0xe0, 0x1f,
    0xff, 0xf0, 0xf, 0xff, 0xf8, 0x7, 0xff, 0xfc,
    0x3, 0xff, 0xfe, 0x1, 0xff, 0xff, 0x0, 0xff,
    0xff, 0x80, 0x7f, 0xff, 0xc0, 0x3f, 0xff, 0xe0,
    0x1f, 0xff, 0xf0, 0xf, 0xff, 0xf8, 0x7, 0xff,
    0xfc, 0x3, 0xff, 0xfe, 0x1, 0xff, 0xff, 0x0,
    0xff, 0xff, 0x80, 0x7f, 0xff, 0xc0, 0x3f, 0xff,
    0xe0, 0x1f, 0xff, 0xf0, 0xf, 0xff, 0xf8, 0x7,
    0xff, 0xfc, 0x3, 0xff, 0xfe, 0x1, 0xff, 0xff,
    0x0, 0xff, 0x18, 0x7, 0xff, 0x69, 0xc0, 0x3f,
    0xf8, 0x4e, 0x1, 0xfe, 0x10, 0xf, 0xfe, 0x13,
    0x0, 0x7f, 0xf0, 0x44, 0x3, 0xfc, 0x40, 0x1f,
    0xfc, 0x12, 0x20, 0x7, 0xff, 0x7, 0x0, 0x3f,
    0xda, 0x1, 0xff, 0xc1, 0xef, 0x0, 0xff, 0xe0,
    0xb8, 0x7, 0xf0, 0xa8, 0x7, 0xff, 0x4, 0xd4,
    0x3, 0xff, 0x82, 0x30, 0x1, 0xfa, 0x0, 0x3f,
    0xf8, 0x4a, 0x62, 0x1, 0xff, 0xc1, 0x75, 0x0,
    0xf3, 0x30, 0x3, 0xff, 0x82, 0x62, 0x8, 0x1,
    0xff, 0xc2, 0xaa, 0x20, 0x89, 0x2a, 0x40, 0x3f,
    0xf8, 0x56, 0x0, 0xe0, 0xf, 0xfe, 0x1a, 0xdf,
    0x72, 0xd4, 0x3, 0xff, 0x86, 0xc0, 0x4, 0x20,
    0xf, 0xfe, 0xb2, 0x88, 0x5, 0x20, 0x1f, 0xfd,
    0x68, 0x0, 0xc8, 0x80, 0xf, 0xfe, 0xa3, 0x90,
    0x7, 0x50, 0x80, 0x7f, 0xf4, 0x8a, 0x0, 0x3c,
    0x3a, 0x1, 0xff, 0xd1, 0x1f, 0x0, 0xfc, 0x74,
    0x1, 0xff, 0xd0, 0xd2, 0x0, 0xfe, 0x5b, 0x0,
    0xff, 0xe6, 0x8e, 0x18, 0x7, 0xfc, 0x9a, 0x60,
    0x1f, 0xfc, 0xa4, 0xf3, 0x0, 0xff, 0xe0, 0x96,
    0x48, 0x80, 0x7f, 0xf1, 0x86, 0xac, 0x40, 0x3f,
    0xf8, 0x8d, 0xd2, 0x60, 0x1f, 0xfc, 0x23, 0x9e,
    0x50, 0xf, 0xfe, 0x43, 0x66, 0xcb, 0x19, 0x0,
    0x62, 0x46, 0xae, 0xc6, 0x0, 0xff, 0x80,

    /* U+0056 "V" */
    0x9f, 0xff, 0xfe, 0x12, 0x0, 0x7f, 0xf0, 0x47,
    0xbf, 0xff, 0xf8, 0x2c, 0x60, 0x1f, 0xfc, 0x2d,
    0x0, 0xff, 0xe0, 0xa0, 0x80, 0x7f, 0xf0, 0x47,
    0x40, 0x3f, 0xf8, 0x44, 0x1, 0xff, 0xc1, 0xd0,
    0xf, 0xfe, 0x12, 0x20, 0x3, 0xff, 0x84, 0xa0,
    0x1f, 0xfc, 0x12, 0x0, 0xff, 0xe1, 0x19, 0x80,
    0x3f, 0xf8, 0x42, 0x1, 0xff, 0xc1, 0x70, 0xf,
    0xfe, 0x9, 0x0, 0x8, 0x3, 0xff, 0x84, 0x60,
    0x1f, 0xfc, 0x2, 0x0, 0xff, 0xe0, 0xa0, 0x1,
    0x0, 0x3f, 0xf8, 0x4c, 0x1, 0xff, 0x8, 0x7,
    0xff, 0xb, 0xc0, 0x1e, 0x1, 0xff, 0xc2, 0xd0,
    0xf, 0xf9, 0x40, 0x3f, 0xf8, 0x48, 0x0, 0x40,
    0xf, 0xfe, 0x11, 0x0, 0x7f, 0xc4, 0x1, 0xff,
    0xc2, 0x20, 0x1, 0x0, 0x7f, 0xf0, 0x9c, 0x3,
    0xfe, 0xf0, 0xf, 0xfe, 0x9, 0x80, 0x63, 0x0,
    0xff, 0xe0, 0x90, 0x7, 0xfc, 0x40, 0x1f, 0xfc,
    0x14, 0x0, 0xc8, 0x1, 0xff, 0xc2, 0x20, 0xf,
    0xf2, 0x80, 0x7f, 0xf0, 0x74, 0x3, 0x68, 0x7,
    0xff, 0x9, 0x80, 0x3f, 0xc2, 0x1, 0xff, 0xc1,
    0x40, 0xc, 0xe0, 0x1f, 0xfc, 0x23, 0x0, 0xfe,
    0x30, 0xf, 0xfe, 0x8, 0x88, 0x3, 0x10, 0x80,
    0x7f, 0xf0, 0x78, 0x3, 0xf9, 0x80, 0x3f, 0xf8,
    0x28, 0x1, 0xe5, 0x0, 0xff, 0xe0, 0xa8, 0x7,
    0xf1, 0x0, 0x7f, 0xf0, 0x74, 0x3, 0xd8, 0x1,
    0xff, 0xc1, 0x20, 0xf, 0xed, 0x0, 0xff, 0xe0,
    0x98, 0x7, 0x8c, 0x3, 0xff, 0x82, 0x22, 0x0,
    0xfc, 0xc0, 0x1f, 0xfc, 0x14, 0x0, 0xf2, 0x80,
    0x7f, 0xf0, 0x88, 0x3, 0xf1, 0x80, 0x7f, 0xf0,
    0x8, 0x3, 0xe1, 0x20, 0xf, 0xfe, 0xa, 0x80,
    0x7c, 0x20, 0x1f, 0xfc, 0x14, 0x0, 0xfc, 0xe0,
    0x1f, 0xfc, 0x1e, 0x0, 0xf9, 0x40, 0x3f, 0xf8,
    0x3e, 0x1, 0xfb, 0x0, 0x3f, 0xf8, 0x26, 0x1,
    0xf1, 0x0, 0x7f, 0xf0, 0x54, 0x3, 0xf2, 0x80,
    0x7f, 0xf0, 0x58, 0x3, 0xee, 0x0, 0xff, 0xe0,
    0x98, 0x7, 0xe3, 0x0, 0xff, 0xe0, 0x90, 0x7,
    0xc6, 0x1, 0xff, 0xc0, 0x30, 0xf, 0xf1, 0x80,
    0x7f, 0xf0, 0x48, 0x3, 0xcc, 0x1, 0xff, 0xc0,
    0x40, 0xf, 0xf2, 0x80, 0x7f, 0xf0, 0x5c, 0x3,
    0xc4, 0x1, 0xff, 0xc0, 0xd0, 0xf, 0xf7, 0x80,
    0x7f, 0xf0, 0x48, 0x3, 0x88, 0x3, 0xff, 0x82,
    0xe0, 0x1f, 0xe4, 0x0, 0xff, 0xe0, 0xe8, 0x7,
    0x38, 0x7, 0xff, 0x0, 0x48, 0x3, 0xfc, 0x40,
    0x1f, 0xfc, 0x16, 0x0, 0xe2, 0x0, 0xff, 0xe0,
    0x28, 0x7, 0xff, 0x1, 0x0, 0x3f, 0xf8, 0x6,
    0x1, 0xda, 0x1, 0xff, 0xc0, 0xc0, 0xf, 0xfe,
    0x1, 0x80, 0x7f, 0xf0, 0x44, 0x3, 0x30, 0x7,
    0xff, 0x0, 0xc0, 0x3f, 0xf8, 0x1a, 0x1, 0xff,
    0xc1, 0x50, 0xc, 0x40, 0x1f, 0xfc, 0x5, 0x0,
    0xff, 0xe0, 0x20, 0x7, 0xff, 0x4, 0x80, 0x21,
    0x10, 0x7, 0xfc, 0x42, 0x1, 0xff, 0xc0, 0x11,
    0x0, 0x7f, 0xf0, 0x3c, 0x2, 0x20, 0xf, 0xfe,
    0x3, 0x80, 0x7f, 0xf0, 0x90, 0x3, 0xff, 0x80,
    0x40, 0x12, 0x80, 0x7f, 0xf0, 0x30, 0x3, 0xff,
    0x85, 0xa0, 0x1f, 0xfc, 0x5, 0x0, 0xb8, 0x3,
    0xff, 0x80, 0xa0, 0x1f, 0xfc, 0x23, 0x0, 0xff,
    0xe0, 0x8, 0x4, 0x60, 0x1f, 0xfc, 0x3, 0x0,
    0xff, 0xe1, 0x20, 0x7, 0xff, 0x4, 0xc0, 0xc,
    0x1, 0xff, 0x18, 0x7, 0xff, 0x10, 0x80, 0x3f,
    0xf8, 0xc, 0x0, 0x20, 0xf, 0xf9, 0x40, 0x3f,
    0xf8, 0x8e, 0x1, 0xff, 0xc0, 0xd0, 0x20, 0xf,
    0xfe, 0x6, 0x0, 0x7f, 0xf1, 0x30, 0x3, 0xff,
    0x80, 0x40, 0xc0, 0x1f, 0xfc, 0x7, 0x0, 0xff,
    0xe2, 0x28, 0x7, 0xff, 0x1, 0xc0, 0xc0, 0x3f,
    0xe1, 0x20, 0xf, 0xfe, 0x21, 0x80, 0x7f, 0xf0,
    0x8, 0x38, 0x3, 0xfe, 0x50, 0xf, 0xfe, 0x31,
    0x80, 0x7f, 0xf0, 0x9, 0x40, 0x3f, 0xe3, 0x0,
    0xff, 0xe3, 0x28, 0x7, 0xff, 0x1, 0xc8, 0x3,
    0xfe, 0xc0, 0xf, 0xfe, 0x36, 0x0, 0x7f, 0xf0,
    0x24, 0x40, 0x3f, 0xe5, 0x0, 0xff, 0xe3, 0x38,
    0x7, 0xff, 0x0, 0xc0, 0x3f, 0xe2, 0x10, 0xf,
    0xfe, 0x31, 0x8, 0x7, 0xff, 0x2d, 0xc0, 0x3f,
    0xf9, 0xa, 0x1, 0xff, 0xcb, 0xd0, 0xf, 0xfe,
    0x41, 0x80, 0x7f, 0xf2, 0xd0, 0x3, 0xff, 0x91,
    0x80, 0x1f, 0xfc, 0xb3, 0x0, 0xff, 0xe4, 0x28,
    0x7, 0xff, 0x28, 0xc0, 0x3f, 0xf9, 0x22, 0x20,
    0xf, 0xfe, 0x4a, 0x80, 0x7f, 0xf2, 0x90, 0x3,
    0xff, 0x93, 0xe0, 0x1f, 0xfc, 0xad, 0x0, 0xff,
    0xe4, 0xa0, 0x7, 0xff, 0x29, 0x0, 0x3f, 0xf9,
    0x24, 0x1, 0xff, 0xca, 0x30, 0xf, 0xfe, 0x42,
    0x0, 0x7f, 0xf3, 0x8, 0x3, 0xff, 0x8e, 0x60,
    0x1f, 0xfc, 0xc4, 0x0, 0xff, 0xe3, 0xe0, 0x7,
    0xff, 0x33, 0xc0, 0x3f, 0xf8, 0xea, 0x1, 0xff,
    0xcc, 0x50, 0xf, 0xfe, 0x30, 0x88, 0x3, 0xff,
    0x98, 0x60, 0x1f, 0xfc, 0x64, 0x0, 0xff, 0xe7,
    0x18, 0x7, 0xff, 0x17, 0x40, 0x3f, 0xf9, 0xc8,
    0x1, 0xff, 0xc5, 0x40, 0xf, 0xfe, 0x76, 0x80,
    0x7f, 0xf1, 0x4c, 0x3, 0xff, 0x9c, 0xe0, 0x1f,
    0xfc, 0x42, 0x0, 0xff, 0xe7, 0x90, 0x80, 0x7f,
    0xf0, 0xd0, 0x3, 0xff, 0xa0, 0xa0, 0x1f, 0xfc,
    0x3f, 0x0, 0xff, 0xe8, 0x60, 0x7, 0xff, 0xd,
    0x0, 0x3f, 0xfa, 0xa, 0x20, 0x1f, 0xfc, 0x13,
    0x20, 0xf, 0xfe, 0x10,

    /* U+0057 "W" */
    0xdf, 0xff, 0xfe, 0xa, 0x80, 0x7f, 0xcd, 0xff,
    0xff, 0x58, 0x7, 0xfc, 0x5d, 0xff, 0xff, 0xc0,
    0x90, 0xf, 0xfe, 0x17, 0x80, 0x7f, 0xd4, 0x1,
    0xff, 0x20, 0x80, 0x7f, 0x94, 0x40, 0x3f, 0xf8,
    0xa, 0xe0, 0x1f, 0xfc, 0x17, 0x0, 0xff, 0x88,
    0x3, 0xff, 0x80, 0x40, 0x1f, 0xee, 0x0, 0xff,
    0xe0, 0xae, 0x80, 0x7f, 0xf0, 0x48, 0x3, 0xfc,
    0x22, 0x0, 0xff, 0xe0, 0x28, 0x7, 0xf9, 0x40,
    0x3f, 0xf8, 0x3e, 0x60, 0x1f, 0xfc, 0x22, 0x0,
    0xfe, 0x20, 0xf, 0xfe, 0xf, 0x0, 0x7f, 0x88,
    0x3, 0xff, 0x82, 0xaa, 0x0, 0xff, 0xe1, 0x30,
    0x7, 0xf3, 0x0, 0x7f, 0xf0, 0x4c, 0x3, 0xfc,
    0x20, 0x1f, 0xfc, 0x13, 0x12, 0x0, 0xff, 0xe0,
    0x98, 0x7, 0xf6, 0x80, 0x7f, 0xf0, 0x54, 0x3,
    0xf8, 0x80, 0x3f, 0xf8, 0x24, 0x0, 0x70, 0xf,
    0xfe, 0xf, 0x0, 0x7f, 0x10, 0x7, 0xff, 0x4,
    0x40, 0x3f, 0x9c, 0x3, 0xff, 0x82, 0xe0, 0xd,
    0x0, 0xff, 0xe0, 0xa8, 0x7, 0xf3, 0x80, 0x7f,
    0xf0, 0x8c, 0x3, 0xf1, 0x0, 0x7f, 0xf0, 0x74,
    0x0, 0x60, 0x1f, 0xfc, 0x12, 0x0, 0xfe, 0x20,
    0xf, 0xfe, 0x12, 0x80, 0x7e, 0xe0, 0xf, 0xfe,
    0x9, 0x80, 0x14, 0x3, 0xff, 0x82, 0x22, 0x0,
    0xf8, 0x40, 0x3f, 0xf8, 0x7c, 0x1, 0xf8, 0x80,
    0x3f, 0xf8, 0x2a, 0x0, 0x12, 0x0, 0xff, 0xe0,
    0x90, 0x7, 0xca, 0x1, 0xff, 0xc3, 0x30, 0xf,
    0xca, 0x1, 0xff, 0xc0, 0x11, 0x0, 0x4e, 0x1,
    0xff, 0xc1, 0x50, 0xf, 0x88, 0x3, 0xff, 0x86,
    0xc0, 0x1f, 0x84, 0x3, 0xff, 0x80, 0xa0, 0x1b,
    0x40, 0x3f, 0xf8, 0x3c, 0x1, 0xf7, 0x80, 0x7f,
    0xf0, 0xc8, 0x3, 0xe2, 0x0, 0xff, 0xe0, 0x98,
    0x6, 0x30, 0xf, 0xfe, 0x9, 0x80, 0x7c, 0x40,
    0x1f, 0xfc, 0x43, 0x0, 0xf3, 0x0, 0x7f, 0xf0,
    0x74, 0x3, 0x28, 0x7, 0xff, 0x5, 0x80, 0x3e,
    0x60, 0xf, 0xfe, 0x23, 0x0, 0x78, 0xc0, 0x3f,
    0xf8, 0x2e, 0x1, 0x84, 0x80, 0x3f, 0xf8, 0x4,
    0x1, 0xf1, 0x0, 0x7f, 0xf1, 0x34, 0x3, 0xdc,
    0x1, 0xff, 0xc0, 0x12, 0x0, 0xe7, 0x0, 0xff,
    0xe0, 0x98, 0x7, 0x10, 0x7, 0xff, 0x14, 0xc0,
    0x3c, 0x40, 0x1f, 0xfc, 0x2, 0x0, 0xf6, 0x80,
    0x7f, 0xf0, 0x58, 0x3, 0x9c, 0x3, 0xff, 0x8a,
    0xc0, 0x1e, 0x60, 0xf, 0xfe, 0x2, 0x80, 0x78,
    0xc0, 0x3f, 0xf8, 0x3a, 0x1, 0xc4, 0x1, 0xff,
    0xc5, 0x20, 0xf, 0x10, 0x7, 0xff, 0x3, 0xc0,
    0x3c, 0xa0, 0x1f, 0xfc, 0x12, 0x0, 0xee, 0x0,
    0xff, 0xe3, 0x10, 0x6, 0x20, 0xf, 0xfe, 0xa,
    0x80, 0x78, 0x48, 0x3, 0xff, 0x80, 0xe0, 0x1c,
    0xa0, 0x1f, 0xfc, 0x67, 0x0, 0xcc, 0x1, 0xff,
    0xc1, 0x30, 0xf, 0x9c, 0x3, 0xff, 0x80, 0x40,
    0x1c, 0x40, 0x1f, 0xfc, 0x6d, 0x0, 0xc6, 0x1,
    0xff, 0xc0, 0x20, 0xf, 0xda, 0x1, 0xff, 0xc1,
    0x20, 0xc, 0x20, 0x1f, 0xfc, 0x62, 0x0, 0xdc,
    0x1, 0xff, 0xc0, 0x40, 0xf, 0xc6, 0x1, 0xff,
    0xc1, 0x60, 0x8, 0xc0, 0x3f, 0xf8, 0xee, 0x1,
    0x88, 0x3, 0xff, 0x81, 0xe0, 0x1f, 0x94, 0x3,
    0xff, 0x82, 0x60, 0x13, 0x0, 0x7f, 0xf1, 0xc8,
    0x3, 0x30, 0x7, 0xff, 0x1, 0x40, 0x3f, 0x8,
    0x80, 0x3f, 0xf8, 0x1c, 0x1, 0x68, 0x7, 0xff,
    0x20, 0x80, 0x22, 0x0, 0xff, 0xe0, 0x10, 0x7,
    0xf2, 0x0, 0x7f, 0xf0, 0x14, 0x2, 0x20, 0xf,
    0xfe, 0x43, 0x80, 0x8, 0x3, 0xff, 0x80, 0x42,
    0x1, 0xfd, 0xa0, 0x1f, 0xfc, 0x2, 0x0, 0x98,
    0x3, 0xff, 0x90, 0x40, 0x6, 0x0, 0xff, 0xe0,
    0x38, 0x7, 0xf8, 0xc0, 0x3f, 0xf8, 0x2, 0x20,
    0x1, 0x80, 0x7f, 0xf2, 0x34, 0x0, 0x40, 0x1f,
    0xfc, 0xd, 0x0, 0xff, 0x28, 0x7, 0xff, 0x5,
    0x40, 0x40, 0x3f, 0xf9, 0x2e, 0x0, 0xf0, 0xf,
    0xfe, 0x1, 0x80, 0x7f, 0x84, 0x40, 0x1f, 0xfc,
    0x2, 0x5, 0x0, 0xff, 0x18, 0x7, 0xf8, 0x80,
    0x4, 0x1, 0xff, 0xc0, 0x50, 0xf, 0xf9, 0x0,
    0x3f, 0xf8, 0x1e, 0x4, 0x1, 0xfe, 0xf0, 0xf,
    0xf8, 0x81, 0x80, 0x3f, 0xe1, 0x10, 0x7, 0xfd,
    0xa0, 0x1f, 0xfc, 0x2, 0xe, 0x0, 0xff, 0x18,
    0x7, 0xfc, 0xe0, 0x40, 0x1f, 0xf2, 0x80, 0x7f,
    0xf0, 0xc, 0x3, 0xff, 0x80, 0xa0, 0x60, 0x1f,
    0xc4, 0x6, 0x1, 0xfe, 0x22, 0x0, 0x7f, 0xf0,
    0xc, 0x3, 0xff, 0x80, 0xa0, 0x1f, 0xfc, 0x1,
    0x6, 0x0, 0xfe, 0x70, 0x60, 0xf, 0xf6, 0xb0,
    0x7, 0xff, 0x3, 0x40, 0x3f, 0xf8, 0x2, 0x20,
    0xf, 0xfe, 0x1, 0x90, 0x7, 0xf1, 0x6, 0x80,
    0x7f, 0x98, 0x80, 0x3f, 0xf8, 0xe, 0x1, 0xff,
    0xc1, 0x40, 0xf, 0xfe, 0x7, 0x80, 0x7f, 0xb8,
    0xc, 0x3, 0xfc, 0x74, 0x1, 0xff, 0xc0, 0x20,
    0xf, 0xfe, 0xe, 0x80, 0x7f, 0xf0, 0xc, 0x3,
    0xfc, 0x40, 0xc0, 0x1f, 0xf1, 0x80, 0x7f, 0xc6,
    0x1, 0xff, 0xc2, 0x30, 0xf, 0xfe, 0x5a, 0x81,
    0x0, 0x7f, 0xf2, 0xd4, 0x3, 0xff, 0x84, 0xa0,
    0x1f, 0xfc, 0xb1, 0x0, 0x10, 0x7, 0xff, 0x2b,
    0xc0, 0x3f, 0xf8, 0x42, 0x20, 0xf, 0xfe, 0x49,
    0x0, 0x4e, 0x1, 0xff, 0xca, 0x50, 0xf, 0xfe,
    0x1a, 0x0, 0x7f, 0xf2, 0x5c, 0x2, 0x20, 0xf,
    0xfe, 0x51, 0x80, 0x7f, 0xf0, 0xf4, 0x3, 0xff,
    0x92, 0x40, 0x16, 0x80, 0x7f, 0xf2, 0x48, 0x3,
    0xff, 0x88, 0x60, 0x1f, 0xfc, 0x9e, 0x0, 0x98,
    0x3, 0xff, 0x92, 0xe0, 0x1f, 0xfc, 0x45, 0x0,
    0xff, 0xe4, 0x90, 0x4, 0x60, 0x1f, 0xfc, 0x9d,
    0x0, 0xff, 0xe2, 0x8, 0x80, 0x3f, 0xf9, 0xa,
    0x1, 0x84, 0x3, 0xff, 0x90, 0x60, 0x1f, 0xfc,
    0x54, 0x0, 0xff, 0xe4, 0x8, 0x6, 0x50, 0xf,
    0xfe, 0x42, 0x80, 0x7f, 0xf1, 0x74, 0x3, 0xff,
    0x8e, 0x40, 0x1c, 0x60, 0x1f, 0xfc, 0x71, 0x10,
    0x7, 0xff, 0x14, 0xc0, 0x3f, 0xf8, 0xee, 0x1,
    0xdc, 0x1, 0xff, 0xc7, 0x50, 0xf, 0xfe, 0x32,
    0x80, 0x7f, 0xf1, 0xc8, 0x3, 0x94, 0x3, 0xff,
    0x8e, 0x60, 0x1f, 0xfc, 0x61, 0x10, 0x7, 0xff,
    0x1b, 0x80, 0x38, 0x80, 0x3f, 0xf8, 0xfa, 0x1,
    0xff, 0xc7, 0x40, 0xf, 0xfe, 0x31, 0x0, 0x70,
    0x88, 0x3, 0xff, 0x8c, 0xe0, 0x1f, 0xfc, 0x7d,
    0x0, 0xff, 0xe3, 0x28, 0x7, 0x88, 0x3, 0xff,
    0x8c, 0x40, 0x1f, 0xfc, 0x73, 0x0, 0xff, 0xe3,
    0x8, 0x7, 0x94, 0x3, 0xff, 0x8a, 0x60, 0x1f,
    0xfc, 0x85, 0x0, 0xff, 0xe2, 0x90, 0x7, 0xdc,
    0x1, 0xff, 0xc5, 0x50, 0xf, 0xfe, 0x40, 0x88,
    0x3, 0xff, 0x88, 0xe0, 0x1f, 0x18, 0x7, 0xff,
    0x17, 0xc0, 0x3f, 0xf9, 0x28, 0x1, 0xff, 0xc4,
    0x20, 0xf, 0x94, 0x3, 0xff, 0x8a, 0xa0, 0x1f,
    0xfc, 0x9d, 0x0, 0xff, 0xe2, 0x70, 0x7, 0xc2,
    0x1, 0xff, 0xc5, 0x30, 0xf, 0xfe, 0x49, 0x80,
    0x7f, 0xf1, 0x8, 0x3, 0xf1, 0x80, 0x7f, 0xf0,
    0xc8, 0x3, 0xff, 0x94, 0xa0, 0x1f, 0xfc, 0x45,
    0x0, 0xfc, 0xc0, 0x1f, 0xfc, 0x37, 0x0, 0xff,
    0xe5, 0x8, 0x80, 0x3f, 0xf8, 0x62, 0x1, 0xfb,
    0x40, 0x3f, 0xf8, 0x7a, 0x1, 0xff, 0xcb, 0x50,
    0xf, 0xfe, 0x11, 0x0, 0x7f, 0x10, 0x7, 0xff,
    0xc, 0xc0, 0x3f, 0xf9, 0x78, 0x1, 0xff, 0xc2,
    0x70, 0xf, 0xe7, 0x0, 0xff, 0xe1, 0xa8, 0x7,
    0xff, 0x2c, 0xc0, 0x3f, 0xf8, 0x44, 0x1, 0xfc,
    0x40, 0x1f, 0xfc, 0x21, 0x10, 0x7, 0xff, 0x2d,
    0x40, 0x3f, 0xf8, 0x5c, 0x1, 0xfe, 0x20, 0xf,
    0xfe, 0xa, 0x80, 0x7f, 0xf3, 0x4, 0x40, 0x1f,
    0xfc, 0x15, 0x0, 0xff, 0x38, 0x7, 0xff, 0x4,
    0xc0, 0x3f, 0xf9, 0xaa, 0x1, 0xff, 0xc1, 0x20,
    0xf, 0xf1, 0x0, 0x7f, 0xf0, 0x74, 0x3, 0xff,
    0x9b, 0x80, 0x1f, 0xfc, 0x11, 0x0, 0xff, 0x68,
    0x7, 0xff, 0x5, 0xc0, 0x3f, 0xf9, 0xaa, 0x20,
    0x1f, 0xf3, 0x0, 0x7f, 0xc8, 0x20, 0x1f, 0xf1,
    0x90, 0x7, 0xff, 0x0,

    /* U+0058 "X" */
    0x5f, 0xff, 0xfe, 0xb, 0x80, 0x7f, 0xf0, 0xb7,
    0xff, 0xff, 0x81, 0xa0, 0x1f, 0xfc, 0x39, 0x0,
    0xff, 0xe0, 0xa9, 0x0, 0x7f, 0xf0, 0x94, 0x40,
    0x3f, 0xf8, 0x2, 0x80, 0x1f, 0xfc, 0xe, 0x0,
    0xff, 0xe0, 0xd0, 0x1, 0x80, 0x3f, 0xf8, 0x3c,
    0x1, 0xff, 0xa, 0x0, 0x7f, 0xf0, 0x58, 0x1,
    0x40, 0x1f, 0xfc, 0x15, 0x0, 0xff, 0x9c, 0x3,
    0xff, 0x82, 0xa2, 0x0, 0x24, 0x0, 0xff, 0xe0,
    0xa8, 0x7, 0xfa, 0x80, 0x3f, 0xf8, 0x32, 0x1,
    0xb8, 0x3, 0xff, 0x83, 0xc0, 0x1f, 0xc2, 0x60,
    0x1f, 0xfc, 0x2, 0x30, 0xc, 0xa2, 0x1, 0xff,
    0xc0, 0x41, 0x0, 0xfc, 0xc0, 0x1f, 0xfc, 0x1b,
    0x0, 0xf3, 0x0, 0x7f, 0xf0, 0x5c, 0x3, 0xf5,
    0x80, 0x7f, 0xf0, 0x58, 0x3, 0xd2, 0x1, 0xff,
    0xc1, 0xd0, 0xf, 0x88, 0xc0, 0x3f, 0xf8, 0xc,
    0x1, 0xf0, 0xa0, 0x7, 0xff, 0x1, 0x4, 0x3,
    0xca, 0x1, 0xff, 0xc1, 0xa0, 0xf, 0xde, 0x1,
    0xff, 0xc1, 0x70, 0xf, 0x50, 0x7, 0xff, 0x0,
    0xcc, 0x1, 0xf9, 0x4, 0x3, 0xff, 0x81, 0x40,
    0x1c, 0x44, 0x0, 0xff, 0xe0, 0x50, 0x7, 0xfa,
    0x40, 0x3f, 0xf8, 0x6, 0x20, 0x1a, 0x80, 0x3f,
    0xf8, 0x2c, 0x1, 0xfe, 0x60, 0xf, 0xfe, 0xb,
    0x0, 0x65, 0x0, 0xff, 0xe0, 0x30, 0x7, 0xfc,
    0x2a, 0x1, 0xff, 0xc0, 0xb0, 0x8, 0xc8, 0x3,
    0xff, 0x81, 0x60, 0x1f, 0xfc, 0xe, 0x0, 0xff,
    0xe0, 0x19, 0x0, 0x28, 0x3, 0xff, 0x80, 0x64,
    0x1, 0xff, 0xc0, 0x42, 0x0, 0xff, 0xe0, 0x50,
    0x1, 0xc0, 0x3f, 0xf8, 0x12, 0x1, 0xff, 0xc2,
    0xa0, 0xf, 0xfe, 0x2, 0x82, 0x8, 0x7, 0xfc,
    0x2a, 0x1, 0xff, 0xc2, 0x60, 0xf, 0xfe, 0x1,
    0x1e, 0x80, 0x7f, 0xf0, 0x18, 0x3, 0xff, 0x86,
    0x2a, 0x1, 0xff, 0xc0, 0x97, 0x0, 0xff, 0xe0,
    0x50, 0x7, 0xff, 0x12, 0x40, 0x3f, 0xf8, 0xa,
    0x20, 0x1f, 0xf2, 0x10, 0x7, 0xff, 0x10, 0xcc,
    0x1, 0xff, 0xcc, 0xe0, 0xf, 0xfe, 0x35, 0x0,
    0x7f, 0xf2, 0xc5, 0x40, 0x3f, 0xf8, 0xcc, 0x1,
    0xff, 0xcb, 0x60, 0xf, 0xfe, 0x43, 0x0, 0x7f,
    0xf2, 0xa4, 0x3, 0xff, 0x91, 0x60, 0x1f, 0xfc,
    0x94, 0x10, 0xf, 0xfe, 0x41, 0x18, 0x7, 0xff,
    0x23, 0xc0, 0x3f, 0xf9, 0x52, 0x1, 0xff, 0xc7,
    0x24, 0x0, 0xff, 0xe5, 0x28, 0x80, 0x7f, 0xf1,
    0xa8, 0x3, 0xff, 0x98, 0xc0, 0x1f, 0xfc, 0x66,
    0x0, 0xff, 0xe6, 0x50, 0x7, 0xff, 0x15, 0x44,
    0x3, 0xff, 0x98, 0x48, 0x1, 0xff, 0xc4, 0x90,
    0xf, 0xfe, 0x77, 0x0, 0x7f, 0xf0, 0xc8, 0xc0,
    0x3f, 0xf9, 0xca, 0x20, 0x1f, 0xfc, 0x2b, 0x0,
    0xff, 0xe8, 0x18, 0x7, 0xff, 0x8, 0xc0, 0x3f,
    0xf9, 0xe6, 0x40, 0x1f, 0xfc, 0x2e, 0x0, 0xff,
    0xe7, 0xc8, 0x7, 0xff, 0xd, 0x8, 0x3, 0xff,
    0x9a, 0x2a, 0x1, 0xff, 0xc4, 0xa0, 0xf, 0xfe,
    0x6b, 0x0, 0x7f, 0xf1, 0x58, 0x3, 0xff, 0x9b,
    0x20, 0x1f, 0xfc, 0x51, 0x60, 0xf, 0xfe, 0x5a,
    0x8, 0x7, 0xff, 0x1a, 0x80, 0x3f, 0xf9, 0x7e,
    0x1, 0xff, 0xc7, 0x33, 0x0, 0x7f, 0xf2, 0x45,
    0x0, 0x3f, 0xf9, 0x14, 0x1, 0xff, 0xc9, 0x90,
    0xf, 0xfe, 0x4b, 0x0, 0x7f, 0xf2, 0x58, 0x3,
    0xff, 0x94, 0xc0, 0x1f, 0xfc, 0x75, 0x10, 0xf,
    0xfe, 0x55, 0x80, 0x7f, 0xf1, 0xe4, 0x3, 0xff,
    0x96, 0x46, 0x1, 0xff, 0xc5, 0x23, 0x0, 0xff,
    0xe6, 0x48, 0x7, 0xff, 0x16, 0xc0, 0x3f, 0xf8,
    0x4, 0x1, 0xff, 0xc0, 0x51, 0x0, 0xff, 0xe2,
    0x30, 0x7, 0xff, 0x2, 0x50, 0x3, 0xff, 0x80,
    0xc0, 0x1f, 0xfc, 0x36, 0x0, 0xff, 0xe0, 0xa,
    0x70, 0x7, 0xff, 0x2, 0x40, 0x3f, 0xf8, 0x74,
    0x1, 0xff, 0xc0, 0x70, 0x50, 0xf, 0xfe, 0x0,
    0xa0, 0x7, 0xff, 0x4, 0xcc, 0x1, 0xff, 0xc0,
    0xa0, 0x2, 0x80, 0x7f, 0xf0, 0x3c, 0x3, 0xff,
    0x83, 0x20, 0x1f, 0xfc, 0x1, 0x30, 0x7, 0x80,
    0x7f, 0xf0, 0x10, 0x80, 0x3f, 0xe1, 0x50, 0xf,
    0xfe, 0x3, 0x0, 0x4a, 0x20, 0x1f, 0xfc, 0xa,
    0x0, 0xff, 0x98, 0x3, 0xff, 0x83, 0x40, 0x19,
    0xc0, 0x3f, 0xf8, 0xc, 0x1, 0xff, 0x50, 0x7,
    0xff, 0x0, 0xc8, 0x3, 0x68, 0x7, 0xff, 0x0,
    0x54, 0x3, 0xf9, 0x8, 0x3, 0xff, 0x81, 0x60,
    0x1c, 0x82, 0x1, 0xff, 0xc0, 0x90, 0xf, 0xee,
    0x0, 0xff, 0xe0, 0xb0, 0x7, 0x98, 0x3, 0xff,
    0x80, 0x64, 0x1, 0xf0, 0xa8, 0x7, 0xff, 0x1,
    0x4, 0x3, 0xd6, 0x1, 0xff, 0xc1, 0xb0, 0xf,
    0x98, 0x3, 0xff, 0x83, 0xa0, 0x1f, 0x19, 0x0,
    0x7f, 0xf0, 0x18, 0x3, 0xe9, 0x0, 0xff, 0xe0,
    0xb0, 0x7, 0xea, 0x0, 0xff, 0xe0, 0xb0, 0x7,
    0x28, 0x80, 0x7f, 0xf0, 0x14, 0x3, 0xf9, 0x40,
    0x3f, 0xf8, 0x34, 0x1, 0xdc, 0x1, 0xff, 0xc1,
    0xe0, 0xf, 0xe2, 0x30, 0xf, 0xfe, 0x1, 0x98,
    0x2, 0x24, 0x0, 0xff, 0xe0, 0xa, 0x0, 0x7f,
    0xac, 0x3, 0xff, 0x83, 0x20, 0x15, 0x0, 0x7f,
    0xf0, 0x5c, 0x3, 0xfe, 0x60, 0xf, 0xfe, 0xa,
    0x88, 0x1, 0x80, 0x3f, 0xf8, 0x34, 0x1, 0xff,
    0xa, 0x0, 0x7f, 0xf0, 0x58, 0x14, 0x40, 0x3f,
    0xf8, 0x2, 0x60, 0x1f, 0xfc, 0xd, 0x0, 0xff,
    0xe0, 0xd0, 0x7, 0xff, 0xe, 0xc0, 0x3f, 0xf8,
    0x2c, 0x60, 0x1f, 0xfc, 0x1, 0x0,

    /* U+0059 "Y" */
    0x6f, 0xff, 0xfe, 0xe, 0x0, 0x7f, 0xf0, 0x5f,
    0xff, 0xff, 0x83, 0x80, 0x20, 0x1f, 0xfc, 0x13,
    0x50, 0xf, 0xfe, 0x4, 0x80, 0x7f, 0xf0, 0x44,
    0x14, 0x3, 0xff, 0x85, 0x80, 0x1f, 0xf1, 0x8,
    0x7, 0xff, 0x5, 0x40, 0x8c, 0x3, 0xff, 0x82,
    0x80, 0x1f, 0xf2, 0x80, 0x7f, 0xf0, 0xa8, 0x1,
    0x60, 0x1f, 0xfc, 0x12, 0x10, 0xf, 0xf6, 0x0,
    0x7f, 0xf0, 0x48, 0x80, 0x6, 0x0, 0xff, 0xe1,
    0x20, 0x7, 0xf9, 0x0, 0x3f, 0xf8, 0x34, 0x1,
    0x9, 0x80, 0x7f, 0xf0, 0x70, 0x3, 0xf8, 0xc0,
    0x3f, 0xf8, 0x4a, 0x1, 0xa8, 0x3, 0xff, 0x82,
    0x80, 0x1f, 0xc8, 0x1, 0xff, 0xc1, 0x32, 0x0,
    0xce, 0x1, 0xff, 0xc1, 0x22, 0x0, 0x7e, 0xc0,
    0xf, 0xfe, 0xd, 0x80, 0x70, 0xa0, 0x7, 0xff,
    0x5, 0x0, 0x3f, 0x20, 0x7, 0xff, 0x5, 0x80,
    0x3d, 0xa0, 0x1f, 0xfc, 0x1c, 0x0, 0xf8, 0xc0,
    0x3f, 0xf8, 0x26, 0x20, 0x1e, 0x70, 0xf, 0xfe,
    0xa, 0x0, 0x7c, 0x80, 0x1f, 0xfc, 0x1a, 0x0,
    0xf8, 0x50, 0x3, 0xff, 0x80, 0x24, 0x1, 0xeb,
    0x0, 0xff, 0xe0, 0xb8, 0x7, 0xee, 0x0, 0xff,
    0xe0, 0xa0, 0x7, 0x8c, 0x3, 0xff, 0x80, 0x82,
    0x1, 0xf9, 0x40, 0x3f, 0xf8, 0x38, 0x1, 0xc8,
    0x1, 0xff, 0xc1, 0xd0, 0xf, 0xf2, 0x80, 0x7f,
    0xf0, 0x10, 0x3, 0xb0, 0x3, 0xff, 0x82, 0xe0,
    0x1f, 0xef, 0x0, 0xff, 0xe0, 0x9, 0x0, 0x64,
    0x0, 0xff, 0xe0, 0x20, 0x80, 0x7f, 0x94, 0x3,
    0xff, 0x82, 0xa0, 0x18, 0xc0, 0x3f, 0xf8, 0x1c,
    0x1, 0xff, 0xc0, 0x50, 0xf, 0xfe, 0x6, 0x0,
    0x48, 0x1, 0xff, 0xc1, 0x50, 0xf, 0xfe, 0x7,
    0x0, 0x7f, 0xf0, 0x10, 0x2, 0xc0, 0xf, 0xfe,
    0x2, 0x80, 0x7f, 0xf0, 0x50, 0x40, 0x3f, 0xf8,
    0x6, 0x0, 0x40, 0xf, 0xfe, 0x7, 0x80, 0x7f,
    0xf0, 0x9c, 0x3, 0xff, 0x80, 0x80, 0x26, 0x1,
    0xff, 0xc0, 0x50, 0xf, 0xfe, 0x16, 0x80, 0x7f,
    0xf0, 0x30, 0x10, 0x3, 0xff, 0x80, 0xc0, 0x1f,
    0xfc, 0x34, 0x10, 0xf, 0xf9, 0x3, 0x0, 0x3f,
    0xf8, 0x1a, 0x1, 0xff, 0xc4, 0x70, 0xf, 0xfe,
    0x1, 0xa0, 0x7, 0xfc, 0x28, 0x1, 0xff, 0xc4,
    0xd0, 0xf, 0xfe, 0x7, 0x90, 0x7, 0xfc, 0xe0,
    0x1f, 0xfc, 0x54, 0x10, 0xf, 0xf8, 0xc0, 0x3f,
    0xf8, 0x14, 0x1, 0xff, 0xc6, 0x70, 0xf, 0xfe,
    0x58, 0x98, 0x7, 0xff, 0x1a, 0x80, 0x3f, 0xf9,
    0x6c, 0x1, 0xff, 0xc7, 0x32, 0x0, 0xff, 0xe5,
    0x58, 0x7, 0xff, 0x21, 0x40, 0x3f, 0xf9, 0x24,
    0x60, 0x1f, 0xfc, 0x8b, 0x0, 0xff, 0xe4, 0xa8,
    0x7, 0xff, 0x24, 0xc8, 0x3, 0xff, 0x91, 0x40,
    0x1f, 0xfc, 0xa5, 0x0, 0xff, 0xe3, 0x91, 0x0,
    0x3f, 0xf9, 0x54, 0x1, 0xff, 0xc7, 0xa0, 0xf,
    0xfe, 0x59, 0x10, 0x3, 0xff, 0x8c, 0xa0, 0x1f,
    0xfc, 0xca, 0x0, 0xff, 0xe2, 0x99, 0x0, 0x7f,
    0xf3, 0x14, 0x3, 0xff, 0x8b, 0x60, 0x1f, 0xfc,
    0xd2, 0x30, 0xf, 0xfe, 0x23, 0x0, 0x7f, 0xf3,
    0xac, 0x3, 0xff, 0x86, 0x62, 0x1, 0xff, 0xce,
    0x60, 0xf, 0xfe, 0x1d, 0x0, 0x7f, 0xf3, 0xc4,
    0xc0, 0x3f, 0xf8, 0x4e, 0x1, 0xff, 0xd0, 0xb0,
    0xf, 0xfe, 0x9, 0x88, 0x7, 0xff, 0x40, 0x40,
    0x3f, 0xf8, 0x2e, 0x1, 0xff, 0xff, 0x0, 0xff,
    0xff, 0x80, 0x7f, 0xff, 0xc0, 0x3f, 0xff, 0xe0,
    0x1f, 0xff, 0xf0, 0xf, 0xff, 0xf8, 0x7, 0xff,
    0xfc, 0x3, 0xff, 0xfe, 0x1, 0xff, 0xff, 0x0,
    0xff, 0xff, 0x80, 0x7f, 0xff, 0xc0, 0x3f, 0xff,
    0xe0, 0x1f, 0xff, 0xf0, 0xf, 0xff, 0xf8, 0x7,
    0xff, 0xfc, 0x3, 0x20, 0x80, 0x7f, 0xf0, 0x34,
    0x3, 0xff, 0x86,

    /* U+005A "Z" */
    0xaf, 0xff, 0xfe, 0xbb, 0xa8, 0x7, 0xff, 0x5e,
    0xc0, 0x3f, 0xff, 0xe0, 0x1f, 0xff, 0xf0, 0xf,
    0xff, 0xf8, 0x7, 0xff, 0xfc, 0x3, 0xff, 0xaa,
    0x80, 0x1f, 0xfd, 0x8b, 0xfe, 0xef, 0xfe, 0x3c,
    0x80, 0x7f, 0xf0, 0x94, 0x0, 0x23, 0xff, 0xc7,
    0xd0, 0xf, 0xfe, 0x15, 0x80, 0x7f, 0xf2, 0x9,
    0x0, 0x3f, 0xf8, 0x2a, 0x40, 0x1f, 0xfc, 0x88,
    0x0, 0xff, 0xe1, 0x48, 0x7, 0xff, 0x20, 0x94,
    0x3, 0xff, 0x82, 0x86, 0x1, 0xff, 0xc8, 0xb0,
    0xf, 0xfe, 0x14, 0x0, 0x7f, 0xf2, 0x5, 0x80,
    0x3f, 0xf8, 0x28, 0x60, 0x1f, 0xfc, 0x88, 0x0,
    0xff, 0xe1, 0x78, 0x7, 0xff, 0x20, 0x58, 0x3,
    0xff, 0x82, 0x68, 0x1, 0xff, 0xc8, 0x90, 0xf,
    0xfe, 0x14, 0x0, 0x7f, 0xf2, 0x5, 0xc0, 0x3f,
    0xf8, 0x24, 0x80, 0x1f, 0xfc, 0x89, 0x0, 0xff,
    0xe1, 0x40, 0x7, 0xff, 0x25, 0x80, 0x3f, 0xf8,
    0x24, 0xa0, 0x1f, 0xfc, 0x87, 0x10, 0xf, 0xfe,
    0xd, 0x80, 0x7f, 0xf2, 0x64, 0x3, 0xff, 0x82,
    0x2c, 0x1, 0xff, 0xc8, 0x61, 0x0, 0xff, 0xe0,
    0xc0, 0x7, 0xff, 0x26, 0x0, 0x3f, 0xf8, 0x22,
    0xc0, 0x1f, 0xfc, 0x86, 0x10, 0xf, 0xfe, 0xc,
    0x80, 0x7f, 0xf2, 0x6c, 0x3, 0xff, 0x82, 0x2e,
    0x1, 0xff, 0xc8, 0x52, 0x0, 0xff, 0xe0, 0xb0,
    0x7, 0xff, 0x26, 0x0, 0x3f, 0xf8, 0x52, 0x1,
    0xff, 0xc8, 0x42, 0x0, 0xff, 0xe0, 0xb8, 0x80,
    0x7f, 0xf2, 0x20, 0x3, 0xff, 0x85, 0x20, 0x1f,
    0xfc, 0x84, 0x30, 0xf, 0xfe, 0xb, 0x8, 0x7,
    0xff, 0x23, 0xc0, 0x3f, 0xf8, 0x50, 0x1, 0xff,
    0xc8, 0x34, 0x0, 0xff, 0xe0, 0xb0, 0x80, 0x7f,
    0xf2, 0x20, 0x3, 0xff, 0x85, 0x60, 0x1f, 0xfc,
    0x83, 0x40, 0xf, 0xfe, 0xa, 0x90, 0x7, 0xff,
    0x22, 0x40, 0x3f, 0xf8, 0x50, 0x1, 0xff, 0xc8,
    0x25, 0x0, 0xff, 0xe0, 0xa1, 0x0, 0x7f, 0xf2,
    0x20, 0x3, 0xff, 0x85, 0x0, 0x1f, 0xfc, 0x82,
    0x50, 0xf, 0xfe, 0xa, 0x18, 0x7, 0xff, 0x22,
    0xc0, 0x3f, 0xf8, 0x5e, 0x1, 0xff, 0xc8, 0x16,
    0x0, 0xff, 0xe0, 0x9a, 0x0, 0x7f, 0xf2, 0x24,
    0x3, 0xff, 0x85, 0x0, 0x1f, 0xfc, 0x81, 0x70,
    0xf, 0xfe, 0x9, 0x20, 0x7, 0xff, 0x22, 0x40,
    0x3f, 0xf8, 0x50, 0x1, 0xff, 0xc9, 0x60, 0xf,
    0xfe, 0x9, 0x28, 0x7, 0xff, 0x21, 0xc4, 0x3,
    0xff, 0x83, 0x60, 0x1f, 0xfc, 0x99, 0x0, 0xff,
    0xe0, 0x8b, 0x0, 0x7f, 0xf2, 0x18, 0x40, 0x3f,
    0xf8, 0x30, 0x1, 0xff, 0xc9, 0x80, 0xf, 0xfe,
    0x8, 0xb0, 0x7, 0xff, 0x21, 0x84, 0x3, 0xff,
    0x83, 0x20, 0x1f, 0xfc, 0x9b, 0x0, 0xff, 0xe0,
    0x8b, 0x80, 0x7f, 0xf2, 0x14, 0x80, 0x3f, 0xf8,
    0x32, 0x1, 0xff, 0xc9, 0x90, 0xf, 0xfe, 0x12,
    0x8, 0xff, 0xf1, 0xc0, 0x6, 0x1, 0xff, 0xc2,
    0xce, 0xef, 0xfe, 0x3f, 0xc0, 0x7, 0xff, 0x61,
    0x0, 0x3f, 0xff, 0xe0, 0x1f, 0xff, 0xf0, 0xf,
    0xff, 0xf8, 0x7, 0xff, 0xfc, 0x3, 0xff, 0xaa,
    0xa0, 0x1f, 0xfd, 0x7b,

    /* U+00B7 "·" */
    0x0, 0xc5, 0x19, 0xdf, 0xd6, 0xc0, 0x1f, 0xa3,
    0x5c, 0xc4, 0x5, 0x27, 0x4c, 0x3, 0xa5, 0xc0,
    0x3f, 0x16, 0x18, 0x4, 0xac, 0x1, 0xff, 0x68,
    0x5, 0x60, 0x1f, 0xfc, 0x1, 0x80, 0x31, 0x0,
    0xff, 0xe0, 0xa8, 0x20, 0x7, 0xff, 0x8, 0x87,
    0xc0, 0x3f, 0xf8, 0x66, 0x1, 0xff, 0xc5, 0xf0,
    0xf, 0xfe, 0x19, 0xa0, 0x7, 0xff, 0x8, 0x84,
    0xc8, 0x3, 0xff, 0x83, 0x40, 0x9, 0x0, 0xff,
    0xe0, 0x13, 0x80, 0x11, 0xc0, 0x3f, 0xef, 0x0,
    0xd1, 0x20, 0x1f, 0x8b, 0x48, 0x3, 0x9b, 0x9c,
    0xc4, 0x5, 0x2b, 0x48, 0x2
};


/*---------------------
 *  GLYPH DESCRIPTION
 *--------------------*/

static const lv_font_fmt_txt_glyph_dsc_t glyph_dsc[] = {
    {.bitmap_index = 0, .adv_w = 0, .box_w = 0, .box_h = 0, .ofs_x = 0, .ofs_y = 0} /* id = 0 reserved */,
    {.bitmap_index = 0, .adv_w = 320, .box_w = 0, .box_h = 0, .ofs_x = 0, .ofs_y = 0},
    {.bitmap_index = 0, .adv_w = 530, .box_w = 29, .box_h = 13, .ofs_x = 2, .ofs_y = 23},
    {.bitmap_index = 32, .adv_w = 725, .box_w = 40, .box_h = 72, .ofs_x = 3, .ofs_y = -1},
    {.bitmap_index = 451, .adv_w = 454, .box_w = 25, .box_h = 70, .ofs_x = 0, .ofs_y = 0},
    {.bitmap_index = 581, .adv_w = 701, .box_w = 41, .box_h = 71, .ofs_x = 2, .ofs_y = 0},
    {.bitmap_index = 1112, .adv_w = 698, .box_w = 39, .box_h = 71, .ofs_x = 2, .ofs_y = -1},
    {.bitmap_index = 1645, .adv_w = 774, .box_w = 46, .box_h = 70, .ofs_x = 1, .ofs_y = 0},
    {.bitmap_index = 2059, .adv_w = 702, .box_w = 39, .box_h = 71, .ofs_x = 3, .ofs_y = -1},
    {.bitmap_index = 2477, .adv_w = 704, .box_w = 39, .box_h = 72, .ofs_x = 3, .ofs_y = -1},
    {.bitmap_index = 3039, .adv_w = 651, .box_w = 39, .box_h = 70, .ofs_x = 1, .ofs_y = 0},
    {.bitmap_index = 3515, .adv_w = 704, .box_w = 38, .box_h = 72, .ofs_x = 3, .ofs_y = -1},
    {.bitmap_index = 4160, .adv_w = 696, .box_w = 40, .box_h = 72, .ofs_x = 1, .ofs_y = -1},
    {.bitmap_index = 4713, .adv_w = 440, .box_w = 16, .box_h = 49, .ofs_x = 6, .ofs_y = 0},
    {.bitmap_index = 4892, .adv_w = 771, .box_w = 46, .box_h = 70, .ofs_x = 1, .ofs_y = 0},
    {.bitmap_index = 5575, .adv_w = 752, .box_w = 41, .box_h = 70, .ofs_x = 4, .ofs_y = 0},
    {.bitmap_index = 6028, .adv_w = 742, .box_w = 41, .box_h = 72, .ofs_x = 3, .ofs_y = -1},
    {.bitmap_index = 6473, .adv_w = 762, .box_w = 40, .box_h = 70, .ofs_x = 4, .ofs_y = 0},
    {.bitmap_index = 6767, .adv_w = 701, .box_w = 38, .box_h = 70, .ofs_x = 4, .ofs_y = 0},
    {.bitmap_index = 6937, .adv_w = 674, .box_w = 37, .box_h = 70, .ofs_x = 4, .ofs_y = 0},
    {.bitmap_index = 7093, .adv_w = 747, .box_w = 41, .box_h = 72, .ofs_x = 3, .ofs_y = -1},
    {.bitmap_index = 7539, .adv_w = 768, .box_w = 40, .box_h = 70, .ofs_x = 4, .ofs_y = 0},
    {.bitmap_index = 7713, .adv_w = 368, .box_w = 15, .box_h = 70, .ofs_x = 4, .ofs_y = 0},
    {.bitmap_index = 7775, .adv_w = 723, .box_w = 40, .box_h = 71, .ofs_x = 1, .ofs_y = -1},
    {.bitmap_index = 8055, .adv_w = 786, .box_w = 44, .box_h = 70, .ofs_x = 4, .ofs_y = 0},
    {.bitmap_index = 8565, .adv_w = 682, .box_w = 38, .box_h = 70, .ofs_x = 4, .ofs_y = 0},
    {.bitmap_index = 8704, .adv_w = 877, .box_w = 47, .box_h = 70, .ofs_x = 4, .ofs_y = 0},
    {.bitmap_index = 9024, .adv_w = 822, .box_w = 43, .box_h = 70, .ofs_x = 4, .ofs_y = 0},
    {.bitmap_index = 9350, .adv_w = 757, .box_w = 41, .box_h = 72, .ofs_x = 3, .ofs_y = -1},
    {.bitmap_index = 9769, .adv_w = 744, .box_w = 41, .box_h = 70, .ofs_x = 4, .ofs_y = 0},
    {.bitmap_index = 10091, .adv_w = 738, .box_w = 40, .box_h = 80, .ofs_x = 3, .ofs_y = -9},
    {.bitmap_index = 10522, .adv_w = 754, .box_w = 42, .box_h = 70, .ofs_x = 4, .ofs_y = 0},
    {.bitmap_index = 10997, .adv_w = 710, .box_w = 40, .box_h = 72, .ofs_x = 2, .ofs_y = -1},
    {.bitmap_index = 11633, .adv_w = 749, .box_w = 43, .box_h = 70, .ofs_x = 2, .ofs_y = 0},
    {.bitmap_index = 11796, .adv_w = 766, .box_w = 40, .box_h = 71, .ofs_x = 4, .ofs_y = -1},
    {.bitmap_index = 12083, .adv_w = 781, .box_w = 45, .box_h = 70, .ofs_x = 2, .ofs_y = 0},
    {.bitmap_index = 12815, .adv_w = 1102, .box_w = 65, .box_h = 70, .ofs_x = 2, .ofs_y = 0},
    {.bitmap_index = 13899, .adv_w = 760, .box_w = 44, .box_h = 70, .ofs_x = 2, .ofs_y = 0},
    {.bitmap_index = 14633, .adv_w = 758, .box_w = 44, .box_h = 70, .ofs_x = 2, .ofs_y = 0},
    {.bitmap_index = 15140, .adv_w = 659, .box_w = 37, .box_h = 70, .ofs_x = 2, .ofs_y = 0},
    {.bitmap_index = 15560, .adv_w = 360, .box_w = 17, .box_h = 16, .ofs_x = 3, .ofs_y = 21}
};

/*---------------------
 *  CHARACTER MAPPING
 *--------------------*/

static const uint16_t unicode_list_0[] = {
    0x0, 0xd
};

/*Collect the unicode lists and glyph_id offsets*/
static const lv_font_fmt_txt_cmap_t cmaps[] =
{
    {
        .range_start = 32, .range_length = 14, .glyph_id_start = 1,
        .unicode_list = unicode_list_0, .glyph_id_ofs_list = NULL, .list_length = 2, .type = LV_FONT_FMT_TXT_CMAP_SPARSE_TINY
    },
    {
        .range_start = 48, .range_length = 11, .glyph_id_start = 3,
        .unicode_list = NULL, .glyph_id_ofs_list = NULL, .list_length = 0, .type = LV_FONT_FMT_TXT_CMAP_FORMAT0_TINY
    },
    {
        .range_start = 65, .range_length = 26, .glyph_id_start = 14,
        .unicode_list = NULL, .glyph_id_ofs_list = NULL, .list_length = 0, .type = LV_FONT_FMT_TXT_CMAP_FORMAT0_TINY
    },
    {
        .range_start = 183, .range_length = 1, .glyph_id_start = 40,
        .unicode_list = NULL, .glyph_id_ofs_list = NULL, .list_length = 0, .type = LV_FONT_FMT_TXT_CMAP_FORMAT0_TINY
    }
};

/*-----------------
 *    KERNING
 *----------------*/


/*Map glyph_ids to kern left classes*/
static const uint8_t kern_left_class_mapping[] =
{
    0, 0, 0, 0, 1, 2, 3, 4,
    5, 6, 7, 2, 2, 0, 8, 9,
    10, 9, 11, 12, 10, 13, 0, 14,
    15, 16, 0, 0, 10, 17, 18, 19,
    20, 21, 14, 22, 22, 23, 24, 0,
    0
};

/*Map glyph_ids to kern right classes*/
static const uint8_t kern_right_class_mapping[] =
{
    0, 0, 1, 0, 2, 3, 0, 0,
    0, 0, 4, 0, 0, 0, 5, 6,
    7, 6, 6, 6, 7, 0, 0, 8,
    9, 10, 0, 6, 7, 6, 7, 11,
    12, 13, 0, 14, 14, 15, 16, 0,
    0
};

/*Kern values between classes*/
static const int8_t kern_class_values[] =
{
    0, -11, 6, 0, 0, 0, 0, 0,
    0, 0, 0, 0, 0, 0, 0, 0,
    0, -20, 0, 0, 0, 0, 0, 0,
    0, 0, 0, 0, 0, 0, 0, 0,
    0, -23, 0, 0, 0, 0, 0, 0,
    0, 0, 0, 0, 0, 0, 0, 0,
    0, -77, 0, -80, 0, 0, 0, 0,
    0, 0, 0, 0, 0, 0, 0, 0,
    0, -11, 0, 0, 0, 0, 0, 0,
    0, 0, 0, 0, 0, 0, 0, 0,
    0, -16, 0, 0, 0, 0, 0, 0,
    0, 0, 0, 0, 0, 0, 0, 0,
    0, -4, 0, 0, 0, 0, 0, 0,
    0, 0, 0, 0, 0, 0, 0, 0,
    -3, 0, 0, 0, 20, 0, -27, 1,
    0, 0, 0, -36, -84, -108, 4, -80,
    0, 0, 0, 0, -28, -4, 0, 0,
    -4, 0, 0, 0, 0, -34, -40, -48,
    -7, 0, 0, 0, -14, 0, 0, 0,
    0, 0, 0, 0, 0, -1, -20, -18,
    -4, 0, 0, 0, 23, 0, 0, 11,
    0, 0, 0, 0, 0, 0, 0, 0,
    -48, 0, 0, 0, -58, 0, 0, -9,
    0, 0, 0, 0, 0, 0, 0, 0,
    0, 0, 0, 0, 0, -4, 0, 0,
    0, 0, 0, 0, 0, 0, 0, 0,
    0, 0, 0, 0, -20, -9, -4, 0,
    0, 0, 0, 0, 0, 0, 0, 0,
    0, 0, 0, 0, 11, 0, -30, 0,
    0, 0, 0, -31, 0, 0, 0, 0,
    0, 0, 0, 0, 24, 0, -6, 0,
    0, 0, 0, -3, -117, 0, 0, -48,
    0, 0, 0, 0, -48, 0, 0, -81,
    0, 0, 0, 0, 0, -20, -31, -31,
    -7, 0, 0, 0, -14, 0, 0, 0,
    0, 0, 0, 0, 0, -1, -18, -20,
    0, 0, 0, 0, 7, 0, 0, 0,
    0, 0, 0, 4, 0, -6, 0, -40,
    0, 0, 0, 0, 0, -4, 0, 0,
    0, 0, 0, 0, -9, -21, -40, -36,
    -98, 0, 0, 0, -78, 0, -27, 0,
    0, -4, 0, 0, 0, 0, 0, 0,
    -70, 0, 0, 0, -107, 0, -24, -50,
    0, 0, -4, -21, 0, 0, 0, 0,
    -20, 0, 0, 0, 4, 0, -23, -10,
    0, 0, 0, -40, 0, 0, 0, 0,
    -84, 0, 0, 0, -98, -11, -33, -81,
    0, -4, -9, -38, 0, 0, 0, 0
};


/*Collect the kern class' data in one place*/
static const lv_font_fmt_txt_kern_classes_t kern_classes =
{
    .class_pair_values   = kern_class_values,
    .left_class_mapping  = kern_left_class_mapping,
    .right_class_mapping = kern_right_class_mapping,
    .left_class_cnt      = 24,
    .right_class_cnt     = 16,
};

/*--------------------
 *  ALL CUSTOM DATA
 *--------------------*/

#if LVGL_VERSION_MAJOR == 8
/*Store all the custom data of the font*/
static  lv_font_fmt_txt_glyph_cache_t cache;
#endif

#if LVGL_VERSION_MAJOR >= 8
static const lv_font_fmt_txt_dsc_t font_dsc = {
#else
static lv_font_fmt_txt_dsc_t font_dsc = {
#endif
    .glyph_bitmap = glyph_bitmap,
    .glyph_dsc = glyph_dsc,
    .cmaps = cmaps,
    .kern_dsc = &kern_classes,
    .kern_scale = 18,
    .cmap_num = 4,
    .bpp = 4,
    .kern_classes = 1,
    .bitmap_format = 1,
#if LVGL_VERSION_MAJOR == 8
    .cache = &cache
#endif
};



/*-----------------
 *  PUBLIC FONT
 *----------------*/

/*Initialize a public general font descriptor*/
#if LVGL_VERSION_MAJOR >= 8
const lv_font_t ui_font_head_100 = {
#else
lv_font_t ui_font_head_100 = {
#endif
    .get_glyph_dsc = lv_font_get_glyph_dsc_fmt_txt,    /*Function pointer to get glyph's data*/
    .get_glyph_bitmap = lv_font_get_bitmap_fmt_txt,    /*Function pointer to get glyph's bitmap*/
    .line_height = 80,          /*The maximum line height required by the font*/
    .base_line = 9,             /*Baseline measured from the bottom of the line*/
#if !(LVGL_VERSION_MAJOR == 6 && LVGL_VERSION_MINOR == 0)
    .subpx = LV_FONT_SUBPX_NONE,
#endif
#if LV_VERSION_CHECK(7, 4, 0) || LVGL_VERSION_MAJOR >= 8
    .underline_position = -7,
    .underline_thickness = 5,
#endif
    .dsc = &font_dsc,          /*The custom font data. Will be accessed by `get_glyph_bitmap/dsc` */
#if LV_VERSION_CHECK(8, 2, 0) || LVGL_VERSION_MAJOR >= 9
    .fallback = NULL,
#endif
    .user_data = NULL,
};



#endif /*#if UI_FONT_HEAD_100*/

