/*******************************************************************************
 * Size: 62 px
 * Bpp: 4
 * Opts: --bpp 4 --size 62 --format lvgl --lv-include lvgl.h --font fonts/src/BarlowCondensed-Bold.ttf --autohint-off -r 0x20-0x7E -r 0xA0-0xFF -r 0x2013-0x2014 -r 0x2026 --lv-font-name ui_font_head_62 -o components/ui/fonts/ui_font_head_62.c
 ******************************************************************************/

#ifdef LV_LVGL_H_INCLUDE_SIMPLE
#include "lvgl.h"
#else
#include "lvgl.h"
#endif

#ifndef UI_FONT_HEAD_62
#define UI_FONT_HEAD_62 1
#endif

#if UI_FONT_HEAD_62

/*-----------------
 *    BITMAPS
 *----------------*/

/*Store the image of the glyphs*/
static LV_ATTRIBUTE_LARGE_CONST const uint8_t glyph_bitmap[] = {
    /* U+0020 " " */

    /* U+0021 "!" */
    0x9, 0xff, 0xfb, 0x0, 0xa, 0x1, 0xf1, 0x0,
    0x1c, 0x3, 0xff, 0x8c, 0x60, 0x1, 0x0, 0xff,
    0x18, 0x7, 0xc2, 0x1, 0xff, 0xc1, 0x10, 0xf,
    0x9c, 0x3, 0xff, 0x83, 0xe0, 0x1f, 0x8, 0x7,
    0xff, 0x4, 0x40, 0x3e, 0x30, 0xf, 0xfe, 0x9,
    0x80, 0x7c, 0x20, 0x1, 0x0, 0xff, 0xe3, 0x78,
    0x1, 0xc0, 0x3f, 0xf8, 0xc2, 0x0, 0x10, 0xf,
    0xfe, 0x31, 0x80, 0xc, 0x3, 0xff, 0x8c, 0x20,
    0x1, 0x0, 0xf9, 0xc0, 0x3f, 0xf9, 0x22, 0x1,
    0x8, 0x7, 0xff, 0x14, 0xc0, 0x25, 0x0, 0xe1,
    0x10, 0x5, 0x7f, 0xfd, 0xc0, 0x1f, 0xfe, 0x58,
    0xdf, 0xea, 0x20, 0x8, 0x75, 0xc8, 0x5, 0x75,
    0x0, 0x16, 0x40, 0x1e, 0xa0, 0x2, 0x80, 0x7c,
    0x28, 0x40, 0x1f, 0xc6, 0x1, 0xff, 0x10, 0x7,
    0xf1, 0x83, 0x0, 0x7c, 0x28, 0x12, 0x60, 0x1e,
    0xd0, 0xb, 0x1c, 0x80, 0x57, 0x4c, 0x0,

    /* U+0022 "\"" */
    0xe, 0xff, 0xf8, 0x2, 0x9f, 0xff, 0x94, 0x4,
    0x3, 0xe1, 0x0, 0x18, 0x7, 0xc6, 0x1, 0xfc,
    0x20, 0x3, 0x0, 0xf8, 0xc0, 0x40, 0x3c, 0x20,
    0x10, 0x80, 0x7c, 0x20, 0x60, 0x1e, 0x30, 0xb,
    0xc0, 0x3e, 0x70, 0x10, 0xf, 0x8, 0x4, 0x20,
    0x1f, 0x8, 0x38, 0x7, 0x9c, 0x2, 0x30, 0xf,
    0x8c, 0x4, 0x3, 0xc2, 0x1, 0x8, 0x7, 0xc2,
    0x6, 0x1, 0xe3, 0x0, 0x9c, 0x3, 0xf8, 0x40,
    0x3c, 0x20, 0x10, 0x80, 0x78, 0x40, 0x1e, 0x1,
    0xef, 0x0, 0x8c, 0x3, 0xc6, 0x0, 0x10, 0xf,
    0x8, 0x4, 0x20, 0x1e, 0x10, 0x1, 0x80, 0x78,
    0xc0, 0x3f, 0xce, 0x0, 0x70, 0xf, 0x30, 0x6,
    0x40, 0xe, 0x30,

    /* U+0023 "#" */
    0x0, 0xfc, 0x4f, 0x11, 0xe6, 0x0, 0xf3, 0x44,
    0x79, 0xcc, 0x3, 0xfe, 0x88, 0x3b, 0xfa, 0x40,
    0x38, 0xa5, 0xdf, 0xd1, 0x60, 0x1f, 0xf3, 0x80,
    0x7c, 0x20, 0x1c, 0xe0, 0x1f, 0xb8, 0x3, 0xfe,
    0x20, 0xf, 0x88, 0x3, 0x88, 0x3, 0xf1, 0x0,
    0x7f, 0x88, 0x3, 0xf2, 0x80, 0x77, 0x0, 0x7e,
    0x60, 0xf, 0xf3, 0x0, 0x7e, 0xe0, 0xe, 0x50,
    0xf, 0xc4, 0x1, 0xfe, 0x20, 0xf, 0xc4, 0x1,
    0xc4, 0x1, 0xf1, 0x0, 0x7f, 0xde, 0x1, 0xf9,
    0xc0, 0x38, 0x40, 0x3e, 0x70, 0xf, 0xf8, 0x80,
    0x3f, 0x10, 0x6, 0x30, 0xf, 0xc4, 0x1, 0xe2,
    0x66, 0xca, 0x1, 0xf9, 0x9b, 0xa4, 0x3, 0xf1,
    0xb3, 0x14, 0x2, 0x99, 0xe1, 0x0, 0xfd, 0x33,
    0xca, 0x1, 0xf9, 0x26, 0x54, 0x1, 0xff, 0xd7,
    0x10, 0xf, 0xff, 0xf8, 0x7, 0xff, 0xdc, 0x80,
    0x3f, 0xfa, 0x42, 0x20, 0x4, 0xff, 0xb8, 0x3,
    0xf2, 0xff, 0xf3, 0x0, 0x7e, 0xdf, 0xfb, 0x80,
    0x3c, 0x40, 0x1f, 0xb4, 0x3, 0x88, 0x3, 0xf1,
    0x0, 0x7f, 0x94, 0x3, 0xf1, 0x0, 0x72, 0x80,
    0x7c, 0x40, 0x1f, 0xf7, 0x0, 0x7e, 0x60, 0xe,
    0x10, 0xf, 0x98, 0x3, 0xfe, 0x20, 0xf, 0xc4,
    0x1, 0x88, 0x3, 0xf1, 0x0, 0x7f, 0xce, 0x1,
    0xf0, 0x88, 0x3, 0x30, 0x7, 0xef, 0x0, 0xf1,
    0xb3, 0x62, 0x0, 0xfc, 0xcd, 0xde, 0x1, 0xfb,
    0x19, 0x86, 0x1, 0x74, 0xce, 0x0, 0xfc, 0x33,
    0x3c, 0x80, 0x1f, 0x96, 0x65, 0xa0, 0x11, 0x80,
    0x7f, 0xff, 0xc0, 0x3f, 0xff, 0xe0, 0x1f, 0xfc,
    0xc5, 0x0, 0xff, 0xe9, 0x10, 0x5, 0x7f, 0xec,
    0x0, 0xfc, 0xff, 0xfc, 0x80, 0x1f, 0xbb, 0xfe,
    0xc0, 0xf, 0x30, 0x7, 0xee, 0x0, 0xe6, 0x0,
    0xf8, 0x44, 0x1, 0xfe, 0xd0, 0xf, 0xca, 0x1,
    0xc4, 0x1, 0xf1, 0x0, 0x7f, 0xc4, 0x1, 0xf8,
    0x80, 0x31, 0x0, 0x7e, 0x50, 0xf, 0xf9, 0x80,
    0x3f, 0x8, 0x6, 0x60, 0xf, 0xdc, 0x1, 0xff,
    0x18, 0x7, 0xc6, 0x1, 0xc6, 0x1, 0xf8, 0x80,
    0x3f, 0xc2, 0x1, 0xf9, 0x80, 0x3b, 0x80, 0x3f,
    0x38, 0x7, 0xf8, 0x80, 0x3f, 0x10, 0x7, 0x10,
    0x7, 0xe2, 0x0, 0xff, 0xe3, 0xe0, 0x7, 0xff,
    0x4, 0xc0, 0x3f, 0x80,

    /* U+0024 "$" */
    0x0, 0xfe, 0x6f, 0xfe, 0xb0, 0xf, 0xfe, 0x3f,
    0x80, 0x73, 0x0, 0x7f, 0xf1, 0xc4, 0x3, 0xff,
    0xfe, 0xd6, 0xe0, 0x1c, 0x58, 0xe2, 0x1, 0xff,
    0xc0, 0x5e, 0x94, 0x0, 0xf8, 0xe3, 0xa0, 0x3,
    0xfd, 0x34, 0x20, 0x1f, 0xfc, 0x7, 0xc1, 0x0,
    0xfa, 0x98, 0x3, 0xff, 0x86, 0x78, 0x20, 0x1c,
    0xca, 0x1, 0xff, 0xc5, 0x2a, 0x0, 0xc3, 0x20,
    0x1f, 0xfc, 0x74, 0x50, 0x9, 0x80, 0x3f, 0xf9,
    0x32, 0x1, 0x50, 0x7, 0xe3, 0xcf, 0xd6, 0x0,
    0xfc, 0x64, 0x2, 0x40, 0x1f, 0xe, 0x98, 0x14,
    0xa8, 0x7, 0xe4, 0x2, 0x0, 0xfc, 0xc2, 0x1,
    0xa0, 0x3, 0xf7, 0x83, 0x80, 0x7e, 0xd0, 0xe,
    0x20, 0xf, 0xc6, 0x1, 0xff, 0xc5, 0x10, 0xf,
    0x84, 0x3, 0xfd, 0xa0, 0x1f, 0xfc, 0x45, 0x0,
    0xfc, 0xc0, 0x1e, 0xb7, 0x7f, 0xa0, 0x4, 0x40,
    0x1f, 0xc, 0x80, 0x72, 0xc4, 0x7c, 0x60, 0x7,
    0x0, 0xfc, 0xd2, 0x1, 0xff, 0xc3, 0xb0, 0xf,
    0xe6, 0xb1, 0x0, 0xff, 0xe0, 0x93, 0x0, 0x7f,
    0x26, 0x18, 0x7, 0xff, 0x6, 0x44, 0x3, 0xf8,
    0xb1, 0x80, 0x3f, 0xf8, 0x3a, 0x1, 0xff, 0x4d,
    0x0, 0x7f, 0xf0, 0xe, 0xc0, 0x3f, 0xe5, 0xd2,
    0x0, 0xff, 0x92, 0xc0, 0x3f, 0xe2, 0xd5, 0x0,
    0xff, 0x93, 0x48, 0x3, 0xfe, 0xa7, 0x0, 0xff,
    0x8b, 0x54, 0x3, 0xfe, 0x87, 0x0, 0xff, 0xe0,
    0x54, 0x80, 0x7f, 0xd0, 0xc0, 0x1f, 0xfc, 0x6,
    0xd2, 0x0, 0xff, 0x49, 0x0, 0x7f, 0xf0, 0xb,
    0x58, 0x3, 0xfd, 0xc0, 0x1f, 0xfc, 0x29, 0x90,
    0x7, 0xf1, 0xa0, 0x7, 0xff, 0x9, 0xac, 0x3,
    0xfb, 0x40, 0x6, 0xab, 0xe4, 0x0, 0xe4, 0xa0,
    0xf, 0xc8, 0x3, 0x95, 0x5e, 0xb7, 0x0, 0xe5,
    0x20, 0xf, 0x88, 0xc, 0x3, 0xff, 0x86, 0xe0,
    0x1f, 0xc6, 0x1, 0xfb, 0x80, 0x3f, 0xf8, 0x82,
    0x1, 0xf9, 0x40, 0x3c, 0xe0, 0x1f, 0x8, 0x0,
    0x40, 0x3e, 0x34, 0x0, 0xca, 0x40, 0x1f, 0x10,
    0x1, 0x40, 0x3f, 0x52, 0x80, 0xb5, 0x0, 0x7e,
    0x40, 0x6, 0x80, 0x7e, 0x1a, 0xfe, 0x90, 0xf,
    0xeb, 0x0, 0x30, 0x80, 0x7f, 0xf2, 0xc, 0xc0,
    0x14, 0x0, 0x7f, 0xf2, 0x3c, 0x3, 0x32, 0x0,
    0x7f, 0xf1, 0x9c, 0xc0, 0x3a, 0xd0, 0x3, 0xff,
    0x88, 0xd0, 0x1, 0xf5, 0xb8, 0x7, 0xff, 0xa,
    0x64, 0x1, 0xfd, 0x1a, 0xa0, 0x1f, 0xc2, 0xdc,
    0xc0, 0x1f, 0xf1, 0x57, 0xa8, 0x7, 0xaf, 0xa4,
    0x40, 0x3f, 0xf8, 0x64, 0x1, 0xc4, 0x80, 0x1f,
    0xfc, 0xc3, 0x0, 0xff, 0xe3, 0x88, 0x7, 0xff,
    0x37, 0xc0, 0x38, 0x80, 0x3f, 0xc0,

    /* U+0025 "%" */
    0x0, 0xf1, 0x46, 0x7f, 0xbb, 0x1c, 0x40, 0x3f,
    0xf8, 0x45, 0xdf, 0xfb, 0x80, 0x3f, 0xf8, 0x15,
    0xae, 0x60, 0x1, 0x38, 0xe7, 0x0, 0xff, 0xe0,
    0xc0, 0x80, 0x67, 0x0, 0xff, 0x16, 0xa8, 0x7,
    0xf4, 0x58, 0x7, 0xfc, 0x6a, 0x1, 0xd0, 0x1,
    0xfc, 0x38, 0x40, 0x1f, 0xf2, 0x58, 0x7, 0xfb,
    0xc0, 0x39, 0xc4, 0x3, 0xfb, 0x44, 0x3, 0xff,
    0x82, 0x8e, 0x1, 0xf9, 0xc, 0x3, 0xc, 0x0,
    0x7f, 0x29, 0x80, 0x62, 0x9e, 0xfd, 0x80, 0xe,
    0x81, 0x0, 0xfa, 0x40, 0x3a, 0x0, 0x3f, 0xd2,
    0x1, 0x8f, 0x58, 0x40, 0x9f, 0x0, 0x39, 0x80,
    0x3c, 0xc4, 0x1, 0x89, 0x80, 0x3f, 0xc6, 0x1,
    0xb4, 0x3, 0xc7, 0x40, 0x1b, 0x0, 0x3d, 0x0,
    0x1d, 0x0, 0x1f, 0xe3, 0x0, 0xcc, 0x20, 0x1f,
    0x28, 0x80, 0x4a, 0x1, 0xce, 0x20, 0x18, 0xd4,
    0x3, 0xfc, 0xe0, 0x1b, 0xc0, 0x3f, 0x94, 0x3,
    0xf0, 0xc0, 0x7, 0x40, 0x7, 0xfc, 0xe0, 0x1f,
    0xfc, 0x27, 0x0, 0xfd, 0x20, 0x1c, 0x88, 0x0,
    0xff, 0x8c, 0x3, 0x78, 0x7, 0xf1, 0x0, 0x4a,
    0x1, 0xb, 0x80, 0x74, 0x80, 0x7f, 0xf0, 0x4c,
    0x2, 0x61, 0x0, 0xf9, 0x44, 0x2, 0xc0, 0xa,
    0xc0, 0x39, 0x48, 0x3, 0xff, 0x83, 0x20, 0x1b,
    0x40, 0x3c, 0x56, 0x1, 0x98, 0x0, 0x6a, 0x1,
    0xd6, 0x1, 0xff, 0xc2, 0x53, 0x0, 0x8f, 0x54,
    0x40, 0x9f, 0x44, 0x2, 0x81, 0x0, 0x40, 0x7,
    0x38, 0x80, 0x7f, 0xf0, 0xf4, 0x40, 0x22, 0xae,
    0xfd, 0x80, 0xc, 0x8e, 0x0, 0x44, 0x0, 0x61,
    0x90, 0xf, 0xfe, 0x20, 0xe9, 0x0, 0x7f, 0xc9,
    0x40, 0x14, 0x0, 0x74, 0x88, 0x7, 0xff, 0x14,
    0xf1, 0x40, 0x3f, 0x9e, 0xc4, 0x0, 0xa6, 0x1,
    0x85, 0xc0, 0x3f, 0xf8, 0xe3, 0x5a, 0xe6, 0x0,
    0x13, 0x8e, 0x80, 0xd, 0x0, 0x1d, 0x0, 0x1f,
    0xfc, 0xa2, 0x8c, 0xff, 0x76, 0x38, 0x80, 0x66,
    0x20, 0xc, 0x4c, 0x1, 0xff, 0xd7, 0x80, 0xe,
    0x90, 0xf, 0xfe, 0xbc, 0x8, 0x6, 0x34, 0x0,
    0xff, 0xeb, 0xb, 0x80, 0x77, 0x80, 0x7f, 0xf5,
    0xe0, 0x3, 0x94, 0xc0, 0x3f, 0xfa, 0xc4, 0xc0,
    0x1d, 0x0, 0x1c, 0x93, 0xbf, 0xee, 0xb6, 0x0,
    0xff, 0xe5, 0x40, 0x7, 0x31, 0x0, 0x43, 0x96,
    0xc4, 0x0, 0x14, 0x9e, 0x40, 0xf, 0xfe, 0x39,
    0xa8, 0x7, 0x40, 0x4, 0x9e, 0x60, 0x1f, 0x86,
    0xe0, 0x3, 0xff, 0x8d, 0xe0, 0x1c, 0xe2, 0x0,
    0x2b, 0x10, 0xf, 0xf9, 0xdc, 0x1, 0xff, 0xc4,
    0x43, 0x0, 0xc3, 0x0, 0x17, 0x80, 0x63, 0xbe,
    0xfc, 0x50, 0xd, 0x6, 0x1, 0xff, 0xc3, 0x90,
    0xe, 0x80, 0xa, 0x8, 0x2, 0x5c, 0x41, 0x3,
    0xa9, 0x0, 0xde, 0x1, 0xff, 0xc2, 0x62, 0x0,
    0xc4, 0xc0, 0x13, 0x0, 0x43, 0x40, 0x1e, 0x65,
    0x0, 0x8c, 0xc0, 0x1f, 0xfc, 0x18, 0x0, 0xe8,
    0x0, 0x8c, 0x40, 0x29, 0x0, 0xfd, 0x0, 0x1a,
    0xc0, 0x3f, 0xf8, 0xe, 0x20, 0x18, 0xd4, 0x2,
    0x60, 0xc, 0x80, 0x1f, 0x88, 0x3, 0x10, 0x7,
    0xfc, 0x30, 0x1, 0xd0, 0x1, 0x8c, 0x3, 0xff,
    0x84, 0x20, 0x10, 0x80, 0x7f, 0xd0, 0x1, 0xc8,
    0x80, 0xf, 0xe6, 0x0, 0xfe, 0x10, 0xf, 0xfe,
    0x11, 0x30, 0x7, 0x48, 0x7, 0x10, 0x6, 0xf0,
    0xf, 0xcc, 0x1, 0x88, 0x3, 0xfd, 0x0, 0x1c,
    0xa4, 0x1, 0xc8, 0x1, 0x94, 0xc0, 0x3c, 0x30,
    0x1, 0xb0, 0x3, 0xf8, 0xd4, 0x3, 0xac, 0x3,
    0xe5, 0x0, 0xd8, 0x80, 0x18, 0xb0, 0x40, 0x21,
    0x50, 0xf, 0xe8, 0x0, 0xe7, 0x10, 0xf, 0xa4,
    0x3, 0xaf, 0x22, 0x17, 0xa4, 0x1, 0xa4, 0x3,
    0xf9, 0x10, 0x1, 0x86, 0x40, 0x3f, 0x1c, 0x0,
    0x71, 0xbb, 0x90, 0x3, 0x8d, 0xc0, 0x3f, 0xa0,
    0x3, 0xa4, 0x40, 0x3f, 0x9d, 0x40, 0x3f, 0xf8,
    0x5, 0xa0, 0x1f, 0xca, 0x60, 0x18, 0x5c, 0x3,
    0xfe, 0xa7, 0x0, 0xff, 0x26, 0x8, 0x7, 0xf7,
    0x0, 0x75, 0x80, 0x7f, 0xf0, 0x63, 0x10, 0x3,
    0xc5, 0x36, 0x20, 0x1f, 0xeb, 0xff, 0xe5, 0x0,
    0xff, 0xe1, 0x1d, 0xf5, 0x44, 0x27, 0x35, 0x80,
    0x38,

    /* U+0026 "&" */
    0x0, 0xfe, 0x37, 0xbd, 0xff, 0x76, 0xd2, 0x80,
    0x7f, 0xf2, 0xce, 0xf2, 0x10, 0x80, 0x2, 0x4b,
    0x5f, 0x0, 0x1f, 0xfc, 0x86, 0xc4, 0x0, 0xff,
    0x9f, 0x8c, 0x3, 0xff, 0x8a, 0xf2, 0x1, 0xff,
    0xc2, 0x1c, 0x40, 0xf, 0xfe, 0x1a, 0x40, 0x7,
    0xff, 0x16, 0xc8, 0x3, 0xff, 0x85, 0x20, 0x1f,
    0xfc, 0x7e, 0x0, 0xff, 0xe0, 0xa9, 0x0, 0x7f,
    0xf1, 0xcd, 0x0, 0x3f, 0xf8, 0x1e, 0x1, 0xfc,
    0xb0, 0xa0, 0x1f, 0xdc, 0x1, 0xff, 0xc0, 0x40,
    0xf, 0xd5, 0x47, 0xa9, 0x0, 0xfc, 0x80, 0x1f,
    0xfc, 0x1, 0x0, 0xf8, 0x94, 0x2, 0x63, 0x0,
    0xf8, 0x44, 0x1, 0xfe, 0x10, 0xf, 0xce, 0x1,
    0xca, 0x1, 0xf8, 0xc0, 0x3f, 0xfa, 0xc2, 0x1,
    0xfe, 0x10, 0xf, 0xcc, 0x1, 0xc8, 0x1, 0xf8,
    0x80, 0x3f, 0xe3, 0x0, 0xf8, 0xc8, 0x2, 0x42,
    0x0, 0xfc, 0x20, 0x1f, 0xf5, 0x80, 0x7e, 0x90,
    0x0, 0xd0, 0x7, 0xe4, 0x0, 0xff, 0xe0, 0x30,
    0x7, 0xe4, 0x51, 0xd1, 0x0, 0xfd, 0xc0, 0x1f,
    0xfc, 0x1, 0x80, 0xf, 0xd7, 0xe6, 0x1, 0xf8,
    0x94, 0x3, 0xff, 0x82, 0xe6, 0x1, 0xf0, 0x88,
    0x3, 0xfa, 0x40, 0x3f, 0xf8, 0x7c, 0x1, 0xff,
    0xc5, 0x74, 0x0, 0xff, 0xe1, 0x94, 0x80, 0x7f,
    0xf0, 0xda, 0x0, 0x3f, 0xf8, 0xac, 0x80, 0x1f,
    0xfc, 0x17, 0x90, 0xf, 0xfe, 0x32, 0xa0, 0x7,
    0xff, 0x2, 0x60, 0x3, 0xff, 0x8d, 0x14, 0x1,
    0xff, 0xc0, 0xd6, 0x0, 0xff, 0xe3, 0x43, 0x80,
    0x7f, 0xf0, 0x50, 0x3, 0xe3, 0x0, 0xff, 0x33,
    0x80, 0x7f, 0xf0, 0xa4, 0xc0, 0x39, 0x73, 0x6,
    0x1, 0xf1, 0xc8, 0x7, 0xff, 0x13, 0x44, 0x3,
    0x58, 0x1e, 0x51, 0x0, 0x77, 0x80, 0x7f, 0xf1,
    0x47, 0x40, 0x28, 0x10, 0x9, 0x76, 0x0, 0x25,
    0x30, 0xf, 0xc5, 0x40, 0x1f, 0x8e, 0x40, 0xdc,
    0x3, 0xcf, 0x0, 0xf, 0x0, 0xfc, 0x58, 0xb4,
    0x1, 0xf9, 0x9f, 0x80, 0x3f, 0x58, 0x1, 0x40,
    0x3f, 0x70, 0x82, 0xb8, 0x7, 0xe8, 0x20, 0xf,
    0x98, 0xc0, 0x80, 0x3f, 0x19, 0x80, 0x28, 0x50,
    0xf, 0xfe, 0x18, 0xc0, 0x1, 0x80, 0x3f, 0x20,
    0x7, 0x51, 0x0, 0x7f, 0xf0, 0xa0, 0x40, 0x3f,
    0xf8, 0xde, 0x20, 0x1f, 0xfc, 0x4, 0x60, 0xf,
    0xfe, 0x2, 0x0, 0x78, 0xa8, 0x3, 0xfe, 0x1a,
    0x0, 0xce, 0x1, 0xf8, 0xd0, 0x3, 0xcc, 0x40,
    0x1f, 0xeb, 0x10, 0xc, 0x60, 0x1f, 0xd6, 0xc2,
    0x0, 0x4a, 0xd2, 0x0, 0xff, 0x20, 0x7, 0x8c,
    0x3, 0xfa, 0x7b, 0xfd, 0x6a, 0x1, 0xff, 0xc0,
    0xd0, 0xf, 0x58, 0x7, 0xff, 0x3c, 0xe4, 0x3,
    0x9c, 0x40, 0x3f, 0xf9, 0xec, 0xa0, 0x1d, 0x40,
    0x1f, 0xfd, 0xa, 0x20, 0xc, 0x94, 0x1, 0xff,
    0xc6, 0x23, 0x0, 0xfd, 0xe2, 0x1, 0x97, 0x8,
    0x3, 0xff, 0x84, 0x33, 0xb8, 0x40, 0x1f, 0x15,
    0x0, 0x71, 0xed, 0x20, 0x7, 0xf0, 0xad, 0xf3,
    0x0, 0x3c, 0x40, 0x3e, 0x43, 0x0, 0xf2, 0xdf,
    0xe5, 0x4c, 0x42, 0x6f, 0xb9, 0x48, 0x1, 0x8b,
    0xbf, 0xff, 0x18,

    /* U+0027 "'" */
    0xe, 0xff, 0xf9, 0xc0, 0x40, 0x3e, 0xe0, 0xf,
    0xee, 0x1, 0x0, 0xf8, 0x40, 0xc0, 0x3e, 0x30,
    0x10, 0xf, 0x84, 0x1c, 0x3, 0xe7, 0x1, 0x0,
    0xf8, 0x40, 0xc0, 0x3e, 0x30, 0x10, 0xf, 0x84,
    0x3c, 0x3, 0xc2, 0x0, 0x10, 0xf, 0x18, 0x0,
    0xc0, 0x3c, 0x20, 0x6, 0x0, 0xf2, 0x0,

    /* U+0028 "(" */
    0x0, 0xf0, 0xf7, 0xff, 0xce, 0x1, 0xeb, 0x10,
    0xf, 0x90, 0x3, 0x91, 0x40, 0x3e, 0x33, 0x0,
    0x74, 0x80, 0x7e, 0x90, 0xe, 0x52, 0x0, 0xf8,
    0x54, 0x3, 0xa4, 0x3, 0xf3, 0x80, 0x71, 0x98,
    0x3, 0xf5, 0x0, 0x74, 0x80, 0x7e, 0x23, 0x0,
    0xe5, 0x0, 0xfc, 0x80, 0x1c, 0xa0, 0x1f, 0xda,
    0x1, 0xde, 0x1, 0xfc, 0x80, 0x1c, 0xa0, 0x1f,
    0x90, 0x3, 0x90, 0x3, 0xfb, 0x0, 0x3b, 0x0,
    0x3f, 0x90, 0x3, 0x90, 0x3, 0xf8, 0xc0, 0x38,
    0xc0, 0x3f, 0x10, 0x7, 0x10, 0x7, 0xf3, 0x80,
    0x73, 0x0, 0x7f, 0x68, 0x7, 0x18, 0x7, 0xf1,
    0x0, 0x77, 0x0, 0x7f, 0x30, 0x7, 0x18, 0x7,
    0xf0, 0x80, 0x73, 0x0, 0x7f, 0x10, 0x7, 0x8,
    0x7, 0xff, 0x30, 0x40, 0x3c, 0x60, 0x1f, 0xfc,
    0xc3, 0x0, 0xff, 0xe9, 0x98, 0x7, 0x8c, 0x3,
    0xff, 0x98, 0x20, 0x1e, 0x10, 0xf, 0xfe, 0x1b,
    0x0, 0x7f, 0x8, 0x7, 0x18, 0x7, 0xf1, 0x0,
    0x77, 0x0, 0x7f, 0x30, 0x7, 0x10, 0x7, 0xf1,
    0x0, 0x73, 0x80, 0x7f, 0x70, 0x7, 0x10, 0x7,
    0xf2, 0x80, 0x78, 0xc0, 0x3f, 0x18, 0x7, 0x90,
    0x3, 0xf8, 0xc0, 0x3b, 0x0, 0x3f, 0x94, 0x3,
    0x90, 0x3, 0xfb, 0x0, 0x3c, 0x80, 0x1f, 0x90,
    0x3, 0xdc, 0x1, 0xf8, 0x4c, 0x3, 0x94, 0x3,
    0xfa, 0xc0, 0x3c, 0xa0, 0x1f, 0x94, 0x3, 0xd2,
    0x1, 0xf8, 0x8c, 0x3, 0x8c, 0xc0, 0x1f, 0xa8,
    0x3, 0xd0, 0x1, 0xf9, 0xc0, 0x3c, 0x86, 0x1,
    0xf0, 0xa8, 0x7, 0xa0, 0x3, 0xf4, 0x80, 0x79,
    0x14, 0x3, 0xe3, 0x30, 0x7, 0xac, 0x40, 0x3e,
    0x40,

    /* U+0029 ")" */
    0x3f, 0xff, 0xca, 0x1, 0xf1, 0x88, 0x7, 0xd6,
    0x1, 0xf9, 0x80, 0x3e, 0x18, 0x0, 0xfa, 0x80,
    0x3f, 0x38, 0x80, 0x78, 0x90, 0x3, 0xf4, 0x0,
    0x7d, 0xc0, 0x1f, 0x98, 0x40, 0x3c, 0xa2, 0x1,
    0xf9, 0x80, 0x3e, 0x40, 0xf, 0xd2, 0x1, 0xf7,
    0x80, 0x7e, 0x14, 0x0, 0xf2, 0x80, 0x7f, 0x70,
    0x7, 0xc8, 0x1, 0xf9, 0x40, 0x3e, 0xd0, 0xf,
    0xe4, 0x0, 0xf3, 0x80, 0x7f, 0x60, 0x7, 0x84,
    0x40, 0x1f, 0x90, 0x3, 0xe4, 0x0, 0xfc, 0x62,
    0x1, 0xed, 0x0, 0xfe, 0x50, 0xf, 0x10, 0x7,
    0xf1, 0x0, 0x79, 0xc0, 0x3f, 0xbc, 0x3, 0xc4,
    0x1, 0xfc, 0xa0, 0x1f, 0x8, 0x7, 0xe1, 0x0,
    0xf8, 0xc0, 0x3f, 0x10, 0x7, 0xcc, 0x1, 0xff,
    0xc4, 0x10, 0xf, 0xe1, 0x0, 0xff, 0xe2, 0x18,
    0x7, 0x8c, 0x3, 0xff, 0x9c, 0x20, 0x1f, 0xfd,
    0x51, 0x0, 0xf1, 0x80, 0x7f, 0xf1, 0x4, 0x3,
    0xf8, 0xc0, 0x3c, 0xe0, 0x1f, 0xc2, 0x1, 0xe1,
    0x0, 0xff, 0xe2, 0x10, 0x7, 0xe2, 0x0, 0xf0,
    0x80, 0x7f, 0x30, 0x7, 0x88, 0x3, 0xf8, 0x80,
    0x3c, 0xc0, 0x1f, 0xde, 0x1, 0xed, 0x0, 0xfe,
    0x50, 0xf, 0x18, 0x7, 0xf1, 0x80, 0x79, 0x40,
    0x3f, 0x18, 0x7, 0x88, 0x40, 0x3f, 0x20, 0x7,
    0x90, 0x3, 0xfb, 0x0, 0x3d, 0x80, 0x1f, 0x85,
    0x0, 0x3c, 0x80, 0x1f, 0x90, 0x3, 0xc8, 0x20,
    0x1f, 0xb8, 0x3, 0xda, 0x1, 0xf8, 0x50, 0x3,
    0xce, 0x1, 0xfa, 0x40, 0x3c, 0x82, 0x1, 0xf9,
    0x80, 0x3d, 0xc0, 0x1f, 0x98, 0x40, 0x38, 0x54,
    0x3, 0xf4, 0x0, 0x7a, 0x40, 0x3f, 0x38, 0x80,
    0x79, 0x80, 0x3e, 0x18, 0x0, 0xf1, 0x88, 0x7,
    0xd6, 0x1, 0xf0,

    /* U+002A "*" */
    0x0, 0xfc, 0x5f, 0xfa, 0x0, 0x3f, 0xf8, 0x8c,
    0x1, 0x8c, 0x3, 0xff, 0x88, 0xe0, 0x18, 0x40,
    0x3f, 0xea, 0x50, 0xf, 0xfe, 0x0, 0xd2, 0x0,
    0x67, 0x5a, 0xb2, 0x0, 0xfe, 0x7e, 0x5a, 0x0,
    0x86, 0x40, 0x9, 0xb0, 0x1, 0xe3, 0xd8, 0x0,
    0xb, 0x80, 0x24, 0x40, 0x33, 0xe0, 0x6, 0x5c,
    0x20, 0xd, 0x20, 0x3, 0x0, 0xff, 0xe3, 0x9,
    0x5, 0xc8, 0x80, 0x7f, 0xf0, 0xd7, 0x48, 0x0,
    0xdd, 0x2, 0x1, 0xff, 0x26, 0x51, 0x0, 0x73,
    0xf9, 0x0, 0x7f, 0x4d, 0x98, 0x7, 0xc7, 0xa4,
    0x1, 0xfd, 0x2e, 0x1, 0xe2, 0xac, 0x30, 0xf,
    0xfa, 0x39, 0x40, 0x27, 0xd5, 0x0, 0xff, 0xe1,
    0xd, 0x60, 0x86, 0x0, 0x7f, 0xf1, 0x8c, 0xc1,
    0x20, 0x1c, 0x92, 0x1, 0x92, 0x0, 0x39, 0x88,
    0x9, 0x80, 0x5, 0x76, 0x50, 0xc, 0x2f, 0xa8,
    0x1, 0x40, 0x5, 0x7, 0x1a, 0x80, 0x1f, 0x8a,
    0xe8, 0x5c, 0x40, 0x21, 0xc7, 0x0, 0xff, 0xe0,
    0x2f, 0x40, 0x7, 0xf9, 0xc0, 0x30, 0x80, 0x7f,
    0xf1, 0x18, 0x3, 0x18, 0x7, 0xe0,

    /* U+002B "+" */
    0x0, 0xfe, 0x8f, 0xfe, 0xb0, 0xf, 0xfe, 0x31,
    0x80, 0x73, 0x0, 0x7f, 0xff, 0xc0, 0x3f, 0xff,
    0xe0, 0x1f, 0xfc, 0xc3, 0x0, 0xfe, 0x5f, 0xff,
    0xc8, 0x1, 0xc3, 0xff, 0xfa, 0x74, 0x3, 0xff,
    0x96, 0x40, 0x1f, 0xff, 0xfe, 0x0, 0xff, 0xe5,
    0x93, 0x7f, 0xfe, 0x40, 0xe, 0x1f, 0xff, 0xd2,
    0x1, 0xff, 0xc3, 0x30, 0xf, 0xff, 0xf8, 0x7,
    0xff, 0xfc, 0x3, 0xff, 0x8c, 0x60, 0x1c, 0xc0,
    0x1f, 0xc0,

    /* U+002C "," */
    0x0, 0x57, 0xff, 0xb8, 0x2, 0x70, 0xf, 0x18,
    0x4, 0x40, 0x1e, 0x40, 0xf, 0xf6, 0x0, 0x8,
    0x3, 0xe7, 0x0, 0x8, 0x7, 0x84, 0x80, 0xc,
    0x1, 0xe4, 0x0, 0x8c, 0x3, 0xda, 0x1, 0x70,
    0x7, 0x90, 0x2, 0x10, 0xf, 0x18, 0x4, 0x40,
    0x1c, 0x60, 0x19, 0xc0, 0x39, 0x0, 0x31, 0x0,
    0x76, 0x80, 0x61, 0x0, 0xe4, 0x0, 0x84, 0x3,
    0x88, 0x40, 0x30, 0x80, 0x65, 0x0, 0xc0,

    /* U+002D "-" */
    0x16, 0x6f, 0xfe, 0x22, 0x3, 0x4c, 0xff, 0xf1,
    0x2c, 0x3c, 0x3, 0xff, 0xfe, 0x1, 0xff, 0xc7,
    0xd0, 0xf, 0xfe, 0x21, 0x0,

    /* U+002E "." */
    0x0, 0x36, 0x7f, 0xb1, 0x40, 0x2a, 0x93, 0x0,
    0x1d, 0x40, 0x2a, 0x80, 0x3c, 0xe9, 0x20, 0x1f,
    0xb8, 0x80, 0x3f, 0x30, 0x7, 0xf9, 0x40, 0x3f,
    0x37, 0x0, 0x7e, 0x95, 0x60, 0xf, 0x41, 0x84,
    0xd1, 0x80, 0xe, 0xdc, 0x0,

    /* U+002F "/" */
    0x0, 0xff, 0xe1, 0x1f, 0xff, 0xe5, 0x0, 0xff,
    0xe1, 0x50, 0x7, 0xe7, 0x0, 0xff, 0xe1, 0x38,
    0x7, 0xc4, 0x40, 0xf, 0xfe, 0xa, 0x8, 0x7,
    0xca, 0x1, 0xff, 0xc2, 0xd0, 0xf, 0xd4, 0x1,
    0xff, 0xc2, 0x70, 0xf, 0x88, 0x80, 0x1f, 0xfc,
    0x13, 0x10, 0xf, 0x94, 0x3, 0xff, 0x85, 0x40,
    0x1f, 0xac, 0x3, 0xff, 0x84, 0xe0, 0x1f, 0x11,
    0x80, 0x7f, 0xf0, 0x4c, 0x40, 0x3e, 0x50, 0xf,
    0xfe, 0x15, 0x80, 0x7e, 0xb0, 0xf, 0xfe, 0x12,
    0x80, 0x7c, 0x26, 0x1, 0xff, 0xc1, 0x32, 0x0,
    0xf9, 0xc0, 0x3f, 0xf8, 0x56, 0x1, 0xfa, 0x80,
    0x3f, 0xf8, 0x4a, 0x1, 0xf0, 0x98, 0x7, 0xff,
    0x4, 0x88, 0x1, 0xf3, 0x80, 0x7f, 0xf0, 0xa8,
    0x3, 0xf6, 0x80, 0x7f, 0xf0, 0x94, 0x3, 0xe1,
    0x40, 0xf, 0xfe, 0x9, 0x10, 0x3, 0xe7, 0x0,
    0xff, 0xe1, 0x28, 0x7, 0xed, 0x0, 0xff, 0xe1,
    0x50, 0x7, 0xc2, 0x80, 0x1f, 0xfc, 0x12, 0x20,
    0x7, 0xc8, 0x1, 0xff, 0xc2, 0x50, 0xf, 0xdc,
    0x1, 0xff, 0xc2, 0xb0, 0xf, 0xc8, 0x1, 0xff,
    0xc1, 0x23, 0x0, 0xf9, 0x40, 0x3f, 0xf8, 0x4a,
    0x1, 0xfb, 0xc0, 0x3f, 0xf8, 0x56, 0x1, 0xf9,
    0x40, 0x3f, 0xf8, 0x22, 0x60, 0x1f, 0x28, 0x7,
    0xff, 0x9, 0xc0, 0x3f, 0x78, 0x7, 0xff, 0xa,
    0x80, 0x3f, 0x28, 0x7, 0xff, 0x4, 0x4c, 0x3,
    0xe5, 0x0, 0xff, 0xe1, 0x38, 0x7, 0xef, 0x0,
    0xff, 0xe1, 0x68, 0x7, 0xe5, 0x0, 0xff, 0xe0,
    0x8a, 0x0, 0x7c, 0x80, 0x1f, 0xfc, 0x27, 0x0,
    0xfd, 0xa0, 0x1f, 0xfc, 0x2d, 0x0, 0xfc, 0xe0,
    0x1f, 0xfc, 0x11, 0x40, 0xf, 0x90, 0x40, 0x3f,
    0xf8, 0x2e, 0x1, 0xfb, 0x40, 0x3f, 0xf8, 0x5a,
    0x1, 0xf9, 0xc0, 0x3f, 0xf8, 0x48, 0x1, 0xf2,
    0x8, 0x7, 0xff, 0x5, 0x40, 0x3f, 0x68, 0x7,
    0xff, 0xb, 0xc0, 0x3f, 0x38, 0x7, 0xff, 0x9,
    0xc0, 0x3e, 0x51, 0x0, 0xff, 0xe0, 0x80,

    /* U+0030 "0" */
    0x0, 0xfc, 0x91, 0x9d, 0xfe, 0xec, 0x94, 0x0,
    0xff, 0xe1, 0x2e, 0xdb, 0x98, 0x80, 0x4, 0xda,
    0xf5, 0x80, 0x3f, 0xeb, 0xa2, 0x0, 0xff, 0x14,
    0xe0, 0x80, 0x7c, 0x3a, 0x80, 0x1f, 0xfc, 0x23,
    0xf1, 0x0, 0xf5, 0x10, 0x7, 0xff, 0x10, 0x70,
    0x3, 0x99, 0x0, 0x3f, 0xf8, 0xc5, 0x0, 0x1a,
    0x0, 0x3f, 0xf9, 0xe, 0x20, 0x5, 0x10, 0xf,
    0xc7, 0x10, 0x30, 0xf, 0xe6, 0x0, 0x78, 0x7,
    0xe5, 0xc7, 0x76, 0x28, 0x7, 0xeb, 0x0, 0x20,
    0x7, 0xeb, 0x0, 0xd6, 0x1, 0xf8, 0xc0, 0x2,
    0x1, 0xf1, 0x88, 0x6, 0x14, 0x0, 0xfc, 0x22,
    0x0, 0xfc, 0xc0, 0x1e, 0x30, 0xf, 0xc6, 0x60,
    0xf, 0xc6, 0x1, 0xff, 0xc3, 0x10, 0xf, 0xff,
    0xf8, 0x7, 0xff, 0xfc, 0x3, 0xff, 0xfe, 0x1,
    0xff, 0xff, 0x0, 0xff, 0xff, 0x80, 0x7f, 0xff,
    0xc0, 0x3f, 0xf8, 0xc6, 0x1, 0xff, 0xcd, 0x10,
    0xf, 0xc4, 0x1, 0xe1, 0x0, 0xfc, 0x20, 0x1f,
    0xca, 0x1, 0xe5, 0x0, 0xfc, 0x40, 0x60, 0x1f,
    0xa, 0x80, 0x64, 0x30, 0xf, 0x88, 0x0, 0x80,
    0x1f, 0xad, 0x40, 0x9, 0x40, 0x1f, 0x90, 0x1,
    0x60, 0x1f, 0x86, 0xbf, 0xd6, 0x20, 0x1f, 0xb4,
    0x0, 0x68, 0x1, 0xff, 0xc8, 0x34, 0x0, 0xa4,
    0x3, 0xff, 0x91, 0xe0, 0x18, 0xa8, 0x3, 0xff,
    0x8d, 0x6, 0x1, 0xcb, 0x20, 0x1f, 0xfc, 0x48,
    0x70, 0xf, 0x9b, 0x8, 0x3, 0xff, 0x80, 0x36,
    0xe0, 0x1f, 0xc7, 0xb4, 0x60, 0x1f, 0x8e, 0x79,
    0x0, 0x3f, 0xf8, 0xb, 0x9f, 0x73, 0x10, 0x9b,
    0xec, 0x60, 0xf, 0x80,

    /* U+0031 "1" */
    0x0, 0xc5, 0x1b, 0xff, 0xf8, 0xc0, 0xb, 0x7a,
    0xe4, 0x1, 0xf9, 0x4f, 0xa9, 0x0, 0x3f, 0xf8,
    0xa, 0x20, 0x1f, 0xfd, 0x23, 0x0, 0xff, 0xe9,
    0x88, 0x7, 0xff, 0xd, 0x80, 0x4, 0x8c, 0x80,
    0x1f, 0xc5, 0xfe, 0xdb, 0x9e, 0x0, 0xff, 0xff,
    0x80, 0x7f, 0xff, 0xc0, 0x3f, 0xff, 0xe0, 0x1f,
    0xff, 0xf0, 0xf, 0xff, 0xf8, 0x7, 0xff, 0xfc,
    0x3, 0xff, 0xfe, 0x0, 0x60, 0xf, 0xca,

    /* U+0032 "2" */
    0x0, 0xfc, 0xb3, 0xbd, 0xfe, 0xdb, 0x72, 0x0,
    0xff, 0xe0, 0x8c, 0x7d, 0x31, 0x8, 0x0, 0x92,
    0x36, 0xc8, 0x3, 0xfc, 0x9e, 0xe0, 0x1f, 0xf2,
    0x6a, 0x80, 0x7e, 0x5b, 0x10, 0xf, 0xfe, 0x15,
    0x30, 0x7, 0x8e, 0x80, 0x3f, 0xf8, 0xb2, 0x80,
    0x1d, 0xc0, 0x1f, 0xfc, 0x79, 0x0, 0xcc, 0x40,
    0x1f, 0xfc, 0x72, 0x60, 0xa, 0x80, 0x3f, 0x9a,
    0x14, 0x3, 0xfa, 0x80, 0x4, 0x60, 0x1f, 0xae,
    0x5e, 0xa4, 0x3, 0xf1, 0x80, 0x1c, 0x3, 0xf2,
    0x20, 0x2, 0x62, 0x0, 0xfc, 0x60, 0x40, 0x1f,
    0xb0, 0x3, 0x90, 0x3, 0xf3, 0x7, 0x80, 0x7e,
    0x20, 0xe, 0xe0, 0xf, 0xc6, 0x1, 0xff, 0xc4,
    0xf0, 0xf, 0xfe, 0x69, 0x0, 0x7e, 0x30, 0xa6,
    0x6f, 0xc8, 0x1, 0xc8, 0x1, 0xf9, 0x80, 0xa6,
    0x7f, 0x8, 0x6, 0x31, 0x0, 0xfc, 0x60, 0x1f,
    0xfc, 0x39, 0x0, 0xfc, 0x60, 0x1f, 0xfc, 0x31,
    0x50, 0xf, 0xd6, 0x1, 0xff, 0xc3, 0x80, 0xf,
    0xe6, 0x0, 0xff, 0xe1, 0x1b, 0x0, 0x7e, 0x51,
    0x0, 0xff, 0xe1, 0x78, 0x7, 0xf4, 0x0, 0x7f,
    0xf0, 0x9c, 0xc0, 0x3f, 0x39, 0x0, 0x7f, 0xf0,
    0x4a, 0x0, 0x3f, 0xc, 0x0, 0x7f, 0xf0, 0xbc,
    0x3, 0xfa, 0x80, 0x3f, 0xf8, 0x52, 0x40, 0x1f,
    0x99, 0x0, 0x3f, 0xf8, 0x2a, 0xc0, 0x1f, 0x8a,
    0x40, 0x3f, 0xf8, 0x25, 0x40, 0x1f, 0xde, 0x1,
    0xff, 0xc2, 0xf0, 0xf, 0xea, 0x20, 0xf, 0xfe,
    0xd, 0x10, 0x7, 0xe7, 0x50, 0xf, 0xfe, 0xb,
    0xa8, 0x7, 0xe3, 0x80, 0xf, 0xfe, 0xa, 0x40,
    0x7, 0xe1, 0xd0, 0xf, 0xfe, 0x9, 0x50, 0x7,
    0xf6, 0x88, 0x7, 0xff, 0x7, 0xc4, 0x3, 0xf4,
    0x98, 0x7, 0xff, 0x6, 0x88, 0x3, 0xf3, 0x30,
    0x3, 0xff, 0x82, 0xea, 0x1, 0xf8, 0xe4, 0x3,
    0xff, 0x82, 0x50, 0x1, 0xfc, 0xac, 0xdf, 0xfc,
    0x5, 0x7, 0x0, 0xff, 0x34, 0xcf, 0xff, 0x2,
    0x84, 0x3, 0xff, 0xfe, 0x1, 0xff, 0xeb, 0x60,
    0xf, 0xfe, 0x58, 0x88,

    /* U+0033 "3" */
    0xa, 0xff, 0xff, 0xe4, 0xe8, 0x1, 0xc0, 0x3f,
    0xf9, 0x24, 0x1, 0xff, 0xff, 0x0, 0xff, 0xe7,
    0x88, 0x7, 0xff, 0x33, 0xe6, 0x7f, 0xe2, 0x0,
    0xfe, 0x20, 0x1, 0xb3, 0x7f, 0x8c, 0x80, 0x3f,
    0xbc, 0x3, 0xff, 0x80, 0x54, 0x1, 0xfd, 0x44,
    0x1, 0xff, 0xf, 0x80, 0x7f, 0x3a, 0x80, 0x7f,
    0xf0, 0x28, 0x80, 0x3f, 0x24, 0x0, 0x7f, 0xf0,
    0x25, 0x0, 0x3f, 0x15, 0x0, 0x7f, 0xf0, 0x19,
    0x80, 0x1f, 0xde, 0x20, 0x1f, 0xf1, 0xc8, 0x7,
    0xf5, 0x10, 0x7, 0xfc, 0x5a, 0x1, 0xfc, 0xea,
    0x1, 0xff, 0xc0, 0xf1, 0x0, 0xfc, 0x50, 0x1,
    0xff, 0xc0, 0x52, 0x0, 0xfe, 0x2f, 0xb3, 0x0,
    0xff, 0x2a, 0x80, 0x3f, 0xe4, 0xc8, 0x0, 0xff,
    0x52, 0x80, 0x7f, 0xf0, 0x1e, 0x0, 0x3f, 0xd4,
    0xa0, 0x1f, 0xfc, 0x7, 0x30, 0xf, 0xf5, 0x29,
    0x5f, 0xe1, 0x0, 0x7d, 0xe0, 0x1f, 0xf5, 0x6a,
    0x1, 0xf8, 0x7, 0xc6, 0x40, 0x1f, 0xfc, 0x32,
    0x40, 0xf, 0x94, 0x3, 0xff, 0x89, 0x80, 0x1f,
    0x68, 0x7, 0xff, 0x10, 0x40, 0x3e, 0x60, 0xf,
    0xfe, 0x21, 0x80, 0x7c, 0x40, 0x1f, 0xfc, 0x41,
    0x0, 0xf8, 0x40, 0x3f, 0xf9, 0xc9, 0x55, 0xf4,
    0x80, 0x7f, 0xf1, 0x31, 0x57, 0xe6, 0x30, 0xe,
    0x10, 0xf, 0xfe, 0x33, 0x80, 0x71, 0x80, 0x7f,
    0x78, 0x7, 0xe1, 0x0, 0xe1, 0x0, 0xf8, 0x40,
    0x40, 0x3f, 0x68, 0x7, 0x68, 0x7, 0xc6, 0x4,
    0x1, 0xf9, 0x80, 0x30, 0xa8, 0x7, 0xcc, 0xa,
    0x1, 0xf8, 0x6c, 0x40, 0xb4, 0x3, 0xf1, 0x80,
    0x90, 0x7, 0xe4, 0xef, 0xd3, 0x0, 0xfd, 0x60,
    0xa, 0x0, 0xff, 0xe4, 0x11, 0x80, 0x1c, 0x80,
    0x3f, 0xf8, 0xf0, 0x1, 0xb8, 0x3, 0xff, 0x8c,
    0xaa, 0x0, 0xc7, 0x60, 0x1f, 0xfc, 0x44, 0xa0,
    0xf, 0x26, 0x98, 0x7, 0xff, 0x5, 0xec, 0x3,
    0xf1, 0x65, 0xa0, 0x7, 0xf3, 0x6c, 0x0, 0x7f,
    0xc9, 0x7f, 0x95, 0x10, 0x9a, 0xdf, 0x92, 0x0,
    0xf0,

    /* U+0034 "4" */
    0x0, 0xfe, 0xaf, 0xff, 0xce, 0x1, 0xff, 0xc7,
    0x15, 0x0, 0xfc, 0x40, 0x1f, 0xfc, 0x77, 0x0,
    0xfe, 0x50, 0xf, 0xfe, 0x3e, 0x80, 0x7e, 0x40,
    0xf, 0xfe, 0x38, 0xa0, 0x7, 0xee, 0x0, 0xff,
    0xe3, 0xb8, 0x7, 0xf2, 0x0, 0x7f, 0xf1, 0xf4,
    0x3, 0xf2, 0x8, 0x7, 0xff, 0x18, 0x50, 0x3,
    0xf6, 0x80, 0x7f, 0xf1, 0xdc, 0x3, 0xf9, 0xc0,
    0x3f, 0xf8, 0xfa, 0x1, 0xf8, 0xc4, 0x3, 0xff,
    0x8c, 0x28, 0x1, 0xfa, 0xc0, 0x3f, 0xf8, 0xee,
    0x1, 0xfc, 0xa0, 0x1f, 0xfc, 0x7d, 0x0, 0xfc,
    0x44, 0x0, 0xff, 0xe3, 0xa, 0x0, 0x7e, 0x50,
    0xf, 0xfe, 0x3b, 0x80, 0x7f, 0x50, 0x7, 0xff,
    0x1f, 0x40, 0x3f, 0x11, 0x0, 0x3f, 0xf8, 0xc2,
    0x80, 0x1f, 0x94, 0x3, 0xff, 0x8e, 0xe0, 0x1f,
    0xd6, 0x1, 0x37, 0xff, 0xdc, 0x20, 0x1e, 0xd0,
    0xf, 0xc2, 0x60, 0x17, 0x80, 0x7c, 0x26, 0x1,
    0xc2, 0x80, 0x1f, 0x9c, 0x3, 0xff, 0x8e, 0xe0,
    0x1f, 0xda, 0x1, 0xff, 0xc7, 0xd0, 0xf, 0xc2,
    0x80, 0x1f, 0xfc, 0x61, 0x40, 0xf, 0xc8, 0x1,
    0xff, 0xc7, 0x70, 0xf, 0xef, 0x0, 0xff, 0xe3,
    0xe8, 0x7, 0xf6, 0xb3, 0x72, 0x80, 0x7e, 0xa6,
    0x50, 0x2, 0x0, 0x7f, 0x3c, 0xcf, 0x18, 0x7,
    0xe7, 0x9a, 0x11, 0x0, 0x7f, 0xf4, 0xc, 0xc0,
    0x1f, 0xff, 0xf0, 0xf, 0xff, 0x1, 0x8, 0x7,
    0xff, 0x38, 0x4c, 0x3b, 0xff, 0xff, 0x86, 0xc0,
    0x1f, 0xb3, 0xf8, 0x40, 0x3f, 0xf9, 0xc2, 0x1,
    0xff, 0xff, 0x0, 0xff, 0xff, 0x80, 0x7f, 0xff,
    0xc0, 0x3f, 0xfa, 0xfe, 0x1, 0xf0, 0x98, 0x4,

    /* U+0035 "5" */
    0xd, 0xff, 0xff, 0xe5, 0x10, 0x90, 0x7, 0xff,
    0x29, 0x80, 0x3f, 0xff, 0xe0, 0x1f, 0xfe, 0xf2,
    0x99, 0xff, 0xe1, 0x20, 0x7, 0xf3, 0xb3, 0x7f,
    0xf0, 0x80, 0x3f, 0xff, 0xe0, 0x1f, 0xff, 0xf0,
    0xf, 0xfe, 0xd2, 0xd6, 0xf6, 0xdb, 0x90, 0x7,
    0xff, 0xc, 0xf6, 0x94, 0x84, 0x92, 0x36, 0x0,
    0x3f, 0xf8, 0x29, 0x84, 0x1, 0xf9, 0xec, 0x3,
    0xff, 0x80, 0x20, 0x1f, 0xf2, 0x40, 0x7, 0xff,
    0x31, 0xc8, 0x3, 0xff, 0x99, 0x0, 0x1f, 0xfc,
    0xc5, 0x0, 0xff, 0xe0, 0x1b, 0x28, 0x7, 0xf8,
    0xc0, 0x3f, 0xd1, 0x93, 0x5a, 0x1, 0xfc, 0xa2,
    0x1, 0xf8, 0x9c, 0x2, 0x28, 0x0, 0xfd, 0xc1,
    0x75, 0x5f, 0x78, 0x7, 0x20, 0x7, 0xe1, 0x4,
    0x55, 0xf8, 0x80, 0x38, 0x80, 0x3f, 0x10, 0x7,
    0xff, 0xc, 0x40, 0x3f, 0x38, 0x7, 0xff, 0x9e,
    0x6e, 0xfe, 0x60, 0xe, 0x10, 0xf, 0xce, 0xc,
    0x89, 0xf5, 0x80, 0x7f, 0xf0, 0x84, 0x8, 0x3,
    0xe2, 0x10, 0xc, 0xa0, 0x1f, 0x8c, 0x1c, 0x3,
    0xf3, 0x80, 0x6f, 0x0, 0xfd, 0xc1, 0xa0, 0x1f,
    0xa5, 0x0, 0x10, 0x80, 0x1f, 0x88, 0x14, 0x3,
    0xfa, 0xff, 0xce, 0x1, 0xfc, 0x80, 0x46, 0x1,
    0xff, 0xc8, 0x41, 0x0, 0x40, 0x7, 0xff, 0x22,
    0x40, 0x24, 0x50, 0xf, 0xfe, 0x34, 0x10, 0x6,
    0xa4, 0x0, 0xff, 0xe2, 0x3b, 0x80, 0x3d, 0x70,
    0x1, 0xff, 0xc1, 0x1a, 0x80, 0xf, 0xcf, 0xae,
    0x20, 0x1f, 0x8a, 0x3d, 0x40, 0x3f, 0xc5, 0x1d,
    0xb5, 0x31, 0x9, 0xbe, 0xd7, 0x10, 0xe,

    /* U+0036 "6" */
    0x0, 0xf8, 0x5a, 0xb7, 0xbf, 0xdb, 0x70, 0x60,
    0x1f, 0xfc, 0x1, 0x9e, 0x95, 0x21, 0x0, 0x12,
    0x3e, 0x61, 0x0, 0x3f, 0x93, 0xd8, 0x3, 0xfe,
    0x3b, 0x80, 0xf, 0x96, 0xc4, 0x3, 0xff, 0x84,
    0xf4, 0x1, 0xc7, 0x40, 0x1f, 0xfc, 0x55, 0x70,
    0xd, 0xe0, 0x1f, 0xfc, 0x78, 0x10, 0x2, 0x18,
    0x7, 0xff, 0x22, 0x40, 0x1a, 0x1, 0xfc, 0x70,
    0xc0, 0x1f, 0xca, 0x0, 0x40, 0xf, 0xcd, 0x8f,
    0x34, 0x1, 0xf8, 0x84, 0x8, 0x3, 0xf4, 0x80,
    0x4a, 0x60, 0x1f, 0x8c, 0x3, 0xf8, 0xc0, 0x39,
    0x40, 0x3f, 0x8, 0x80, 0x3f, 0x38, 0x7, 0x8,
    0x7, 0xff, 0x33, 0x10, 0xcf, 0xc8, 0x40, 0x1f,
    0xfc, 0x34, 0xbc, 0xcf, 0x58, 0x88, 0x3, 0xff,
    0xae, 0x53, 0xbf, 0xdb, 0x28, 0x1, 0xff, 0xc3,
    0x77, 0x6b, 0x10, 0x9, 0x35, 0xe1, 0x0, 0x7f,
    0xf0, 0x4e, 0x0, 0x3f, 0x1e, 0x98, 0x7, 0xff,
    0x33, 0x8, 0x3, 0xff, 0x99, 0xc0, 0x1f, 0xfc,
    0xc3, 0x40, 0xf, 0xfe, 0x67, 0x80, 0x7f, 0xf0,
    0x27, 0xb8, 0xc0, 0x1f, 0x90, 0x3, 0xfe, 0x86,
    0x11, 0x49, 0x80, 0x7e, 0x40, 0xf, 0xf3, 0x0,
    0x6a, 0x0, 0xfc, 0x40, 0x1f, 0xc2, 0x20, 0xc,
    0xa0, 0x1f, 0xb8, 0x3, 0xf8, 0x80, 0x38, 0x40,
    0x3f, 0x10, 0x7, 0xff, 0xc, 0xc0, 0x3f, 0x30,
    0x7, 0xf3, 0x80, 0x70, 0x80, 0x7e, 0x10, 0xf,
    0xfe, 0xb3, 0x80, 0x7f, 0xf1, 0x4, 0x3, 0xe1,
    0x0, 0xe1, 0x0, 0xfc, 0x20, 0x60, 0x1f, 0x18,
    0x7, 0x18, 0x7, 0xf9, 0x80, 0x3e, 0x11, 0x0,
    0x67, 0x0, 0xfc, 0xe0, 0x40, 0x1f, 0x98, 0x3,
    0x70, 0x7, 0xe2, 0xf, 0x0, 0xfd, 0xa, 0x0,
    0x84, 0x0, 0xfd, 0xc0, 0xe0, 0x1f, 0xd5, 0xfe,
    0x70, 0xf, 0xe5, 0x1, 0x40, 0xf, 0xfe, 0x41,
    0x90, 0x2, 0x0, 0x3f, 0xf9, 0x10, 0x1, 0x1b,
    0x0, 0x7f, 0xf1, 0x99, 0x0, 0x34, 0xa8, 0x7,
    0xff, 0x11, 0x64, 0x3, 0xd5, 0x0, 0x1f, 0xfc,
    0x29, 0xa0, 0xf, 0xcf, 0xce, 0x20, 0x1f, 0x8a,
    0x39, 0x80, 0x3f, 0xc3, 0x1d, 0xca, 0x98, 0x84,
    0xdf, 0x6b, 0x88, 0x7, 0x0,

    /* U+0037 "7" */
    0xe, 0xff, 0xff, 0xe5, 0x39, 0x8, 0x7, 0xff,
    0x2b, 0x80, 0x3f, 0xff, 0xe0, 0x1f, 0xfe, 0xe9,
    0x9f, 0x88, 0x3, 0xf0, 0x80, 0x7c, 0x2c, 0xdf,
    0x10, 0x7, 0xec, 0x0, 0xf8, 0xc0, 0x3c, 0x80,
    0x1f, 0xc8, 0x4c, 0xab, 0xd6, 0x1, 0xec, 0x0,
    0xfc, 0x80, 0x9, 0xaa, 0xe6, 0x0, 0xf2, 0x80,
    0x7e, 0xd0, 0xf, 0xfe, 0x11, 0x10, 0x3, 0xf3,
    0x80, 0x7f, 0xf0, 0x90, 0x3, 0xf1, 0x88, 0x7,
    0xff, 0xb, 0x40, 0x3f, 0x20, 0x7, 0xff, 0xd,
    0x0, 0x3f, 0x58, 0x7, 0xff, 0x9, 0x40, 0x3f,
    0x9, 0x80, 0x7f, 0xf0, 0xb0, 0x3, 0xf2, 0x0,
    0x7f, 0xf0, 0xdc, 0x3, 0xf7, 0x80, 0x7f, 0xf0,
    0x8c, 0x40, 0x3f, 0x28, 0x7, 0xff, 0x9, 0x0,
    0x3f, 0x20, 0x7, 0xff, 0xe, 0xc0, 0x3f, 0x60,
    0x7, 0xff, 0x8, 0x4c, 0x3, 0xf2, 0x80, 0x7f,
    0xf0, 0x90, 0x3, 0xf1, 0x10, 0x3, 0xff, 0x85,
    0xe0, 0x1f, 0x94, 0x3, 0xff, 0x86, 0xa0, 0x1f,
    0xb0, 0x3, 0xff, 0x84, 0x80, 0x1f, 0xc8, 0x1,
    0xff, 0xc2, 0xc0, 0xf, 0xca, 0x1, 0xff, 0xc3,
    0x50, 0xf, 0xde, 0x1, 0xff, 0xc2, 0x22, 0x0,
    0x7e, 0x40, 0xf, 0xfe, 0x12, 0x0, 0x7e, 0x31,
    0x0, 0xff, 0xe1, 0x68, 0x7, 0xeb, 0x0, 0xff,
    0xe1, 0xa0, 0x7, 0xe4, 0x0, 0xff, 0xe1, 0x28,
    0x7, 0xe1, 0x30, 0xf, 0xfe, 0x16, 0x0, 0x7e,
    0x70, 0xf, 0xfe, 0x1b, 0x80, 0x7e, 0xd0, 0xf,
    0xfe, 0x11, 0x88, 0x7, 0xe4, 0x0, 0xff, 0xe1,
    0x20, 0x7, 0xe4, 0x0, 0xff, 0xe1, 0xd8, 0x7,
    0xed, 0x0, 0xff, 0xe1, 0x9, 0x80, 0x7e, 0x70,
    0xf, 0xfe, 0x13, 0x80, 0x7e, 0x21, 0x0, 0xff,
    0xe1, 0x60, 0x7, 0xe5, 0x0, 0xff, 0xe1, 0xb0,
    0x7, 0xea, 0x0, 0xff, 0x0,

    /* U+0038 "8" */
    0x0, 0xf8, 0x5a, 0xb7, 0xbf, 0xdd, 0x6e, 0x40,
    0x1f, 0xfc, 0x18, 0xe9, 0x52, 0x10, 0x0, 0xa4,
    0x6d, 0x98, 0x7, 0xf1, 0xf3, 0x80, 0x7f, 0xc9,
    0x90, 0x1, 0xf2, 0x60, 0x80, 0x7f, 0xf0, 0x9e,
    0x40, 0x38, 0x68, 0x3, 0xff, 0x8a, 0xcc, 0x0,
    0xd6, 0x20, 0x1f, 0xfc, 0x68, 0x10, 0x1, 0x28,
    0x7, 0xff, 0x1c, 0x58, 0x1, 0x40, 0x1f, 0xc9,
    0xc, 0x1, 0xfd, 0x40, 0x4, 0x0, 0xfc, 0xf6,
    0xf3, 0x60, 0x1f, 0x88, 0x40, 0xc0, 0x3f, 0x40,
    0x4, 0x88, 0x0, 0xfc, 0xa2, 0x1, 0xf9, 0x40,
    0x3b, 0x40, 0x3f, 0x11, 0x80, 0x7e, 0x20, 0xe,
    0x20, 0xf, 0xe3, 0x0, 0xff, 0xe1, 0x38, 0x7,
    0xe3, 0x10, 0xf, 0xc4, 0x1, 0xcc, 0x1, 0xf9,
    0x80, 0x80, 0x3e, 0x40, 0xe, 0xc0, 0xf, 0xc6,
    0x8, 0x1, 0xf0, 0xa0, 0x6, 0x70, 0xf, 0x90,
    0x1, 0xa0, 0x1f, 0xa9, 0x0, 0xb0, 0x40, 0x3e,
    0xe0, 0x2, 0x10, 0x7, 0xc3, 0x7f, 0xa6, 0x1,
    0xf1, 0xa8, 0x5, 0x20, 0x1f, 0xfc, 0x61, 0xe0,
    0xc, 0x90, 0x1, 0xff, 0xc4, 0x2c, 0x20, 0xe,
    0x79, 0x0, 0xff, 0xe1, 0xf1, 0x0, 0x7c, 0x42,
    0x1, 0xff, 0xc2, 0xc4, 0x0, 0xf3, 0xd8, 0x80,
    0x7f, 0xf0, 0xec, 0x80, 0x32, 0x40, 0x7, 0xff,
    0x1b, 0x80, 0x34, 0x80, 0x7c, 0x35, 0xf8, 0x40,
    0x1f, 0x1a, 0x0, 0xc, 0x80, 0x3e, 0xb5, 0x3,
    0xf0, 0xf, 0xdc, 0x0, 0xa0, 0xf, 0x85, 0x40,
    0x22, 0x40, 0xf, 0x90, 0x0, 0x80, 0x1f, 0x28,
    0x7, 0x60, 0x7, 0xc2, 0x40, 0x40, 0x1f, 0x10,
    0x7, 0x18, 0x7, 0xe6, 0x10, 0xf, 0xc2, 0x1,
    0xce, 0x1, 0xf8, 0x8c, 0x3, 0xff, 0x98, 0x60,
    0x1f, 0xfc, 0x27, 0x0, 0xfc, 0x62, 0x1, 0xf8,
    0x80, 0x38, 0x80, 0x3f, 0x30, 0x8, 0x7, 0xc8,
    0x1, 0xd8, 0x1, 0xf8, 0x81, 0x0, 0x3e, 0x14,
    0x0, 0x85, 0x0, 0x3e, 0x21, 0xc, 0x0, 0xfd,
    0x46, 0x3, 0x42, 0x1, 0xf2, 0x0, 0x1c, 0x3,
    0xf0, 0xe7, 0xf2, 0x0, 0x7e, 0xd0, 0x0, 0xb0,
    0x7, 0xff, 0x1c, 0x90, 0x2, 0x80, 0xf, 0xfe,
    0x3f, 0x0, 0x61, 0xa0, 0xf, 0xfe, 0x2c, 0x18,
    0x7, 0x2c, 0x80, 0x7f, 0xf0, 0xdd, 0xc0, 0x1f,
    0x35, 0x88, 0x7, 0xfc, 0x35, 0x0, 0x1f, 0xc9,
    0xd0, 0x40, 0x1f, 0xb, 0xfa, 0x80, 0x7f, 0xf0,
    0x1f, 0x7a, 0xa6, 0x21, 0x5b, 0xd0, 0x20, 0x1e,

    /* U+0039 "9" */
    0x0, 0xf9, 0xa7, 0x3b, 0xfd, 0xd9, 0x2a, 0x1,
    0xff, 0xc0, 0x19, 0xf9, 0x63, 0x10, 0x0, 0x9b,
    0x57, 0xc0, 0x7, 0xf2, 0x7b, 0x0, 0x7f, 0xf0,
    0x1f, 0x48, 0x3, 0xc9, 0x62, 0x1, 0xff, 0xc2,
    0x2c, 0x30, 0xc, 0x36, 0x1, 0xff, 0xc5, 0x1e,
    0x0, 0xd6, 0x1, 0xff, 0xc7, 0x27, 0x0, 0xa,
    0x80, 0x7f, 0xf2, 0x24, 0x0, 0xe0, 0x1f, 0xc2,
    0xee, 0x20, 0xf, 0xc2, 0x61, 0xe0, 0x1f, 0x87,
    0xe2, 0x1a, 0x60, 0x1f, 0x90, 0x8, 0x3, 0xf4,
    0x88, 0x5, 0xe0, 0x1f, 0xb4, 0x1c, 0x3, 0xf2,
    0x0, 0x63, 0x0, 0xfc, 0xc0, 0x20, 0x1f, 0x88,
    0x3, 0x84, 0x3, 0xe1, 0x0, 0xff, 0x8, 0x7,
    0x18, 0x7, 0xc6, 0x6, 0x1, 0xff, 0xcc, 0x30,
    0xf, 0xff, 0x28, 0x80, 0x7e, 0x10, 0xf, 0xfe,
    0x1b, 0x0, 0x7e, 0x30, 0xe, 0x30, 0xf, 0xe2,
    0x0, 0xfc, 0xc0, 0x18, 0x44, 0x1, 0xf0, 0x87,
    0x0, 0x7e, 0xf0, 0xd, 0x20, 0x1f, 0xe4, 0x0,
    0xfc, 0x90, 0x22, 0x77, 0x0, 0x7f, 0x88, 0x80,
    0x1f, 0x9f, 0xb9, 0x0, 0x1f, 0xfc, 0xb, 0x0,
    0xff, 0xe6, 0x30, 0x80, 0x7f, 0xf3, 0x34, 0x3,
    0xff, 0x98, 0x74, 0x1, 0xff, 0xcc, 0x5c, 0x20,
    0xf, 0xd0, 0x40, 0x1f, 0xfc, 0x13, 0xda, 0x52,
    0x0, 0x13, 0x6b, 0x80, 0x7f, 0xf1, 0x16, 0xb7,
    0xfd, 0xb2, 0x40, 0x1f, 0xfd, 0x99, 0x9f, 0xc4,
    0x1, 0xff, 0xc3, 0x46, 0x6f, 0xca, 0x1, 0xff,
    0xcc, 0xf0, 0xf, 0xfe, 0x1b, 0x80, 0x7e, 0x20,
    0xe, 0x20, 0xf, 0x84, 0x4, 0x3, 0xf2, 0x0,
    0x65, 0x0, 0xfc, 0x60, 0x40, 0x1f, 0x86, 0x84,
    0x12, 0xc0, 0x3f, 0x38, 0x1, 0x0, 0x3f, 0x2f,
    0x7d, 0x88, 0x7, 0xec, 0x0, 0x70, 0x7, 0xff,
    0x20, 0x5c, 0x0, 0xa6, 0x1, 0xff, 0xc7, 0x91,
    0x0, 0xb8, 0x40, 0x3f, 0xf8, 0xa8, 0xe0, 0x18,
    0xb4, 0x3, 0xff, 0x88, 0x96, 0x1, 0xe3, 0xd3,
    0x0, 0xff, 0xe0, 0xc5, 0x80, 0x7e, 0x2c, 0xb4,
    0x0, 0xfc, 0x2f, 0xce, 0x1, 0xff, 0x25, 0xfd,
    0xcc, 0x42, 0x6b, 0x7a, 0x4, 0x3, 0xc0,

    /* U+003A ":" */
    0x0, 0xc, 0x6f, 0xf5, 0x10, 0x4, 0x38, 0xe4,
    0x2, 0xba, 0x80, 0xa, 0x20, 0xf, 0x50, 0xa,
    0x0, 0x7c, 0x28, 0x40, 0x1f, 0xc6, 0x1, 0xff,
    0x10, 0x7, 0xf1, 0x8a, 0x80, 0x7c, 0x48, 0x16,
    0x40, 0x1e, 0xe0, 0x0, 0xeb, 0x90, 0xa, 0xe9,
    0x80, 0x68, 0xdf, 0xea, 0x20, 0xf, 0xff, 0xf8,
    0x7, 0xff, 0x40, 0x63, 0x7f, 0xa8, 0x80, 0x21,
    0xc7, 0x20, 0x15, 0xd4, 0x0, 0x51, 0x0, 0x7a,
    0x80, 0x50, 0x3, 0xe1, 0x42, 0x0, 0xfe, 0x30,
    0xf, 0xf8, 0x80, 0x3f, 0x8c, 0x54, 0x3, 0xe2,
    0x40, 0xb2, 0x0, 0xf7, 0x0, 0x7, 0x5c, 0x80,
    0x57, 0x4c, 0x0,

    /* U+003B ";" */
    0x0, 0x8a, 0xbb, 0xf1, 0x80, 0x39, 0x75, 0x44,
    0xe, 0x68, 0x2, 0x2a, 0x0, 0xf2, 0xc0, 0x2,
    0x40, 0x3f, 0x38, 0x82, 0x0, 0x7f, 0x20, 0x7,
    0xfc, 0x40, 0x1f, 0xf1, 0x2, 0x0, 0x7f, 0x20,
    0x78, 0x7, 0xe5, 0x10, 0x48, 0x0, 0xf1, 0xd0,
    0x4, 0xf6, 0x80, 0x2, 0x8c, 0x0, 0xe4, 0xbf,
    0xf6, 0xb8, 0x7, 0xff, 0xfc, 0x3, 0xff, 0x9c,
    0xdf, 0xff, 0x8, 0x5, 0x80, 0x1f, 0x8, 0x4,
    0x20, 0x1e, 0x30, 0xc, 0xe0, 0x1e, 0x50, 0xc,
    0x20, 0x1e, 0xf0, 0xc, 0x40, 0x1e, 0x50, 0xf,
    0xf8, 0xc0, 0x21, 0x0, 0xf1, 0x80, 0x63, 0x0,
    0xf2, 0x80, 0x61, 0x0, 0xf7, 0x80, 0x67, 0x0,
    0xf2, 0x0, 0x61, 0x0, 0xf1, 0x0, 0x62, 0x0,
    0xe3, 0x0, 0xef, 0x0, 0xe4, 0x0, 0xe1, 0x0,
    0xed, 0x0, 0xe1, 0x0, 0xc2, 0x80, 0x18,

    /* U+003C "<" */
    0x0, 0xff, 0xe5, 0xa2, 0x0, 0x3f, 0xf9, 0x2b,
    0x97, 0xe0, 0x1f, 0xfc, 0x76, 0xda, 0x30, 0xf,
    0xfe, 0x30, 0xbf, 0x49, 0x0, 0x7f, 0xf1, 0x86,
    0x3a, 0x4, 0x3, 0xff, 0x8c, 0x55, 0xce, 0x1,
    0xff, 0xc7, 0x4b, 0xd5, 0x0, 0xff, 0xe3, 0xae,
    0x5a, 0x0, 0x7f, 0xf1, 0xdb, 0x68, 0xc0, 0x3f,
    0xf8, 0x58, 0x1, 0xb, 0xf4, 0x90, 0x7, 0xff,
    0x4, 0x63, 0x9c, 0x6, 0x3a, 0x4, 0x3, 0xff,
    0x82, 0x95, 0xce, 0x20, 0x9c, 0xe0, 0x1f, 0xfc,
    0x11, 0x7d, 0xb5, 0x0, 0xd8, 0x1, 0xff, 0xc1,
    0x3a, 0xe8, 0x20, 0xf, 0xfe, 0x33, 0x6e, 0x28,
    0x7, 0xff, 0x18, 0xa7, 0xe4, 0x80, 0x3f, 0xf9,
    0xe, 0xa0, 0x1f, 0xfc, 0xb5, 0xcd, 0x60, 0xf,
    0xfe, 0x59, 0x4f, 0xc9, 0x0, 0x7f, 0x70, 0x7,
    0xff, 0x5, 0xb7, 0x14, 0x3, 0xe6, 0xa3, 0x0,
    0xff, 0xe0, 0x9d, 0x74, 0x8, 0x7, 0x2e, 0x61,
    0x0, 0x3f, 0xf8, 0x22, 0xfd, 0x68, 0x1, 0xc7,
    0x7a, 0xa0, 0x1f, 0xfc, 0x24, 0xbd, 0x40, 0xe,
    0x2a, 0xe7, 0x0, 0xff, 0xe1, 0x17, 0x80, 0x7c,
    0x31, 0xd0, 0x20, 0x1f, 0xfc, 0xa1, 0x7e, 0x92,
    0x0, 0xff, 0xe5, 0xb6, 0xd1, 0x80, 0x7f, 0xf2,
    0xd7, 0x2d, 0x0, 0x3f, 0xf9, 0x69, 0x7a, 0xa0,
    0x1f, 0xfc, 0xb2, 0xae, 0x60, 0xf, 0xfe, 0x58,
    0xcf, 0x46, 0x80,

    /* U+003D "=" */
    0x5f, 0xff, 0xfe, 0x5c, 0x68, 0x7, 0xff, 0x2c,
    0xc0, 0x3f, 0xff, 0xe0, 0x1f, 0xfc, 0xdd, 0x0,
    0xff, 0xe5, 0x92, 0xff, 0xff, 0xf2, 0xe4, 0x3,
    0xff, 0xfe, 0xbf, 0xff, 0xfc, 0xb8, 0xd0, 0xf,
    0xfe, 0x59, 0x80, 0x7f, 0xff, 0xc0, 0x3f, 0xf9,
    0xba, 0x1, 0xff, 0xcb, 0x20,

    /* U+003E ">" */
    0x25, 0x0, 0xff, 0xe5, 0xd5, 0x39, 0x80, 0x3f,
    0xf9, 0x63, 0x3d, 0x2, 0x1, 0xff, 0xca, 0x17,
    0xe9, 0x20, 0xf, 0xfe, 0x5b, 0x6d, 0x18, 0x7,
    0xff, 0x2d, 0x72, 0xd0, 0x3, 0xff, 0x96, 0x97,
    0xaa, 0x1, 0xff, 0xcb, 0x2a, 0xe6, 0x0, 0xfd,
    0x80, 0x1f, 0xfc, 0x21, 0x9e, 0x81, 0x0, 0xe4,
    0xf9, 0x20, 0xf, 0xfe, 0x8, 0xbf, 0x49, 0x0,
    0x73, 0x6e, 0x28, 0x7, 0xff, 0x9, 0xb6, 0x8c,
    0x3, 0x8e, 0xba, 0x8, 0x3, 0xff, 0x82, 0xb9,
    0x0, 0x1e, 0x17, 0xdb, 0x50, 0xf, 0xfe, 0x9,
    0x80, 0x7f, 0x25, 0x74, 0x8, 0x7, 0xff, 0x28,
    0x5f, 0xad, 0x0, 0x3f, 0xf9, 0x6c, 0x60, 0x1f,
    0xfc, 0x95, 0xbd, 0x70, 0xf, 0xfe, 0x30, 0xbf,
    0x52, 0x0, 0x7f, 0xf1, 0x92, 0xba, 0x4, 0x3,
    0xff, 0x80, 0x40, 0x1c, 0xdb, 0x6a, 0x1, 0xff,
    0xc1, 0x29, 0x90, 0x0, 0xe7, 0xe4, 0x80, 0x3f,
    0xf8, 0x27, 0x5a, 0xc0, 0x59, 0x86, 0x0, 0xff,
    0xe1, 0x25, 0xe2, 0x80, 0x54, 0x60, 0x1f, 0xfc,
    0x25, 0xcb, 0x40, 0xf, 0xfe, 0x3b, 0x6d, 0x18,
    0x7, 0xff, 0x18, 0x5f, 0xa4, 0x80, 0x3f, 0xf8,
    0xc3, 0x3d, 0x2, 0x1, 0xff, 0xc6, 0x2a, 0xe6,
    0x0, 0xff, 0xe3, 0xa5, 0xea, 0x80, 0x7f, 0xf1,
    0xd7, 0x2d, 0x0, 0x3f, 0xf8, 0xd8, 0xdb, 0x46,
    0x1, 0xff, 0xc8,

    /* U+003F "?" */
    0x0, 0xf8, 0x5a, 0xb3, 0xbf, 0xdd, 0x90, 0x80,
    0x1f, 0xfc, 0x1, 0x9e, 0x95, 0x31, 0x0, 0x9,
    0xbd, 0xeb, 0x0, 0x7f, 0x37, 0x30, 0x7, 0xfc,
    0x53, 0x62, 0x1, 0xe8, 0x90, 0xf, 0xfe, 0x1a,
    0x60, 0x80, 0x67, 0x70, 0x7, 0xff, 0x14, 0xb4,
    0x2, 0x28, 0x0, 0xff, 0xe3, 0x9b, 0x80, 0x24,
    0x3, 0xff, 0x93, 0x20, 0x48, 0x1, 0xfc, 0xd0,
    0xe2, 0x1, 0xf8, 0x55, 0x40, 0x1f, 0x87, 0x65,
    0xe3, 0xc8, 0x3, 0xf6, 0x60, 0x3, 0xf5, 0x10,
    0x4, 0x30, 0x1, 0xf9, 0x58, 0x3, 0xe1, 0x40,
    0xe, 0x50, 0xf, 0xc4, 0x60, 0x1f, 0x18, 0x7,
    0xc4, 0x1, 0xf0, 0x80, 0x7e, 0x10, 0xf, 0x88,
    0x3, 0xe1, 0xd9, 0x9f, 0xbc, 0x3, 0xc4, 0x1,
    0xf8, 0xcc, 0xcd, 0xf1, 0x80, 0x7a, 0x0, 0x3f,
    0x38, 0x7, 0xff, 0x9, 0x94, 0x3, 0xf7, 0x80,
    0x7f, 0xf0, 0x5a, 0x40, 0x3f, 0xa, 0x80, 0x7f,
    0xf0, 0x22, 0x40, 0x3f, 0xa4, 0x3, 0xff, 0x81,
    0x4e, 0x1, 0xfc, 0x6e, 0x1, 0xff, 0x52, 0x80,
    0x7f, 0x16, 0x80, 0x7f, 0xd2, 0xa0, 0x1f, 0xc5,
    0x82, 0x1, 0xfe, 0x56, 0x0, 0xfe, 0x4d, 0x10,
    0xf, 0xfa, 0xc0, 0x3f, 0x9a, 0xc0, 0x3f, 0xf8,
    0x8, 0x20, 0x1f, 0x9a, 0x40, 0x3f, 0xf8, 0x26,
    0x1, 0xf8, 0xe4, 0x3, 0xff, 0x85, 0xc0, 0x1f,
    0xa0, 0x3, 0xff, 0x98, 0xa0, 0x1f, 0xfc, 0x33,
    0x0, 0xfc, 0x20, 0x1f, 0xfc, 0x3d, 0x0, 0xf8,
    0x80, 0x3f, 0xf8, 0x8f, 0xff, 0xf6, 0x80, 0x7f,
    0xff, 0xc0, 0x3f, 0xf8, 0xcf, 0xbf, 0xd4, 0x60,
    0x1f, 0xfc, 0x6c, 0x82, 0x1, 0x5c, 0x40, 0xf,
    0xfe, 0x24, 0x18, 0x7, 0xac, 0x40, 0x3f, 0xf8,
    0x6c, 0x1, 0xf9, 0xc0, 0x3f, 0xf8, 0x42, 0x20,
    0xf, 0xde, 0x1, 0xff, 0xdb, 0x11, 0x0, 0x7e,
    0xf0, 0xf, 0xfe, 0x1b, 0x0, 0x7c, 0x2c, 0x1,
    0xff, 0xc3, 0x83, 0x0, 0xf5, 0x0, 0x7f, 0xf1,
    0x72, 0x8, 0x5, 0x71, 0x0, 0x3f, 0x80,

    /* U+0040 "@" */
    0x0, 0xff, 0xe3, 0x9b, 0xd6, 0x77, 0xfd, 0xd9,
    0x2c, 0x40, 0x1f, 0xfd, 0x13, 0x9e, 0xc8, 0x53,
    0x10, 0x8, 0x4d, 0xa7, 0x74, 0xe2, 0x1, 0xff,
    0xcc, 0x4b, 0xc6, 0x10, 0xf, 0xfe, 0x9, 0x47,
    0x40, 0x7, 0xff, 0x24, 0x6e, 0xc8, 0x1, 0xff,
    0xc7, 0x7d, 0x30, 0xf, 0xfe, 0x33, 0x72, 0x0,
    0x7f, 0xf2, 0x8b, 0x18, 0x3, 0xff, 0x89, 0x32,
    0x0, 0xf8, 0x5a, 0xb7, 0xbf, 0xdd, 0x70, 0x60,
    0x1f, 0xa5, 0xc0, 0x3f, 0xf8, 0x56, 0xc0, 0x1e,
    0x3b, 0xe9, 0x52, 0x10, 0x0, 0xa3, 0xe6, 0xb0,
    0x7, 0xd0, 0xa0, 0x1f, 0xfc, 0xb, 0x40, 0xe,
    0x1a, 0xc4, 0x0, 0xff, 0x8a, 0x70, 0x80, 0x3d,
    0x44, 0x1, 0xfe, 0xb4, 0x0, 0xe4, 0xf5, 0x0,
    0xff, 0xe1, 0x9e, 0x18, 0x7, 0xa4, 0x3, 0xf9,
    0xd0, 0x3, 0x9a, 0xc4, 0x3, 0xff, 0x8a, 0x3a,
    0x40, 0x1c, 0x88, 0x0, 0xf8, 0xe0, 0x3, 0x96,
    0x40, 0x3f, 0xf9, 0x3, 0xc0, 0x1e, 0xf0, 0xf,
    0xb8, 0x3, 0x92, 0x80, 0x3f, 0xf9, 0x46, 0xc0,
    0x1c, 0x82, 0x1, 0xce, 0x40, 0x18, 0x68, 0x3,
    0x86, 0x33, 0xbf, 0x5c, 0x1a, 0xab, 0x40, 0x7,
    0x40, 0x7, 0x98, 0x3, 0xc, 0x0, 0x75, 0x88,
    0x6, 0x4e, 0x73, 0x10, 0x28, 0xc9, 0x55, 0xcc,
    0x1, 0xc2, 0x60, 0x1d, 0x80, 0x1a, 0x40, 0x39,
    0x14, 0x3, 0x1d, 0x80, 0x7c, 0x60, 0x1c, 0x40,
    0x1e, 0xb0, 0xe, 0x50, 0xc, 0xc0, 0x1d, 0x0,
    0x1d, 0xe0, 0x1f, 0xfc, 0x26, 0x0, 0xf1, 0x80,
    0x70, 0x80, 0x4a, 0x20, 0x18, 0xcc, 0x1, 0x8c,
    0xc0, 0x1f, 0xfc, 0x22, 0x0, 0xf3, 0x0, 0x78,
    0x40, 0x1e, 0x1, 0xd2, 0x1, 0xd4, 0x1, 0xc5,
    0x9f, 0x40, 0x1e, 0xe0, 0xf, 0x18, 0x7, 0x8c,
    0x0, 0xa0, 0x1c, 0x80, 0x1c, 0xa0, 0x1d, 0xe6,
    0xa, 0x60, 0x1c, 0xa0, 0x1f, 0xfc, 0x33, 0x0,
    0xe3, 0x10, 0xe, 0x30, 0xc, 0x24, 0x1, 0x38,
    0x7, 0x10, 0x7, 0x8c, 0x3, 0xc6, 0x8, 0x1,
    0xc8, 0x1, 0xc4, 0x1, 0xca, 0x1, 0x94, 0x3,
    0x84, 0x3, 0xcc, 0x1, 0xe1, 0xe, 0x0, 0xed,
    0x0, 0xe6, 0x0, 0xe2, 0x0, 0xc2, 0x1, 0x88,
    0x3, 0xe2, 0x0, 0xe1, 0x0, 0x28, 0x7, 0x30,
    0x7, 0x10, 0x7, 0x70, 0x4, 0x40, 0x1c, 0xe0,
    0x1f, 0x60, 0x7, 0x28, 0x0, 0x80, 0x38, 0x80,
    0x3b, 0x80, 0x38, 0x80, 0x26, 0x0, 0xe2, 0x0,
    0xf9, 0x0, 0x38, 0xc0, 0x2, 0x1, 0xc2, 0x1,
    0xc4, 0x1, 0xcc, 0x1, 0x10, 0x7, 0xff, 0x1,
    0x4, 0x3, 0xb0, 0x3, 0xff, 0x84, 0xc0, 0x1c,
    0x60, 0x17, 0x0, 0x71, 0x0, 0x7a, 0x0, 0x38,
    0x50, 0x3, 0xf0, 0x80, 0x70, 0x80, 0x61, 0x0,
    0xc6, 0x1, 0xca, 0x20, 0x19, 0xcc, 0x3, 0x9c,
    0x3, 0xf8, 0xc0, 0x38, 0xc0, 0x30, 0x80, 0x64,
    0x0, 0xf6, 0x20, 0x14, 0x40, 0x3, 0xd0, 0x1,
    0xfc, 0xc0, 0x1c, 0x60, 0x1d, 0x2, 0x56, 0x1,
    0xf1, 0x5f, 0xeb, 0x80, 0x79, 0xc4, 0x2, 0x20,
    0xe, 0xc0, 0xe, 0x40, 0xe, 0x7e, 0xd4, 0x0,
    0xff, 0xe2, 0x9c, 0x0, 0x67, 0x0, 0xe5, 0x0,
    0xea, 0x0, 0xff, 0xe6, 0x96, 0x80, 0x76, 0x80,
    0x71, 0x18, 0x6, 0x36, 0x0, 0xfe, 0x16, 0x0,
    0xff, 0xe0, 0x1e, 0x8, 0x7, 0x20, 0x7, 0xa4,
    0x3, 0xa5, 0x40, 0x3e, 0x1c, 0x99, 0x0, 0x7f,
    0xc, 0x60, 0x80, 0x78, 0xc4, 0x3, 0x95, 0x0,
    0x3a, 0xad, 0x44, 0x0, 0x71, 0xc4, 0xd, 0xd0,
    0x82, 0x0, 0x25, 0x9f, 0x70, 0xf, 0xe6, 0x0,
    0xf5, 0x8, 0x7, 0x25, 0x77, 0xfb, 0x1c, 0x3,
    0xb, 0xdf, 0x7f, 0xb6, 0x98, 0x40, 0x3f, 0xd2,
    0x1, 0xe1, 0xc1, 0x0, 0xff, 0xeb, 0x8b, 0x80,
    0x78, 0xb0, 0xc0, 0x3f, 0xf8, 0x4a, 0x20, 0x1f,
    0xfc, 0x78, 0x20, 0xf, 0x16, 0x48, 0x80, 0x7f,
    0x93, 0x2a, 0x80, 0x1f, 0xfc, 0x8e, 0x0, 0xfc,
    0xdd, 0x6c, 0x62, 0x0, 0x25, 0x8e, 0xb3, 0x4,
    0x50, 0xf, 0xfe, 0x39, 0xd0, 0x7, 0xf2, 0x4e,
    0x77, 0xfb, 0x69, 0xc4, 0x3, 0x58, 0x7, 0xff,
    0x21, 0x64, 0x3, 0xff, 0x94, 0x2e, 0x1, 0xff,
    0xc8, 0x6b, 0x10, 0xf, 0xfe, 0x41, 0xa8, 0x7,
    0xff, 0x25, 0x3d, 0x40, 0x3f, 0xf8, 0xa3, 0x38,
    0x40, 0x1f, 0xfc, 0xa1, 0xad, 0x60, 0xf, 0xfe,
    0x9, 0xcf, 0x30, 0x7, 0xff, 0x38, 0xa7, 0xed,
    0xd0, 0x84, 0x0, 0x46, 0xd3, 0xb8, 0xc0, 0x1f,
    0xfc, 0x60,

    /* U+0041 "A" */
    0x0, 0xff, 0x6f, 0xff, 0xed, 0x0, 0xff, 0xe3,
    0x99, 0x0, 0x7e, 0x22, 0x0, 0x7f, 0xf1, 0x94,
    0x3, 0xfc, 0xe0, 0x1f, 0xfc, 0x6c, 0x0, 0xff,
    0x60, 0x7, 0xff, 0x19, 0xc0, 0x3f, 0xca, 0x1,
    0xff, 0xc5, 0x12, 0x0, 0xff, 0x18, 0x7, 0xff,
    0x15, 0x40, 0x3f, 0xf8, 0x6, 0x1, 0xff, 0xc4,
    0xc0, 0xf, 0xfe, 0x2, 0x0, 0x7f, 0xf1, 0xc,
    0x3, 0xff, 0x81, 0xa0, 0x1f, 0xfc, 0x44, 0x0,
    0xff, 0xe0, 0x20, 0x7, 0xff, 0xc, 0x80, 0x3f,
    0xf8, 0x22, 0x20, 0xf, 0xfe, 0x12, 0x0, 0x7f,
    0xf0, 0x90, 0x3, 0xff, 0x85, 0xe0, 0x1e, 0x60,
    0xf, 0xb4, 0x3, 0xff, 0x84, 0x80, 0x1e, 0xc2,
    0x0, 0xf2, 0x0, 0x7f, 0xf0, 0x88, 0x3, 0xce,
    0xe0, 0xf, 0x18, 0x7, 0xff, 0x5, 0x0, 0x3e,
    0x2d, 0x0, 0xf8, 0xc0, 0x3f, 0xf8, 0x6, 0x1,
    0xe2, 0x3, 0x0, 0xf9, 0x40, 0x3f, 0xf8, 0x18,
    0x1, 0xe7, 0x6, 0x0, 0xfb, 0x0, 0x3f, 0xf8,
    0xa, 0x1, 0xe2, 0x2, 0x0, 0xf9, 0xc0, 0x3f,
    0xe2, 0x10, 0xf, 0x68, 0x0, 0xc0, 0x3c, 0x42,
    0x1, 0xfe, 0x70, 0xf, 0x9c, 0x0, 0xa0, 0x1f,
    0x28, 0x7, 0xfb, 0x0, 0x3e, 0x20, 0x7, 0x80,
    0x7d, 0x80, 0x1f, 0xe5, 0x0, 0xf1, 0x0, 0x4a,
    0x1, 0xf1, 0x80, 0x7f, 0x8c, 0x3, 0xce, 0x1,
    0x10, 0x7, 0xca, 0x1, 0xfc, 0x60, 0x1f, 0x68,
    0x4, 0x22, 0x0, 0xf0, 0x90, 0x7, 0xe4, 0x0,
    0xf8, 0x80, 0x32, 0x80, 0x7c, 0x80, 0x1f, 0xb4,
    0x3, 0xe7, 0x0, 0xc6, 0x1, 0xf7, 0x80, 0x7e,
    0x40, 0xf, 0x88, 0x3, 0x68, 0x7, 0xca, 0x1,
    0xf0, 0x88, 0x3, 0xc4, 0x1, 0xcc, 0x1, 0xf1,
    0x80, 0x7c, 0x80, 0x1f, 0x17, 0xff, 0x60, 0x7,
    0xe3, 0x0, 0xf6, 0x80, 0x7f, 0xf2, 0x90, 0x3,
    0xc8, 0x1, 0xff, 0xca, 0xd0, 0xf, 0x18, 0x7,
    0xff, 0x29, 0x0, 0x38, 0xc0, 0x3f, 0xf9, 0x62,
    0x20, 0xc, 0x80, 0x1f, 0xfc, 0xc4, 0x0, 0xda,
    0x1, 0xff, 0xcc, 0xd0, 0xc, 0x80, 0x1f, 0x3f,
    0xff, 0xe2, 0x0, 0xf9, 0x0, 0x21, 0x10, 0x7,
    0xda, 0x1, 0xf9, 0xc0, 0x3e, 0x30, 0x9, 0x0,
    0x3f, 0x38, 0x7, 0xed, 0x0, 0xfc, 0x60, 0xd,
    0x0, 0xfc, 0x40, 0x1f, 0x88, 0x3, 0xf2, 0x80,
    0x10, 0x3, 0xe2, 0x0, 0xfe, 0x70, 0xf, 0xd8,
    0x0, 0x30, 0xf, 0x9c, 0x3, 0xf8, 0x80, 0x3f,
    0x38, 0x8, 0x7, 0xec, 0x0, 0xff, 0x20, 0x7,
    0xc4, 0x0,

    /* U+0042 "B" */
    0x2f, 0xff, 0xfe, 0x7, 0x6d, 0x31, 0x0, 0x7e,
    0x60, 0xf, 0xfe, 0x0, 0x92, 0xce, 0xe2, 0x80,
    0x7f, 0xf3, 0xe, 0xac, 0x40, 0x3f, 0xf9, 0x89,
    0xe2, 0x1, 0xff, 0xcc, 0x1c, 0x0, 0xff, 0xe6,
    0x94, 0x0, 0x7f, 0xf3, 0x5c, 0x40, 0x3f, 0xc9,
    0x32, 0x85, 0x0, 0xff, 0x38, 0x7, 0xfb, 0x19,
    0x8f, 0x5a, 0x20, 0x1f, 0xb0, 0x3, 0xff, 0x86,
    0x54, 0x1, 0xf9, 0xc0, 0x3f, 0xf8, 0x88, 0x40,
    0x1f, 0x18, 0x7, 0xff, 0x15, 0xc0, 0x3e, 0x10,
    0xf, 0xfe, 0x29, 0x0, 0x7f, 0xf3, 0x44, 0x3,
    0xe1, 0x0, 0xff, 0xe2, 0x90, 0x7, 0xc4, 0x1,
    0xff, 0xc4, 0x14, 0x0, 0xf9, 0x40, 0x3f, 0xf8,
    0x96, 0x1, 0xfa, 0x80, 0x3f, 0xf8, 0x47, 0x6a,
    0x1, 0xf1, 0x98, 0x3, 0xfd, 0x1f, 0xf6, 0x20,
    0x7, 0xef, 0x0, 0xff, 0xe6, 0x51, 0x80, 0x7f,
    0xf2, 0x86, 0xd4, 0x3, 0xff, 0xca, 0x36, 0xa0,
    0x1f, 0xfc, 0xda, 0x30, 0xf, 0xfa, 0x3f, 0xed,
    0x70, 0xf, 0xda, 0x1, 0xff, 0xc3, 0x28, 0x90,
    0xf, 0x85, 0xc0, 0x3f, 0xf8, 0x8c, 0x60, 0x1f,
    0x50, 0x7, 0xff, 0x16, 0x80, 0x3e, 0x22, 0x0,
    0x7f, 0xf1, 0x14, 0x3, 0xf2, 0x0, 0x7f, 0xf1,
    0x8, 0x3, 0xf7, 0x0, 0x7f, 0xf1, 0xc, 0x3,
    0xf0, 0x80, 0x7f, 0xf1, 0x4, 0x3, 0xf1, 0x80,
    0x7f, 0xf1, 0x10, 0x3, 0xf1, 0x0, 0x7f, 0xf1,
    0x28, 0x3, 0xf7, 0x80, 0x7f, 0xf0, 0xe8, 0x80,
    0x3f, 0x18, 0x7, 0xf6, 0x33, 0x51, 0xca, 0x1,
    0xfc, 0x80, 0x1f, 0xc9, 0x33, 0x38, 0x80, 0x7f,
    0x28, 0x7, 0xff, 0x36, 0x0, 0x3f, 0xf9, 0x90,
    0x40, 0x1f, 0xfc, 0xb6, 0x70, 0xf, 0xfe, 0x5c,
    0x48, 0x7, 0xff, 0x29, 0x75, 0xc0, 0x33, 0x0,
    0x7f, 0xf0, 0x44, 0x96, 0x7a, 0x88, 0x3, 0x80,

    /* U+0043 "C" */
    0x0, 0xf8, 0xde, 0xf7, 0xbf, 0xb6, 0xdc, 0x80,
    0x3f, 0xf8, 0x9, 0x98, 0x84, 0x21, 0x1, 0x24,
    0x8d, 0xb3, 0x0, 0xfe, 0x9b, 0x30, 0xf, 0xf9,
    0x32, 0x0, 0x3e, 0xb6, 0x0, 0xff, 0xe1, 0xbd,
    0x0, 0x74, 0xa0, 0x7, 0xff, 0x15, 0x60, 0x2,
    0x46, 0x0, 0xff, 0xe3, 0xb9, 0x80, 0x20, 0x3,
    0xff, 0x93, 0x0, 0x66, 0x0, 0xfc, 0x2f, 0xc,
    0x20, 0x1f, 0x90, 0x90, 0x3, 0xf1, 0x7c, 0x3c,
    0xf9, 0x0, 0x7e, 0x4c, 0x0, 0xfd, 0x22, 0x1,
    0xc, 0x80, 0x7e, 0xc7, 0x0, 0xfc, 0x80, 0x1c,
    0x80, 0x1f, 0x84, 0x40, 0x1f, 0x10, 0x7, 0xc2,
    0x1, 0xf3, 0x98, 0x7, 0xff, 0x72, 0xa2, 0x3e,
    0xf0, 0xf, 0xfe, 0x22, 0x3b, 0xfc, 0x60, 0x1f,
    0xff, 0xf0, 0xf, 0xff, 0xf8, 0x7, 0xff, 0xfc,
    0x3, 0xff, 0xfe, 0x1, 0xff, 0xff, 0x0, 0xff,
    0xe2, 0x67, 0xff, 0xd4, 0x1, 0xff, 0xc4, 0x20,
    0xf, 0x9c, 0xc0, 0x3e, 0x30, 0xf, 0x84, 0x3,
    0xe6, 0x60, 0x7, 0xc2, 0x1, 0xe1, 0x0, 0xfc,
    0x24, 0x1, 0xfa, 0x0, 0x3a, 0x0, 0x3f, 0x6e,
    0x80, 0x3f, 0x3b, 0x80, 0x2, 0xec, 0x1, 0xf9,
    0x10, 0x1, 0xfd, 0x1f, 0xee, 0x80, 0xf, 0xc2,
    0x60, 0xe0, 0x1f, 0xfc, 0x98, 0x0, 0x40, 0x80,
    0x7f, 0xf1, 0xcd, 0x80, 0x2d, 0x0, 0xff, 0xe3,
    0xe, 0x80, 0x63, 0xb1, 0x0, 0xff, 0xe1, 0x96,
    0x8, 0x7, 0x27, 0x98, 0x7, 0xff, 0x5, 0x70,
    0x80, 0x3e, 0x1c, 0xc2, 0x0, 0x7e, 0x15, 0xca,
    0x10, 0xf, 0xf1, 0xdf, 0xe5, 0x4c, 0x4d, 0x67,
    0x51, 0x80, 0x78,

    /* U+0044 "D" */
    0x2f, 0xff, 0xfe, 0x7, 0x6d, 0xc1, 0x80, 0x7e,
    0x60, 0xf, 0xfe, 0x0, 0x92, 0x3e, 0x6a, 0x80,
    0x7f, 0xf3, 0xa, 0xac, 0x40, 0x3f, 0xf9, 0x89,
    0x82, 0x1, 0xff, 0xcc, 0x2d, 0x0, 0xff, 0xe6,
    0x9b, 0x80, 0x7f, 0xf3, 0x60, 0x40, 0x3f, 0xc9,
    0x33, 0x30, 0x80, 0x7f, 0x38, 0x7, 0xfb, 0x19,
    0xa9, 0xf2, 0x0, 0xfd, 0xa0, 0x1f, 0xfc, 0x31,
    0xe0, 0xf, 0xc8, 0x1, 0xff, 0xc4, 0x32, 0x0,
    0xff, 0xe6, 0xb8, 0x7, 0xe1, 0x0, 0xff, 0xe2,
    0x18, 0x7, 0xe3, 0x0, 0xff, 0xff, 0x80, 0x7f,
    0xff, 0xc0, 0x3f, 0xff, 0xe0, 0x1f, 0xff, 0xf0,
    0xf, 0xff, 0xf8, 0x7, 0xff, 0xfc, 0x3, 0xff,
    0xac, 0x60, 0x1f, 0x8c, 0x3, 0xff, 0x88, 0xe0,
    0x1f, 0x84, 0x3, 0xff, 0x86, 0x84, 0x1, 0xff,
    0xcb, 0x19, 0x0, 0xfc, 0x80, 0x1f, 0xec, 0x66,
    0xa7, 0xc8, 0x3, 0xf6, 0x80, 0x7f, 0x92, 0x66,
    0x61, 0x0, 0xfe, 0x70, 0xf, 0xfe, 0x64, 0x8,
    0x7, 0xff, 0x2c, 0xdc, 0x3, 0xff, 0x96, 0x5a,
    0x1, 0xff, 0xcb, 0x4c, 0x10, 0xf, 0xfe, 0x49,
    0x55, 0x88, 0x6, 0x60, 0xf, 0xfe, 0x9, 0x1b,
    0xde, 0xa8, 0x7, 0x80,

    /* U+0045 "E" */
    0x2f, 0xff, 0xfe, 0x52, 0xb0, 0x7, 0xff, 0x28,
    0x80, 0x3f, 0xff, 0xe0, 0x1f, 0xfe, 0xa4, 0x99,
    0xff, 0xe0, 0xb0, 0x7, 0xf6, 0x33, 0x7f, 0xf0,
    0x44, 0x3, 0xff, 0xfe, 0x1, 0xff, 0xff, 0x0,
    0xff, 0xf3, 0xe3, 0x37, 0xc8, 0x1, 0xff, 0xc3,
    0x49, 0x9f, 0xac, 0x3, 0xff, 0xfe, 0x1, 0xff,
    0xf8, 0x20, 0xf, 0xfe, 0x1c, 0x7f, 0xfd, 0xa0,
    0x1f, 0xff, 0xf0, 0xf, 0xff, 0xf8, 0x7, 0xff,
    0xfc, 0x3, 0xd8, 0xcd, 0xff, 0xc1, 0x10, 0xf,
    0xe4, 0x99, 0xff, 0xe0, 0xb0, 0x7, 0xff, 0xfc,
    0x3, 0xff, 0xc2, 0xc0, 0x1f, 0xfc, 0xa2,

    /* U+0046 "F" */
    0x2f, 0xff, 0xfe, 0x52, 0x30, 0x7, 0xff, 0x28,
    0x80, 0x3f, 0xff, 0xe0, 0x1f, 0xfe, 0xa4, 0x99,
    0xff, 0xe0, 0xb0, 0x7, 0xf6, 0x33, 0x7f, 0xf0,
    0x40, 0x3f, 0xff, 0xe0, 0x1f, 0xff, 0xf0, 0xf,
    0xff, 0x46, 0x33, 0x7c, 0x60, 0x1f, 0xfc, 0x34,
    0x99, 0xfb, 0x40, 0x3f, 0xff, 0xe0, 0x1f, 0xff,
    0x82, 0x0, 0xff, 0xe1, 0xbf, 0xff, 0xd8, 0x1,
    0xff, 0xc3, 0xf0, 0xf, 0xff, 0xf8, 0x7, 0xff,
    0xfc, 0x3, 0xff, 0xfe, 0x1, 0xff, 0xff, 0x0,
    0xff, 0xff, 0x30, 0x7, 0xe2, 0x0, 0xff, 0xe1,
    0x0,

    /* U+0047 "G" */
    0x0, 0xf8, 0xde, 0xf7, 0xbf, 0xb6, 0xdc, 0x80,
    0x3f, 0xf8, 0xb, 0x98, 0x84, 0x21, 0x1, 0x24,
    0x8d, 0xb4, 0x0, 0xfe, 0xaa, 0x18, 0x7, 0xfc,
    0x97, 0x20, 0x1f, 0x62, 0x80, 0x7f, 0xf0, 0xda,
    0xc0, 0x3a, 0xcc, 0x3, 0xff, 0x8a, 0x94, 0x1,
    0x2a, 0x0, 0x7f, 0xf1, 0xd5, 0x0, 0x10, 0x1,
    0xff, 0xc9, 0x90, 0x42, 0x0, 0xfc, 0x2f, 0xc,
    0x20, 0x1f, 0x88, 0xf0, 0x3, 0xf1, 0x7c, 0x3c,
    0xf9, 0x0, 0x7e, 0xb3, 0x0, 0xfd, 0x22, 0x1,
    0xc, 0x80, 0x7e, 0x27, 0x0, 0xfc, 0x80, 0x1c,
    0x80, 0x1f, 0x98, 0x80, 0x3e, 0x20, 0xf, 0x84,
    0x3, 0xe1, 0x0, 0xff, 0xee, 0x98, 0x7, 0xff,
    0x33, 0xea, 0xbe, 0xf0, 0xf, 0xfe, 0x21, 0x2a,
    0xfc, 0x40, 0x1f, 0xff, 0xf0, 0xf, 0xfe, 0x1,
    0x33, 0x7f, 0xc6, 0x1, 0xff, 0xc0, 0x89, 0x9f,
    0xfb, 0x80, 0x3f, 0xff, 0xe0, 0x1f, 0xff, 0x22,
    0x0, 0xff, 0xe6, 0x47, 0xfc, 0x20, 0x1f, 0xff,
    0xf0, 0xf, 0xfe, 0xa9, 0x80, 0x7c, 0x60, 0x1f,
    0x8, 0x7, 0xc2, 0x20, 0xf, 0x84, 0x40, 0x1c,
    0x40, 0x1f, 0x9d, 0x80, 0x3f, 0x48, 0x7, 0x58,
    0x7, 0xe2, 0xc0, 0xf, 0xce, 0xe0, 0x0, 0xc3,
    0x0, 0x7e, 0xd7, 0x0, 0xfe, 0x8f, 0xf7, 0x38,
    0x7, 0xf2, 0xa, 0x80, 0x7f, 0xf2, 0x60, 0x1,
    0x60, 0x1f, 0xfc, 0x81, 0x70, 0x0, 0xd8, 0x7,
    0xff, 0x1f, 0x0, 0x32, 0x50, 0x7, 0xff, 0x10,
    0x6c, 0x80, 0x39, 0x74, 0x80, 0x3f, 0xf8, 0x29,
    0xe8, 0x1, 0xf1, 0x6d, 0xa0, 0x7, 0xf2, 0xe5,
    0x88, 0x7, 0xf9, 0x2f, 0xf2, 0xa6, 0x26, 0xb3,
    0xe8, 0xc0, 0x3c,

    /* U+0048 "H" */
    0x2f, 0xff, 0xca, 0x1, 0xe8, 0xff, 0xfb, 0x41,
    0x80, 0x3f, 0x10, 0x7, 0x8c, 0x3, 0xe2, 0x0,
    0xff, 0xff, 0x80, 0x7f, 0xff, 0xc0, 0x3f, 0xff,
    0xe0, 0x1f, 0xff, 0xf0, 0xf, 0xff, 0xf8, 0x7,
    0xff, 0x37, 0x19, 0xbe, 0x0, 0xff, 0xe3, 0x24,
    0xcf, 0x88, 0x3, 0xff, 0xfe, 0x1, 0xff, 0xff,
    0x0, 0xff, 0xe6, 0x3f, 0xff, 0x90, 0x3, 0xff,
    0x8d, 0xe0, 0x1f, 0xff, 0xf0, 0xf, 0xff, 0xf8,
    0x7, 0xff, 0xfc, 0x3, 0xff, 0xfe, 0x1, 0xff,
    0xff, 0x0, 0xff, 0xe9, 0xb0, 0x7, 0xe2, 0x0,
    0xf1, 0x80, 0x7c, 0x40,

    /* U+0049 "I" */
    0x2f, 0xff, 0xca, 0xc0, 0x1f, 0x88, 0x3, 0xff,
    0xfe, 0x1, 0xff, 0xff, 0x0, 0xff, 0xff, 0x80,
    0x7f, 0xff, 0xc0, 0x3f, 0xff, 0xe0, 0x1f, 0xfc,
    0xd6, 0x0, 0xfc, 0x40,

    /* U+004A "J" */
    0x0, 0xff, 0xe2, 0x27, 0xff, 0xe2, 0x0, 0xff,
    0xe2, 0x18, 0x7, 0xe6, 0x0, 0xff, 0xff, 0x80,
    0x7f, 0xff, 0xc0, 0x3f, 0xff, 0xe0, 0x1f, 0xff,
    0xf0, 0xf, 0xff, 0xf8, 0x7, 0xff, 0xfc, 0x3,
    0xff, 0xfe, 0x1, 0xff, 0xff, 0x0, 0xff, 0xf3,
    0xf7, 0xff, 0xce, 0x1, 0xff, 0xc4, 0x21, 0x0,
    0xfb, 0x80, 0x3f, 0xff, 0xe0, 0x1f, 0xfc, 0x73,
    0x0, 0xfc, 0x60, 0x1e, 0xf0, 0xf, 0xce, 0x20,
    0x1f, 0x9c, 0x3, 0xc4, 0x1, 0xf8, 0x40, 0x40,
    0x3e, 0x24, 0x0, 0xc4, 0xa0, 0x1f, 0x88, 0x1c,
    0x3, 0xf5, 0x20, 0x0, 0xfc, 0x3, 0xf1, 0x80,
    0x30, 0x3, 0xf0, 0xdf, 0xfb, 0x8, 0x3, 0xf5,
    0x80, 0x14, 0x80, 0x3f, 0xf9, 0x2, 0xc0, 0x14,
    0x80, 0x7f, 0xf2, 0x20, 0x40, 0x24, 0x70, 0xf,
    0xfe, 0x32, 0xb0, 0x7, 0x43, 0x80, 0x7f, 0xf1,
    0x16, 0x80, 0x3e, 0x8a, 0x10, 0xf, 0xfe, 0xc,
    0xd0, 0x7, 0xf2, 0xf4, 0x90, 0x7, 0xe2, 0x8f,
    0x60, 0xf, 0xfe, 0x3, 0x6f, 0x5c, 0xc4, 0x26,
    0xfb, 0x5c, 0x3, 0xe0,

    /* U+004B "K" */
    0x2f, 0xff, 0xca, 0x1, 0xf1, 0x77, 0xff, 0xe0,
    0x60, 0xf, 0xc4, 0x1, 0xf4, 0x8, 0x7, 0xcc,
    0x1, 0xff, 0xc5, 0x25, 0x0, 0xfd, 0x60, 0x1f,
    0xfc, 0x58, 0x0, 0xfc, 0xc4, 0x1, 0xff, 0xc4,
    0x25, 0x0, 0xfd, 0x0, 0x1f, 0xfc, 0x58, 0x0,
    0xfc, 0xe2, 0x1, 0xff, 0xc4, 0x25, 0x0, 0xfd,
    0x20, 0x1f, 0xfc, 0x58, 0x0, 0xfc, 0xe2, 0x1,
    0xff, 0xc4, 0x35, 0x0, 0xf8, 0x64, 0x3, 0xff,
    0x8b, 0x0, 0x1f, 0xa4, 0x40, 0x3f, 0xf8, 0x86,
    0x80, 0x1f, 0xb, 0x80, 0x7f, 0xf1, 0x60, 0x3,
    0xf4, 0x80, 0x7f, 0xf1, 0x4d, 0x0, 0x3e, 0x17,
    0x0, 0xff, 0xe2, 0xc0, 0x7, 0xe8, 0x0, 0xff,
    0xe2, 0x9a, 0x0, 0x7c, 0x4c, 0x1, 0xff, 0xc5,
    0x80, 0xf, 0xd6, 0x1, 0xff, 0xc5, 0xb4, 0x0,
    0xf8, 0x98, 0x3, 0xff, 0x8a, 0x60, 0x1f, 0xa0,
    0x3, 0xff, 0x9c, 0x4a, 0x1, 0xff, 0xce, 0x30,
    0xf, 0xfe, 0x78, 0xa8, 0x7, 0xff, 0x3e, 0x40,
    0x3f, 0xf9, 0xe6, 0x60, 0xf, 0xfe, 0x7d, 0x0,
    0x7f, 0xf3, 0xd8, 0x40, 0x3f, 0xf9, 0xec, 0x1,
    0xff, 0xc6, 0x70, 0xf, 0xd4, 0x1, 0xff, 0xc5,
    0x38, 0x40, 0xf, 0x89, 0x0, 0x3f, 0xf8, 0x9e,
    0x1c, 0x1, 0xfb, 0xc0, 0x3f, 0xf8, 0x6a, 0x60,
    0xa2, 0x1, 0xf2, 0x10, 0x7, 0xff, 0xb, 0x40,
    0x26, 0x0, 0xfd, 0x40, 0x1f, 0xfc, 0x69, 0x0,
    0xfc, 0xc0, 0x1f, 0xfc, 0x61, 0x40, 0xf, 0x85,
    0x80, 0x3f, 0xf8, 0xdc, 0x1, 0xfa, 0xc0, 0x3f,
    0xf8, 0xca, 0x20, 0x1f, 0x11, 0x80, 0x7f, 0xf1,
    0x98, 0x3, 0xf4, 0x80, 0x7f, 0xf1, 0xa4, 0x3,
    0xf2, 0x88, 0x7, 0xff, 0x14, 0x50, 0x3, 0xf4,
    0x80, 0x7f, 0xf1, 0xbc, 0x3, 0xf3, 0x0, 0x7f,
    0xf1, 0x90, 0x40, 0x3e, 0x15, 0x0, 0xff, 0xe3,
    0x30, 0x7, 0xe9, 0x0, 0xff, 0xe3, 0x48, 0x7,
    0xe3, 0x26, 0x0, 0xfc, 0x40, 0x1f, 0xb, 0x0,
    0x7e, 0x40,

    /* U+004C "L" */
    0x2f, 0xff, 0xca, 0x1, 0xff, 0xc2, 0x60, 0xf,
    0xc4, 0x1, 0xff, 0xff, 0x0, 0xff, 0xff, 0x80,
    0x7f, 0xff, 0xc0, 0x3f, 0xff, 0xe0, 0x1f, 0xff,
    0xf0, 0xf, 0xff, 0xf8, 0x7, 0xff, 0xfc, 0x3,
    0xff, 0xfe, 0x1, 0xff, 0xff, 0x0, 0xff, 0xff,
    0x80, 0x7f, 0xfd, 0x71, 0x9b, 0xff, 0x82, 0x20,
    0x1f, 0xc9, 0x33, 0xff, 0xc2, 0x0, 0xff, 0xff,
    0x80, 0x7f, 0xf8, 0x58, 0x3, 0xff, 0x95, 0xc0,

    /* U+004D "M" */
    0x4f, 0xff, 0xc8, 0x1, 0xfe, 0x6f, 0xff, 0xc8,
    0x60, 0x1f, 0xa4, 0x3, 0xfd, 0x0, 0x1f, 0x8c,
    0x3, 0xf8, 0x9c, 0x3, 0xf4, 0x8, 0x7, 0xff,
    0x1e, 0x4, 0x3, 0xc2, 0xe0, 0x1f, 0xfc, 0x98,
    0x0, 0xf4, 0x0, 0x7f, 0xf2, 0x98, 0x80, 0x31,
    0x30, 0x7, 0xff, 0x2e, 0x40, 0x34, 0x80, 0x7f,
    0xf3, 0x11, 0x0, 0x3, 0x40, 0xf, 0xfe, 0x6c,
    0x80, 0x3c, 0x3, 0xff, 0x9c, 0x4c, 0xa6, 0x1,
    0xff, 0xcf, 0x8b, 0x0, 0xff, 0xe8, 0x8, 0x80,
    0x3f, 0xff, 0xe0, 0x1f, 0x88, 0x3, 0xfc, 0x40,
    0x1f, 0xfc, 0x69, 0x20, 0xf, 0xc5, 0x0, 0x1f,
    0xfc, 0x79, 0x0, 0xfd, 0x20, 0x1f, 0xfc, 0x84,
    0x40, 0x7, 0x91, 0x0, 0x1f, 0xfc, 0x99, 0x0,
    0xf4, 0x80, 0x7f, 0xf2, 0x89, 0x80, 0x33, 0x90,
    0x7, 0xff, 0x2e, 0x4, 0x0, 0x32, 0x1, 0xff,
    0xcc, 0x19, 0x0, 0x40, 0x80, 0x7f, 0xf3, 0x5c,
    0x88, 0xc0, 0x1f, 0xfc, 0xfe, 0xe0, 0x7, 0xff,
    0x40, 0xcc, 0x1, 0xff, 0xff, 0x0, 0xff, 0xff,
    0x80, 0x7f, 0xff, 0xc0, 0x3f, 0xff, 0xe0, 0x1f,
    0xff, 0xf0, 0xf, 0xff, 0xf8, 0x7, 0xff, 0xf8,
    0x80, 0x3f, 0x30, 0x7, 0xf9, 0x80, 0x3f, 0x18,

    /* U+004E "N" */
    0x2f, 0xff, 0xe4, 0x0, 0xf9, 0xbf, 0xfe, 0xe0,
    0x60, 0xf, 0xef, 0x0, 0xfb, 0x80, 0x3e, 0x12,
    0x0, 0xff, 0x20, 0x7, 0xff, 0x41, 0x40, 0x3f,
    0xf9, 0xfe, 0x1, 0xff, 0xcf, 0x50, 0xf, 0xfe,
    0x82, 0x80, 0x7f, 0xf3, 0xfc, 0x3, 0xff, 0x9e,
    0xa0, 0x1f, 0xfd, 0x4, 0x0, 0xff, 0xe7, 0xe8,
    0x7, 0xff, 0x3d, 0xc0, 0x3f, 0xf9, 0xe2, 0x80,
    0x1f, 0xfc, 0xfd, 0x0, 0xff, 0xe7, 0xb8, 0x7,
    0xff, 0x3c, 0x50, 0x3, 0xff, 0x9f, 0xa0, 0x1f,
    0xfc, 0xf7, 0x0, 0xff, 0xe4, 0x90, 0x7, 0x9,
    0x80, 0x7f, 0xf2, 0x2c, 0x3, 0xd6, 0x1e, 0x1,
    0xff, 0xc6, 0x35, 0x0, 0xe6, 0x0, 0xff, 0xe4,
    0xf8, 0x7, 0x9, 0x80, 0x7f, 0xf2, 0x14, 0x3,
    0xd6, 0x1, 0xff, 0xc9, 0x40, 0xe, 0x50, 0xf,
    0xfe, 0x4e, 0x80, 0x71, 0x58, 0x7, 0xff, 0x21,
    0xc0, 0x3c, 0x60, 0x1f, 0xfc, 0x81, 0x40, 0xf,
    0xfe, 0x7e, 0x80, 0x7f, 0xf3, 0xdc, 0x3, 0xff,
    0x9e, 0x26, 0x1, 0xff, 0xcf, 0xb0, 0xf, 0xfe,
    0x59, 0x80, 0x4c, 0x1, 0xff, 0xcf, 0x13, 0x0,
    0xff, 0xe7, 0xd8, 0x7, 0xff, 0x3d, 0x40, 0x3f,
    0xf9, 0xe4, 0x40, 0xf, 0xfe, 0x7a, 0x80, 0x7f,
    0xf3, 0xe8, 0x3, 0xff, 0x9e, 0x44, 0x0, 0xff,
    0xe7, 0xa8, 0x7, 0xff, 0x3e, 0xc0, 0x3f, 0xf9,
    0xe6, 0x20, 0x1f, 0xe6, 0x0, 0xfc, 0x40, 0x1f,
    0x48, 0x7, 0xe1, 0x20,

    /* U+004F "O" */
    0x0, 0xf8, 0x9a, 0xb7, 0xbf, 0xb6, 0xdc, 0xc0,
    0x3f, 0xf8, 0x27, 0x7b, 0x2a, 0x42, 0x2, 0x49,
    0x19, 0xaa, 0x1, 0xfe, 0x7c, 0x40, 0xf, 0xf8,
    0xaa, 0xc4, 0x3, 0xea, 0x80, 0xf, 0xfe, 0x1a,
    0x60, 0x80, 0x74, 0x28, 0x7, 0xff, 0x14, 0xb4,
    0x3, 0x1b, 0x80, 0x7f, 0xf1, 0xce, 0x0, 0x28,
    0x0, 0xff, 0xe4, 0xb8, 0x81, 0x20, 0x7, 0xf3,
    0x43, 0x90, 0x7, 0xf3, 0x2, 0x0, 0x7e, 0x1d,
    0x97, 0x8d, 0x40, 0xf, 0xd8, 0x18, 0x1, 0xfa,
    0x88, 0x3, 0x50, 0x7, 0xe4, 0x6, 0x0, 0xfc,
    0x80, 0x1c, 0x2a, 0x1, 0xf8, 0x44, 0x1, 0xf1,
    0x0, 0x7c, 0x40, 0x1f, 0x8c, 0xc0, 0x1f, 0xfc,
    0xc1, 0x0, 0xff, 0xff, 0x80, 0x7f, 0xff, 0xc0,
    0x3f, 0xff, 0xe0, 0x1f, 0xff, 0xf0, 0xf, 0xff,
    0xf8, 0x7, 0xff, 0xfc, 0x3, 0xff, 0xc0, 0x40,
    0x1f, 0x18, 0x7, 0xc2, 0x1, 0xf8, 0x5c, 0x3,
    0xe1, 0x10, 0x7, 0x94, 0x3, 0xf1, 0x18, 0x7,
    0xe8, 0x0, 0xe4, 0x30, 0xf, 0x84, 0x30, 0x3,
    0xf3, 0x48, 0x80, 0x1a, 0xc0, 0x3f, 0x38, 0x20,
    0x80, 0x7e, 0x6e, 0xff, 0x48, 0x7, 0xf6, 0x80,
    0x24, 0x3, 0xff, 0x92, 0x68, 0x0, 0x72, 0x0,
    0xff, 0xe4, 0x78, 0x6, 0xf1, 0x0, 0xff, 0xe3,
    0x49, 0x80, 0x62, 0xd1, 0x0, 0xff, 0xe2, 0x4b,
    0x0, 0x78, 0xfd, 0x0, 0x3f, 0xf8, 0x25, 0x8c,
    0x1, 0xf8, 0x6f, 0x14, 0x40, 0x3f, 0x25, 0x69,
    0x80, 0x7f, 0xc7, 0x5d, 0x95, 0x31, 0x35, 0x9f,
    0x6a, 0x1, 0xf0,

    /* U+0050 "P" */
    0x3f, 0xff, 0xfe, 0x17, 0x5b, 0x88, 0x7, 0xcc,
    0x1, 0xff, 0xc2, 0x14, 0x8e, 0x91, 0x0, 0xff,
    0xe6, 0x37, 0x98, 0x7, 0xff, 0x30, 0x70, 0xc0,
    0x3f, 0xf9, 0xba, 0x20, 0x1f, 0xfc, 0xc1, 0xb0,
    0xf, 0xfe, 0x6a, 0x90, 0x7, 0xf9, 0x26, 0x50,
    0xc2, 0x1, 0xfd, 0x60, 0x1f, 0xed, 0x66, 0x3c,
    0xf9, 0x80, 0x7e, 0x70, 0xf, 0xfe, 0x18, 0xe8,
    0x7, 0xe1, 0x30, 0xf, 0xfe, 0x18, 0xb0, 0x7,
    0xe6, 0x0, 0xff, 0xe2, 0x60, 0x7, 0xe2, 0x0,
    0xff, 0xe2, 0x30, 0x7, 0xef, 0x0, 0xff, 0xe2,
    0x8, 0x7, 0xe1, 0x0, 0xff, 0xe2, 0x8, 0x7,
    0xe1, 0x0, 0xff, 0xe2, 0x28, 0x7, 0xee, 0x0,
    0xff, 0xe2, 0x50, 0x7, 0xe2, 0x0, 0xff, 0xe1,
    0xb1, 0x80, 0x7e, 0x40, 0xf, 0xfe, 0x9, 0x44,
    0x80, 0x7e, 0x30, 0xf, 0xf4, 0xff, 0xda, 0xe0,
    0x1f, 0xd2, 0x1, 0xff, 0xcc, 0x25, 0x0, 0xff,
    0xe6, 0x70, 0x7, 0xff, 0x32, 0xc, 0x3, 0xff,
    0x97, 0x2e, 0x1, 0xff, 0xca, 0x3c, 0x60, 0xf,
    0xfe, 0x38, 0x9b, 0x5e, 0x18, 0x7, 0xff, 0xa,
    0x3f, 0xfb, 0xb2, 0x50, 0x3, 0xff, 0x88, 0x20,
    0x1f, 0xff, 0xf0, 0xf, 0xff, 0xf8, 0x7, 0xff,
    0xfc, 0x3, 0xff, 0xfe, 0x1, 0xff, 0xff, 0x0,
    0xe6, 0x0, 0xfc, 0x40, 0x1f, 0xfc, 0x40,

    /* U+0051 "Q" */
    0x0, 0xf8, 0x9e, 0xfb, 0xfd, 0xdb, 0x2a, 0x1,
    0xff, 0xc1, 0x3b, 0xd8, 0x41, 0x0, 0x9, 0x35,
    0x7b, 0x80, 0x7f, 0x9f, 0x10, 0x3, 0xfe, 0x8d,
    0x20, 0xf, 0xa6, 0x0, 0x3f, 0xf8, 0x45, 0x86,
    0x1, 0xce, 0xc0, 0x1f, 0xfc, 0x41, 0xd1, 0x0,
    0x8a, 0x0, 0x3f, 0xf8, 0xc3, 0x60, 0x14, 0x0,
    0x7f, 0xf2, 0x14, 0xc0, 0x54, 0x3, 0xf0, 0xbc,
    0x28, 0x7, 0xf4, 0x82, 0x0, 0x7e, 0x2e, 0x87,
    0xaa, 0x0, 0x7e, 0x40, 0xc0, 0xf, 0xd2, 0x1,
    0x95, 0x0, 0x3e, 0x12, 0x50, 0xf, 0xc8, 0x1,
    0xda, 0x1, 0xf9, 0xc4, 0x3, 0xe2, 0x0, 0xf1,
    0x0, 0x7e, 0x33, 0x0, 0x7f, 0xf2, 0xc4, 0x3,
    0xff, 0xfe, 0x1, 0xff, 0xff, 0x0, 0xff, 0xff,
    0x80, 0x7f, 0xff, 0xc0, 0x3f, 0xff, 0xe0, 0x1f,
    0xff, 0xf3, 0x0, 0xff, 0xe6, 0x8, 0x7, 0xc6,
    0x1, 0xe1, 0x0, 0xfc, 0x2c, 0x1, 0xf0, 0x88,
    0x3, 0xb4, 0x3, 0xf1, 0x68, 0x7, 0xe8, 0x0,
    0xc2, 0xe0, 0x1f, 0x95, 0x0, 0x3f, 0x34, 0x8,
    0x1e, 0x0, 0x7e, 0x31, 0x32, 0x0, 0xfc, 0xfd,
    0xf8, 0x40, 0x1f, 0xa8, 0x1, 0x0, 0x1f, 0xfc,
    0x81, 0x60, 0x2, 0x98, 0x7, 0xff, 0x1e, 0xc0,
    0x36, 0x88, 0x7, 0xff, 0x15, 0x94, 0x3, 0xe,
    0x8, 0x7, 0xff, 0xd, 0xa4, 0x3, 0xc5, 0xea,
    0x1, 0xff, 0xc1, 0x99, 0x0, 0x7e, 0x1a, 0xc4,
    0x0, 0xfe, 0x7e, 0x60, 0xf, 0xf8, 0xe8, 0x3,
    0xf2, 0xc0, 0x80, 0x7f, 0xff, 0xc0, 0x3f, 0xfb,
    0x42, 0x20, 0xf, 0x88, 0x3, 0xf0,

    /* U+0052 "R" */
    0x2f, 0xff, 0xfe, 0x17, 0x5b, 0x90, 0x7, 0xcc,
    0x1, 0xff, 0xc2, 0x14, 0x8d, 0xa2, 0x0, 0xff,
    0xe6, 0x2e, 0xa8, 0x7, 0xff, 0x36, 0x94, 0x3,
    0xff, 0x9b, 0x46, 0x1, 0xff, 0xcd, 0xf0, 0xf,
    0xfe, 0x69, 0xa8, 0x7, 0xf9, 0x26, 0x67, 0x10,
    0xf, 0xe9, 0x0, 0xff, 0x63, 0x35, 0x1c, 0xa0,
    0x1f, 0x8c, 0x40, 0x3f, 0xf8, 0x74, 0x40, 0x1f,
    0x90, 0x3, 0xff, 0x89, 0x40, 0x1f, 0x88, 0x3,
    0xff, 0x88, 0x80, 0x1f, 0xb8, 0x3, 0xff, 0x88,
    0x40, 0x1f, 0x8c, 0x3, 0xff, 0x88, 0x60, 0x1f,
    0x8c, 0x3, 0xff, 0x88, 0xc0, 0x1f, 0x84, 0x3,
    0xff, 0x89, 0xc0, 0x1f, 0xb8, 0x3, 0xff, 0x86,
    0x8a, 0x1, 0xf9, 0x40, 0x3f, 0xf8, 0x22, 0xf6,
    0x1, 0xf8, 0x4c, 0x3, 0xfa, 0x3f, 0xee, 0x80,
    0xf, 0xe6, 0x0, 0xff, 0xe6, 0xc8, 0x7, 0xff,
    0x32, 0x44, 0x3, 0xff, 0x96, 0xac, 0x1, 0xff,
    0xcb, 0x6a, 0x0, 0xff, 0xe5, 0xcc, 0x80, 0x3f,
    0xfb, 0x6f, 0xfe, 0x30, 0xf, 0xb4, 0x3, 0xff,
    0x85, 0xe0, 0xb, 0x0, 0xf9, 0x4, 0x3, 0xff,
    0x88, 0xa0, 0x1f, 0x90, 0x3, 0xff, 0x88, 0x42,
    0x1, 0xf7, 0x80, 0x7f, 0xf1, 0x5c, 0x3, 0xe5,
    0x0, 0xff, 0xe2, 0xe0, 0x7, 0xe4, 0x0, 0xff,
    0xe2, 0x20, 0x7, 0xed, 0x0, 0xff, 0xe2, 0x9,
    0x80, 0x7c, 0xe0, 0x1f, 0xfc, 0x54, 0x0, 0xf8,
    0x4c, 0x3, 0xff, 0x89, 0x60, 0x1f, 0xac, 0x3,
    0xff, 0x88, 0x62, 0x1, 0xf2, 0x80, 0x7f, 0xf1,
    0x50, 0x3, 0xe2, 0x20, 0x7, 0xff, 0x13, 0x0,
    0x3f, 0x28, 0x7, 0xff, 0x11, 0xc0, 0x3f, 0x58,
    0x7, 0xff, 0x10, 0x48, 0x3, 0xe3, 0x10, 0xf,
    0xfe, 0x22, 0x80, 0x7e, 0x70, 0xf, 0xfe, 0x26,
    0x0, 0x7e, 0xd6, 0x0, 0xfc, 0x40, 0x1e, 0x42,
    0x0, 0xf9, 0x80,

    /* U+0053 "S" */
    0x0, 0xf8, 0x5a, 0xb7, 0xbf, 0xb6, 0xdc, 0x80,
    0x3f, 0xf8, 0x25, 0x3d, 0x2a, 0x42, 0x2, 0x49,
    0x1b, 0x66, 0x1, 0xfe, 0x5d, 0x60, 0xf, 0xf9,
    0x31, 0xc0, 0x3f, 0x35, 0x0, 0x7f, 0xf0, 0xe2,
    0x40, 0x3c, 0x92, 0x1, 0xff, 0xc5, 0x67, 0x0,
    0xe9, 0x0, 0xff, 0xe3, 0xc1, 0x0, 0x4c, 0x40,
    0x1f, 0xfc, 0x88, 0x0, 0xb4, 0x3, 0xf9, 0x61,
    0xc4, 0x3, 0xf2, 0x88, 0x1, 0x0, 0x3f, 0x5d,
    0x3c, 0x79, 0x0, 0x7e, 0x40, 0x20, 0xf, 0xca,
    0x80, 0x10, 0xc0, 0x7, 0xed, 0x6, 0x0, 0xfd,
    0x80, 0x1c, 0xa0, 0x1f, 0x88, 0x4, 0x3, 0xf1,
    0x80, 0x78, 0x40, 0x3e, 0x10, 0x10, 0xf, 0xc6,
    0x1, 0xff, 0xc4, 0x60, 0xf, 0xd4, 0x1, 0xe7,
    0x11, 0xf1, 0x60, 0x10, 0x7, 0xe3, 0x60, 0xe,
    0x9e, 0xef, 0x6b, 0x80, 0x14, 0x3, 0xf4, 0xa8,
    0x7, 0xff, 0xe, 0x40, 0x3f, 0xa9, 0xc0, 0x3f,
    0xf8, 0x46, 0x80, 0x1f, 0xd1, 0x42, 0x1, 0xff,
    0xc1, 0xa1, 0x0, 0xfe, 0x5f, 0x30, 0xf, 0xfe,
    0x0, 0xd8, 0x7, 0xf8, 0x71, 0xc0, 0x3f, 0xf8,
    0xb, 0x20, 0x1f, 0xf4, 0x58, 0x80, 0x7f, 0xcd,
    0x20, 0x1f, 0xf2, 0x61, 0x0, 0x7f, 0xcd, 0x62,
    0x1, 0xfe, 0x2d, 0x50, 0xf, 0xf9, 0x30, 0xc0,
    0x3f, 0xea, 0x50, 0xf, 0xf8, 0xb1, 0xc0, 0x3f,
    0xea, 0x50, 0xf, 0xfe, 0x4, 0x58, 0x80, 0x7f,
    0xa8, 0x40, 0x3f, 0xf8, 0x9, 0xe8, 0x1, 0xfe,
    0xa0, 0xf, 0xfe, 0x8, 0xdb, 0x80, 0x7f, 0x21,
    0x80, 0x7f, 0xf0, 0xa2, 0x40, 0x3f, 0xa8, 0x0,
    0x24, 0x5f, 0x0, 0x73, 0x40, 0x7, 0xe4, 0x1,
    0xed, 0xdf, 0x98, 0x3, 0x9c, 0x40, 0x3e, 0x20,
    0x30, 0xf, 0xc2, 0x1, 0xe4, 0x0, 0xff, 0xe3,
    0x70, 0x7, 0xff, 0x10, 0xc0, 0x3f, 0x10, 0x7,
    0x98, 0x3, 0xe1, 0x1, 0x0, 0xfc, 0x86, 0x1,
    0x90, 0xc0, 0x3e, 0x20, 0x2, 0x0, 0x7e, 0xd4,
    0x0, 0x2d, 0x0, 0x7e, 0x40, 0x6, 0x80, 0x7e,
    0x1b, 0xff, 0x50, 0x80, 0x7e, 0xb0, 0x3, 0x8,
    0x7, 0xff, 0x20, 0xcc, 0x1, 0x40, 0x7, 0xff,
    0x23, 0xc0, 0x33, 0x20, 0x7, 0xff, 0x1a, 0x4c,
    0x3, 0xad, 0x0, 0x3f, 0xf8, 0x90, 0xc0, 0x1f,
    0x5c, 0x0, 0x7f, 0xf0, 0x46, 0xdc, 0x3, 0xf9,
    0xf9, 0xc8, 0x3, 0xf1, 0xcf, 0x20, 0x7, 0xfc,
    0x31, 0xba, 0xa9, 0x88, 0x4d, 0xfe, 0x30, 0x7,
    0xc0,

    /* U+0054 "T" */
    0x5f, 0xff, 0xfe, 0x6b, 0x68, 0x7, 0xff, 0x37,
    0x80, 0x3f, 0xff, 0xe0, 0x1f, 0xfd, 0x5f, 0x0,
    0xff, 0xe7, 0x34, 0xcf, 0xd0, 0x1, 0xf8, 0xa6,
    0x7f, 0x85, 0x9b, 0xe7, 0x0, 0xfc, 0xcd, 0xfc,
    0x20, 0x1f, 0xff, 0xf0, 0xf, 0xff, 0xf8, 0x7,
    0xff, 0xfc, 0x3, 0xff, 0xfe, 0x1, 0xff, 0xff,
    0x0, 0xff, 0xff, 0x80, 0x7f, 0xff, 0xc0, 0x3f,
    0xff, 0xe0, 0x1f, 0xff, 0xf0, 0xf, 0xff, 0xf8,
    0x7, 0xff, 0xfc, 0x3, 0xff, 0xfe, 0x40, 0x1f,
    0x18, 0x7, 0xf0,

    /* U+0055 "U" */
    0x4f, 0xff, 0xc4, 0x1, 0xe6, 0xff, 0xfb, 0x84,
    0xc0, 0x3f, 0x30, 0x7, 0xbc, 0x3, 0xe1, 0x30,
    0xf, 0xff, 0xf8, 0x7, 0xff, 0xfc, 0x3, 0xff,
    0xfe, 0x1, 0xff, 0xff, 0x0, 0xff, 0xff, 0x80,
    0x7f, 0xff, 0xc0, 0x3f, 0xff, 0xe0, 0x1f, 0xff,
    0xf0, 0xf, 0xff, 0xf8, 0x7, 0xff, 0xfc, 0x3,
    0x8, 0x7, 0xff, 0x30, 0xcc, 0x1, 0xf8, 0x80,
    0x3c, 0x40, 0x1f, 0x85, 0x80, 0x3f, 0x78, 0x7,
    0x94, 0x3, 0xe1, 0x3, 0x0, 0xfc, 0xc2, 0x1,
    0x98, 0x40, 0x3e, 0x50, 0x2, 0x0, 0x7e, 0xc3,
    0x0, 0x2c, 0x80, 0x7e, 0xd0, 0x7, 0x0, 0x7e,
    0x2c, 0xff, 0x50, 0x7, 0xf3, 0x80, 0x14, 0x80,
    0x3f, 0xf9, 0xc, 0x20, 0x14, 0x80, 0x7f, 0xf1,
    0xc6, 0x0, 0x32, 0x38, 0x7, 0xff, 0x1b, 0x44,
    0x3, 0xa1, 0xc0, 0x3f, 0xf8, 0x63, 0x66, 0x1,
    0xf4, 0x50, 0x80, 0x7f, 0xf0, 0xf, 0x10, 0x3,
    0xf9, 0x7a, 0x8, 0x3, 0xf2, 0x5e, 0x10, 0x7,
    0xff, 0x1, 0xf7, 0xae, 0x62, 0x15, 0x7f, 0x68,
    0x1, 0xf0,

    /* U+0056 "V" */
    0x8f, 0xff, 0xd6, 0x1, 0xf8, 0xff, 0xff, 0x58,
    0x70, 0x7, 0xe4, 0x0, 0xfc, 0x80, 0x1f, 0x84,
    0x14, 0x3, 0xf8, 0x80, 0x3e, 0xe0, 0xf, 0xda,
    0x6, 0x1, 0xfc, 0xc0, 0x1f, 0x28, 0x7, 0xe4,
    0x0, 0x18, 0x7, 0xe3, 0x0, 0xf8, 0x80, 0x3f,
    0x18, 0x1, 0x40, 0x3f, 0x70, 0x7, 0x84, 0x40,
    0x1f, 0x10, 0x5, 0x80, 0x1f, 0x94, 0x3, 0xc4,
    0x1, 0xf9, 0x0, 0x27, 0x0, 0xfc, 0x40, 0x1e,
    0x50, 0xf, 0xde, 0x1, 0x10, 0x80, 0x7c, 0x22,
    0x0, 0xee, 0x0, 0xfc, 0x80, 0x19, 0x40, 0x3f,
    0x10, 0x7, 0x18, 0x7, 0xe2, 0x0, 0xc6, 0x1,
    0xf9, 0x40, 0x39, 0x80, 0x3e, 0x40, 0xe, 0xc0,
    0xf, 0xdc, 0x1, 0xc4, 0x1, 0xf1, 0x80, 0x72,
    0x80, 0x7e, 0x30, 0xc, 0x40, 0x1f, 0xb0, 0x3,
    0x84, 0x80, 0x3e, 0x60, 0xc, 0xc0, 0x1f, 0x94,
    0x3, 0xce, 0x1, 0xf1, 0x0, 0x63, 0x0, 0xf8,
    0x44, 0x1, 0xed, 0x0, 0xfc, 0x40, 0x17, 0x0,
    0x7c, 0x80, 0x1f, 0x20, 0x7, 0xe7, 0x0, 0x94,
    0x3, 0xed, 0x0, 0xf8, 0xc0, 0x3f, 0x10, 0x4,
    0x40, 0x1f, 0x20, 0x7, 0xe3, 0x0, 0xfb, 0x40,
    0x21, 0x0, 0xf8, 0xc0, 0x3f, 0x28, 0x7, 0xcc,
    0x0, 0x30, 0xf, 0x8c, 0x3, 0xfb, 0x0, 0x3e,
    0x30, 0x3, 0x0, 0x7c, 0xa0, 0x1f, 0xce, 0x1,
    0xf8, 0x43, 0x40, 0x3e, 0xf0, 0xf, 0xe2, 0x10,
    0xf, 0x94, 0x8, 0x3, 0xe4, 0x0, 0xff, 0x28,
    0x7, 0xc4, 0xe, 0x1, 0xf1, 0x0, 0x7f, 0x8c,
    0x3, 0xef, 0x2, 0x0, 0xf2, 0x0, 0x7f, 0xd8,
    0x1, 0xf1, 0x10, 0x3, 0xe3, 0x0, 0xff, 0x94,
    0x3, 0xe5, 0x60, 0xf, 0xb0, 0x3, 0xfe, 0x12,
    0x0, 0xf0, 0x98, 0x7, 0xca, 0x1, 0xff, 0xc0,
    0x70, 0xf, 0xa0, 0x3, 0xc4, 0x20, 0x1f, 0xfc,
    0xd, 0x0, 0xff, 0xe1, 0x38, 0x7, 0xff, 0x5,
    0x0, 0x3f, 0xf8, 0x5a, 0x1, 0xff, 0xc1, 0x30,
    0xf, 0xfe, 0x12, 0x0, 0x7f, 0xf0, 0x8c, 0x3,
    0xff, 0x82, 0x60, 0x1f, 0xfc, 0x25, 0x0, 0xff,
    0xe0, 0x18, 0x7, 0xff, 0xf, 0xc0, 0x3f, 0xf8,
    0xa, 0x1, 0xff, 0xc3, 0x40, 0xf, 0xfe, 0x6,
    0x0, 0x7f, 0xf0, 0xc8, 0x3, 0xff, 0x80, 0xe0,
    0x1f, 0xfc, 0x44, 0x0, 0xff, 0x88, 0x3, 0xff,
    0x88, 0x60, 0x1f, 0xe4, 0x0, 0xff, 0xe2, 0xe0,
    0x7, 0xf8, 0xc0, 0x3f, 0xf8, 0xaa, 0x1, 0xfe,
    0xc0, 0xf, 0xfe, 0x28, 0x88, 0x3, 0xf9, 0x40,
    0x3f, 0xf8, 0xcc, 0x1, 0xf8, 0xc4, 0x3, 0xf8,

    /* U+0057 "W" */
    0xaf, 0xff, 0xc6, 0x1, 0xe5, 0xff, 0xf9, 0x0,
    0x3c, 0x9f, 0xff, 0x94, 0xc0, 0x3f, 0x28, 0x7,
    0xb0, 0x3, 0xec, 0x0, 0xf6, 0x0, 0x7e, 0x1c,
    0x0, 0xfd, 0xe0, 0x1e, 0x20, 0xf, 0x8c, 0x3,
    0xc4, 0x1, 0xf9, 0x5c, 0x3, 0xf1, 0x0, 0x79,
    0x40, 0x3e, 0x50, 0xf, 0x30, 0x7, 0xc2, 0x22,
    0x0, 0xfc, 0xa0, 0x1e, 0x10, 0xf, 0x84, 0x3,
    0xc4, 0x1, 0xf2, 0x80, 0xc, 0x3, 0xe1, 0x0,
    0xe2, 0x0, 0xfe, 0x30, 0xc, 0x22, 0x0, 0xf8,
    0xc0, 0x8, 0x1, 0xf8, 0xc0, 0x33, 0x80, 0x7f,
    0x30, 0x6, 0x20, 0xf, 0xda, 0x0, 0xd0, 0xf,
    0xcc, 0x1, 0x88, 0x3, 0xfb, 0x40, 0x33, 0x0,
    0x7e, 0x70, 0x3, 0x80, 0x7e, 0xd0, 0xd, 0xa0,
    0x1f, 0xc6, 0x1, 0x88, 0x3, 0xf1, 0x0, 0x8,
    0x3, 0xf1, 0x80, 0x66, 0x0, 0xfe, 0x60, 0xd,
    0xa0, 0x1f, 0x18, 0x6, 0x40, 0xf, 0x98, 0x3,
    0x10, 0x7, 0xf1, 0x0, 0x66, 0x0, 0xf9, 0x40,
    0x31, 0x80, 0x7c, 0x40, 0x10, 0x88, 0x3, 0xfc,
    0x60, 0x11, 0x0, 0x7d, 0xe0, 0x1b, 0x40, 0x3f,
    0x10, 0x0, 0x80, 0x3f, 0xe6, 0x0, 0x84, 0x3,
    0xe5, 0x0, 0xce, 0x1, 0xf9, 0xc0, 0xa, 0x1,
    0xff, 0x68, 0x0, 0xc0, 0x3f, 0x18, 0x6, 0x21,
    0x0, 0xf8, 0x80, 0x1c, 0x1, 0xff, 0x10, 0x1,
    0x80, 0x3e, 0x20, 0xf, 0x28, 0x7, 0xda, 0x0,
    0x20, 0xf, 0xf9, 0xc0, 0x4, 0x1, 0xf3, 0x80,
    0x78, 0xc0, 0x3e, 0x60, 0x3, 0x80, 0x7f, 0xc4,
    0x0, 0xd0, 0xf, 0xb4, 0x3, 0xda, 0x1, 0xf1,
    0x80, 0x8, 0x3, 0xff, 0x80, 0x40, 0xc0, 0x1f,
    0x18, 0x7, 0x9c, 0x3, 0xf0, 0x88, 0x3, 0xff,
    0x82, 0xe0, 0x40, 0x1f, 0x28, 0x7, 0x88, 0x40,
    0x3e, 0x55, 0x0, 0x79, 0x40, 0x3d, 0xa0, 0x20,
    0x1e, 0x21, 0x0, 0xf9, 0x40, 0x3e, 0x22, 0x0,
    0x7b, 0x80, 0x3c, 0x46, 0x1, 0xf3, 0x80, 0x7e,
    0x30, 0xf, 0xbf, 0xc0, 0x1c, 0x2a, 0x1, 0xe7,
    0x60, 0xf, 0xb4, 0x3, 0xf6, 0x80, 0x7c, 0x44,
    0x0, 0xe2, 0x11, 0x0, 0x71, 0x10, 0x3, 0xe3,
    0x0, 0xfc, 0xe0, 0x1f, 0x22, 0x0, 0x39, 0x40,
    0x80, 0x3d, 0x0, 0x1f, 0x28, 0x7, 0xe2, 0x10,
    0xf, 0xfe, 0xf, 0x2, 0x80, 0x7f, 0xf0, 0x44,
    0x40, 0x1f, 0xca, 0x1, 0xff, 0xc1, 0x20, 0xe0,
    0xf, 0xfe, 0xa, 0x80, 0x7f, 0x8c, 0x3, 0xff,
    0x82, 0xe0, 0x60, 0x1f, 0xfc, 0x13, 0x0, 0xff,
    0x68, 0x7, 0xff, 0x4, 0x81, 0x80, 0x3f, 0xf8,
    0x3a, 0x1, 0xfe, 0x40, 0xf, 0xfe, 0x0, 0x80,
    0x8, 0x3, 0xff, 0x82, 0xe0, 0x1f, 0xe1, 0x10,
    0x7, 0xfc, 0x40, 0x11, 0x80, 0x7f, 0xf0, 0x8,
    0x3, 0xfe, 0x50, 0xf, 0xf9, 0x40, 0x26, 0x0,
    0xff, 0x8c, 0x3, 0xff, 0x80, 0x60, 0x1f, 0xf7,
    0x0, 0x5a, 0x1, 0xff, 0x28, 0x7, 0xff, 0x3,
    0x40, 0x3f, 0xe2, 0x0, 0x88, 0x3, 0xfe, 0xf0,
    0xf, 0xfe, 0x2, 0x0, 0x7f, 0xce, 0x1, 0x38,
    0x7, 0xfc, 0xa0, 0x1f, 0xfc, 0x1, 0x10, 0x7,
    0xf8, 0x80, 0x22, 0x0, 0xff, 0x8c, 0x3, 0xff,
    0x82, 0xa0, 0x1f, 0xc2, 0x1, 0xc4, 0x1, 0xfc,
    0x40, 0x1f, 0xfc, 0x23, 0x0, 0xfe, 0x20, 0xe,
    0x60, 0xf, 0xe7, 0x0, 0xff, 0xe1, 0x60, 0x7,
    0xf2, 0x80, 0x71, 0x80, 0x7f, 0x68, 0x7, 0xff,
    0x9, 0x40, 0x3f, 0xb8, 0x3, 0xb8, 0x3, 0xf8,
    0xc0, 0x3f, 0xf8, 0x42, 0x20, 0xf, 0xc4, 0x1,
    0xca, 0x1, 0xfc, 0xa0, 0x1f, 0xfc, 0x35, 0x0,
    0xfc, 0xe0, 0x1c, 0x60, 0x1f, 0x84, 0x40, 0x1f,
    0xfc, 0x3c, 0x0, 0xfc, 0x40, 0x1e, 0x10, 0xf,
    0x94, 0x3, 0xff, 0x88, 0x80, 0x1f, 0x18, 0x7,
    0xce, 0x1, 0xf6, 0x80, 0x7e,

    /* U+0058 "X" */
    0x5f, 0xff, 0xca, 0x1, 0xfb, 0x3f, 0xfe, 0xc7,
    0x0, 0xfd, 0xc0, 0x1f, 0x19, 0x80, 0x3e, 0x52,
    0x40, 0xf, 0x90, 0x40, 0x3d, 0x40, 0x1f, 0xac,
    0x3c, 0x3, 0xf3, 0x80, 0x79, 0xc0, 0x3e, 0x32,
    0x4, 0x10, 0xf, 0xa8, 0x3, 0x90, 0x40, 0x3e,
    0x90, 0xa, 0x40, 0x3e, 0x32, 0x0, 0xdc, 0x1,
    0xf0, 0xa8, 0x4, 0xc0, 0x1f, 0x94, 0x3, 0x28,
    0x7, 0xcc, 0x1, 0x85, 0x40, 0x3e, 0xa0, 0x9,
    0x40, 0x3f, 0x48, 0x7, 0x48, 0x7, 0xc4, 0x40,
    0x7, 0x80, 0x7c, 0x82, 0x1, 0xc6, 0x40, 0x1f,
    0x50, 0x1, 0x40, 0x3e, 0xf0, 0xf, 0xac, 0x3,
    0xe5, 0x6, 0x0, 0xf8, 0x90, 0x3, 0xe6, 0x0,
    0xf8, 0x8f, 0x40, 0x3e, 0xa0, 0xf, 0xe6, 0x0,
    0xfa, 0x10, 0x3, 0xe6, 0x0, 0xfe, 0xb0, 0xf,
    0x90, 0x3, 0xe5, 0x10, 0xf, 0xe2, 0x30, 0xf,
    0xfe, 0x14, 0x80, 0x7f, 0xd2, 0x1, 0xff, 0xc1,
    0x33, 0x0, 0x7f, 0xca, 0x20, 0x1f, 0xfc, 0xa,
    0x0, 0xff, 0xe0, 0xb0, 0x7, 0xff, 0x1, 0x80,
    0x3f, 0xf8, 0x34, 0x1, 0xff, 0x30, 0x7, 0xff,
    0x8, 0x90, 0x3, 0xfd, 0x60, 0x1f, 0xfc, 0x3f,
    0x0, 0xfe, 0x32, 0x0, 0xff, 0xe1, 0xa0, 0x7,
    0xf5, 0x80, 0x7f, 0xf1, 0x10, 0x3, 0xfb, 0x0,
    0x3f, 0xf8, 0x9e, 0x1, 0xfc, 0x84, 0x1, 0xff,
    0xc2, 0x14, 0x0, 0xff, 0x50, 0x7, 0xff, 0xa,
    0x40, 0x3f, 0xe6, 0x0, 0xff, 0xe1, 0x30, 0x7,
    0xfc, 0x2c, 0x1, 0xff, 0xc0, 0x51, 0x0, 0xff,
    0xe0, 0x50, 0x7, 0xff, 0x2, 0x40, 0x3f, 0xf8,
    0x26, 0x60, 0xf, 0xf1, 0x18, 0x7, 0xff, 0xa,
    0x80, 0x3f, 0xd6, 0x1, 0xf1, 0x80, 0x7c, 0xc2,
    0x1, 0xfc, 0xc0, 0x1f, 0x41, 0x80, 0x7c, 0xc0,
    0x1f, 0x98, 0x3, 0xe1, 0x4a, 0x0, 0xfa, 0x80,
    0x3f, 0x58, 0x7, 0xcc, 0xe, 0x1, 0xf1, 0x20,
    0x7, 0x8c, 0x80, 0x3e, 0xa0, 0x14, 0x0, 0xfb,
    0x80, 0x3d, 0x20, 0x1f, 0x11, 0x0, 0x1c, 0x1,
    0xf2, 0x88, 0x6, 0x15, 0x0, 0xfa, 0x80, 0x25,
    0x0, 0xfd, 0x20, 0x19, 0x80, 0x3f, 0x30, 0x6,
    0x50, 0xf, 0x98, 0x3, 0x48, 0x7, 0xc6, 0x20,
    0x1b, 0x80, 0x3e, 0x15, 0x0, 0x20, 0x80, 0x7d,
    0x40, 0x1c, 0x82, 0x1, 0xf4, 0x80, 0x3c, 0x3,
    0xf3, 0x80, 0x79, 0xc0, 0x3e, 0x32, 0x22, 0x0,
    0x7c, 0xa2, 0x1, 0xea, 0x0, 0xfd, 0x6e, 0x1,
    0xfb, 0x80, 0x3e, 0x33, 0x0, 0x7c, 0xa0,

    /* U+0059 "Y" */
    0x6f, 0xff, 0xd0, 0x1, 0xf1, 0x7f, 0xfe, 0xc5,
    0x0, 0xfc, 0xc0, 0x1f, 0x50, 0x7, 0xe5, 0x31,
    0x0, 0xf8, 0x48, 0x3, 0xc8, 0x1, 0xfb, 0x41,
    0x80, 0x3f, 0x20, 0x7, 0x8c, 0x3, 0xe1, 0x40,
    0xb0, 0xf, 0xd8, 0x1, 0xc8, 0x1, 0xf9, 0xc0,
    0x6, 0x40, 0x1f, 0x20, 0x7, 0x60, 0x7, 0xea,
    0x0, 0x94, 0x3, 0xe1, 0x30, 0xc, 0xa0, 0x1f,
    0x11, 0x80, 0x54, 0x1, 0xf9, 0x0, 0x21, 0x20,
    0xf, 0x94, 0x3, 0x11, 0x80, 0x7d, 0x80, 0x12,
    0x0, 0x7e, 0xa0, 0xe, 0xb0, 0xf, 0x90, 0x2,
    0xc0, 0xf, 0x88, 0x80, 0x1c, 0xc0, 0x1f, 0x8c,
    0x0, 0x80, 0x1f, 0x50, 0x7, 0x84, 0xc0, 0x3e,
    0x40, 0x12, 0x0, 0xf9, 0x40, 0x3e, 0xa0, 0xf,
    0xac, 0x1c, 0x3, 0xe3, 0x20, 0xf, 0x9c, 0x3,
    0xe3, 0xc, 0x0, 0xfa, 0x80, 0x3f, 0xa, 0x0,
    0x7c, 0x88, 0x0, 0xf9, 0xc0, 0x3f, 0xb4, 0x3,
    0xe8, 0x10, 0xf, 0x20, 0x80, 0x7f, 0x38, 0x7,
    0xc6, 0x1, 0xf6, 0x80, 0x7f, 0x85, 0x0, 0x3f,
    0xf8, 0x4e, 0x1, 0xff, 0x70, 0x7, 0xff, 0x5,
    0x4, 0x3, 0xfe, 0x50, 0xf, 0xfe, 0xf, 0x0,
    0x7f, 0xf0, 0x54, 0x3, 0xff, 0x80, 0xa0, 0x1f,
    0xfc, 0x1e, 0x0, 0xff, 0x94, 0x3, 0xff, 0x84,
    0x82, 0x1, 0xfe, 0xe0, 0xf, 0xfe, 0x1b, 0x80,
    0x7f, 0xa, 0x0, 0x7f, 0xf0, 0xf4, 0x3, 0xf9,
    0xc0, 0x3f, 0xf8, 0x88, 0x20, 0x1f, 0xb4, 0x3,
    0xff, 0x8a, 0xa0, 0x1f, 0x90, 0x3, 0xff, 0xfe,
    0x1, 0xff, 0xff, 0x0, 0xff, 0xff, 0x80, 0x7f,
    0xff, 0xc0, 0x3f, 0xff, 0xe0, 0x1f, 0xfe, 0x33,
    0x0, 0xf8, 0x80, 0x3f, 0x80,

    /* U+005A "Z" */
    0x9f, 0xff, 0xfe, 0x4f, 0x2, 0x80, 0x7f, 0xf2,
    0x44, 0x40, 0x1f, 0xff, 0xf0, 0xf, 0xfe, 0x4b,
    0x80, 0x7f, 0xf2, 0x86, 0x67, 0xff, 0x82, 0xc0,
    0x1f, 0x84, 0x9, 0x9b, 0xff, 0x80, 0x60, 0x1f,
    0x98, 0x3, 0xff, 0x82, 0x4a, 0x1, 0xfa, 0x40,
    0x3f, 0xf8, 0x30, 0x1, 0xf9, 0x84, 0x3, 0xff,
    0x80, 0x4a, 0x1, 0xfa, 0x0, 0x3f, 0xf8, 0x36,
    0x1, 0xf9, 0x84, 0x3, 0xff, 0x80, 0x2c, 0x1,
    0xfa, 0xc0, 0x3f, 0xf8, 0x30, 0x1, 0xf9, 0x48,
    0x3, 0xff, 0x80, 0x2c, 0x1, 0xfa, 0x0, 0x3f,
    0xf8, 0x32, 0x1, 0xf9, 0x48, 0x3, 0xff, 0x80,
    0x2e, 0x1, 0xfa, 0x40, 0x3f, 0xf8, 0x32, 0x1,
    0xf9, 0xc, 0x3, 0xff, 0x82, 0xc0, 0x1f, 0xa0,
    0x3, 0xff, 0x82, 0xe2, 0x1, 0xf2, 0x18, 0x7,
    0xff, 0x6, 0x40, 0x3f, 0x78, 0x7, 0xff, 0x5,
    0xc4, 0x3, 0xe3, 0x40, 0xf, 0xfe, 0xc, 0x80,
    0x7e, 0x80, 0xf, 0xfe, 0xb, 0x8, 0x7, 0xc6,
    0x80, 0x1f, 0xfc, 0x18, 0x0, 0xfd, 0x20, 0x1f,
    0xfc, 0x16, 0x10, 0xf, 0x89, 0x40, 0x3f, 0xf8,
    0x36, 0x1, 0xfa, 0x0, 0x3f, 0xf8, 0x2a, 0x40,
    0x1f, 0x12, 0x80, 0x7f, 0xf0, 0x60, 0x3, 0xf4,
    0x0, 0x7f, 0xf0, 0x54, 0x80, 0x3e, 0x25, 0x0,
    0xff, 0xe0, 0xc8, 0x7, 0xeb, 0x0, 0xff, 0xe0,
    0xa1, 0x80, 0x7c, 0x2c, 0x1, 0xff, 0xc1, 0x80,
    0xf, 0xd0, 0x1, 0xff, 0xc1, 0x43, 0x0, 0xf8,
    0x58, 0x3, 0xff, 0x83, 0xc0, 0x1f, 0x89, 0x9b,
    0xff, 0x80, 0x80, 0xc0, 0x1f, 0x8e, 0x67, 0xff,
    0x81, 0x60, 0x1f, 0xfc, 0xc1, 0x0, 0xff, 0xff,
    0x80, 0x7f, 0xf2, 0x54, 0x3, 0xff, 0x92, 0x22,

    /* U+005B "[" */
    0x2f, 0xff, 0xfe, 0xd, 0xb0, 0x7, 0xff, 0x5,
    0x40, 0x3f, 0xff, 0xc6, 0x1, 0xfc, 0x93, 0x3b,
    0x80, 0x3f, 0xb1, 0x9b, 0x18, 0x7, 0xff, 0xfc,
    0x3, 0xff, 0xfe, 0x1, 0xff, 0xff, 0x0, 0xff,
    0xff, 0x80, 0x7f, 0xff, 0xc0, 0x3f, 0xff, 0xe0,
    0x1f, 0xff, 0xf0, 0xf, 0xff, 0xf8, 0x7, 0xff,
    0x33, 0x19, 0xb1, 0x80, 0x7f, 0x24, 0xce, 0xe0,
    0xf, 0xfe, 0x11, 0x80, 0x7f, 0xfc, 0x18, 0x3,
    0xff, 0x82, 0xa0,

    /* U+005C "\\" */
    0x9f, 0xff, 0xb4, 0x3, 0xff, 0x85, 0xe0, 0x1f,
    0x12, 0x80, 0x7f, 0xf0, 0x5c, 0x3, 0xf7, 0x80,
    0x7f, 0xf0, 0x44, 0xc0, 0x3e, 0x50, 0xf, 0xfe,
    0x15, 0x80, 0x7e, 0x40, 0xf, 0xfe, 0xb, 0x0,
    0x7e, 0xe0, 0xf, 0xfe, 0x8, 0x98, 0x7, 0xca,
    0x1, 0xff, 0xc2, 0xb0, 0xf, 0xc8, 0x1, 0xff,
    0xc1, 0x50, 0xf, 0xda, 0x1, 0xff, 0xc1, 0x23,
    0x0, 0xf9, 0xc0, 0x3f, 0xf8, 0x56, 0x1, 0xf0,
    0xa0, 0x7, 0xff, 0x5, 0x40, 0x3f, 0x68, 0x7,
    0xff, 0x4, 0x88, 0x1, 0xf3, 0x80, 0x7f, 0xf0,
    0xa8, 0x3, 0xe1, 0x40, 0xf, 0xfe, 0xa, 0x80,
    0x7e, 0xd0, 0xf, 0xfe, 0x9, 0x10, 0x3, 0xe7,
    0x0, 0xff, 0xe1, 0x28, 0x7, 0xc2, 0x80, 0x1f,
    0xfc, 0x1a, 0x0, 0xfd, 0xa0, 0x1f, 0xfc, 0x12,
    0x20, 0x7, 0xce, 0x1, 0xff, 0xc2, 0x50, 0xf,
    0x84, 0xc0, 0x3f, 0xf8, 0x36, 0x1, 0xfa, 0x80,
    0x3f, 0xf8, 0x26, 0x40, 0x1f, 0x38, 0x7, 0xff,
    0x9, 0x40, 0x3e, 0x13, 0x0, 0xff, 0xe0, 0xd8,
    0x7, 0xeb, 0x0, 0xff, 0xe0, 0x98, 0x80, 0x7c,
    0xa0, 0x1f, 0xfc, 0x26, 0x0, 0xf8, 0x8c, 0x3,
    0xff, 0x83, 0x60, 0x1f, 0xac, 0x3, 0xff, 0x82,
    0x62, 0x1, 0xf2, 0x80, 0x7f, 0xf0, 0x9c, 0x3,
    0xe2, 0x30, 0xf, 0xfe, 0xd, 0x0, 0x7e, 0xb0,
    0xf, 0xfe, 0x9, 0x88, 0x7, 0xca, 0x1, 0xff,
    0xc2, 0x70, 0xf, 0x88, 0x80, 0x1f, 0xfc, 0x1d,
    0x0, 0xfd, 0x40, 0x1f, 0xfc, 0x14, 0x10, 0xf,
    0x94, 0x3, 0xff, 0x84, 0xe0, 0x1f, 0x11, 0x0,
    0x3f, 0xf8, 0x3a, 0x1, 0xf9, 0x40, 0x3f, 0xf8,
    0x28, 0x20, 0x1f, 0x50, 0x7, 0xff, 0x9, 0xc0,
    0x3e, 0x22, 0x0, 0x7f, 0xf0, 0x74, 0x3, 0xf2,
    0x80, 0x7f, 0xf0, 0x50, 0x40, 0x3e, 0xb0, 0xf,
    0xfe, 0x13, 0x80, 0x7c, 0x64, 0x1, 0xff, 0xc1,
    0xd0, 0xf, 0xca, 0x1, 0xff, 0xc1, 0x42, 0x0,
    0xfb, 0x80,

    /* U+005D "]" */
    0x6f, 0xff, 0xfe, 0xb, 0x70, 0x7, 0xff, 0x7,
    0xc0, 0x3f, 0xff, 0xf3, 0x3c, 0xe0, 0x1f, 0xc2,
    0xcd, 0xa8, 0x3, 0xff, 0xfe, 0x1, 0xff, 0xff,
    0x0, 0xff, 0xff, 0x80, 0x7f, 0xff, 0xc0, 0x3f,
    0xff, 0xe0, 0x1f, 0xff, 0xf0, 0xf, 0xff, 0xf8,
    0x7, 0xff, 0xfc, 0x3, 0xff, 0x98, 0x2c, 0xda,
    0x80, 0x3f, 0xa6, 0x79, 0xc0, 0x3f, 0xff, 0xe0,
    0x1f, 0xdc, 0x1, 0xff, 0xc1, 0xe0,

    /* U+005E "^" */
    0x0, 0xfc, 0x91, 0x1e, 0x40, 0xf, 0xfe, 0x25,
    0x3b, 0xfa, 0xc0, 0x3f, 0xf8, 0x68, 0x20, 0x1f,
    0x28, 0x7, 0xff, 0xb, 0x40, 0x3f, 0x78, 0x7,
    0xff, 0x9, 0xc0, 0x3f, 0x28, 0x7, 0xff, 0x4,
    0xc4, 0x3, 0xf9, 0x0, 0x3f, 0xf8, 0x14, 0x1,
    0xfe, 0xe0, 0xf, 0xfe, 0x3, 0x80, 0x7f, 0x94,
    0x3, 0xfe, 0x31, 0x0, 0xff, 0x90, 0x3, 0xfd,
    0x60, 0x1f, 0xfc, 0xe, 0x0, 0xff, 0x28, 0x7,
    0x9, 0x80, 0x72, 0x80, 0x7f, 0x11, 0x0, 0x39,
    0xec, 0x3, 0xc8, 0x1, 0xfa, 0x80, 0x3d, 0x8a,
    0x1, 0xee, 0x0, 0xfc, 0xa0, 0x1e, 0x42, 0x10,
    0xe, 0x40, 0xf, 0x88, 0x80, 0x1c, 0x62, 0xe,
    0x1, 0xc2, 0x80, 0x1e, 0x50, 0xf, 0x58, 0x3,
    0x0, 0x3d, 0xa0, 0x1e, 0xb0, 0xf, 0x20, 0x1,
    0x0, 0x3c, 0xe0, 0x1c, 0x26, 0x1, 0xc2, 0x60,
    0x1, 0x30, 0xe, 0x14, 0x0, 0xcc, 0x1, 0xe4,
    0x0, 0xd6, 0x1, 0xed, 0x0, 0xd6, 0x1, 0xef,
    0x0, 0xc8, 0x1, 0xe7, 0x0, 0x84, 0xc0, 0x3c,
    0x80, 0x18, 0xc4, 0x3, 0x85, 0x0, 0xe, 0x1,
    0xe3, 0x10, 0xe, 0x40, 0xf, 0x68, 0x3, 0x40,
    0x3c, 0x80, 0x1e, 0xf0, 0xf, 0x38, 0xa, 0x0,
    0x7a, 0xc0, 0x3c, 0x80, 0x1e, 0x14, 0x20, 0xf,
    0x11, 0x80, 0x78, 0x50, 0x3, 0xc4,

    /* U+005F "_" */
    0xe, 0xff, 0xff, 0xe5, 0x89, 0x8, 0x7, 0xff,
    0x2c, 0x80, 0x3f, 0xff, 0xe0, 0x1f, 0xfd, 0x12,
    0x10, 0xf, 0xfe, 0x59, 0x0,

    /* U+0060 "`" */
    0x36, 0x6f, 0x8, 0x6, 0x49, 0x9f, 0x68, 0x6,
    0x74, 0x0, 0xe3, 0x60, 0xd, 0x42, 0x1, 0xd2,
    0x20, 0x10, 0xe8, 0x7, 0xac, 0x3, 0x1c, 0x80,
    0x72, 0xa0, 0x6, 0x65, 0x0, 0xe9, 0x0, 0xea,
    0x30, 0xc, 0x48,

    /* U+0061 "a" */
    0x0, 0xfe, 0x14, 0x67, 0x73, 0x20, 0x80, 0x7f,
    0xf0, 0xdb, 0x7a, 0xe6, 0x21, 0x37, 0xd8, 0xc0,
    0x1f, 0xf2, 0x74, 0x90, 0x7, 0xe3, 0x9e, 0x40,
    0xf, 0xd1, 0x62, 0x1, 0xff, 0xc0, 0x1b, 0x80,
    0xf, 0x3b, 0x80, 0x3f, 0xf8, 0x8f, 0x0, 0x18,
    0xe0, 0x3, 0xff, 0x8c, 0xe6, 0x1, 0x78, 0x7,
    0xff, 0x23, 0xc0, 0x4, 0x60, 0x1f, 0xfc, 0x83,
    0x20, 0x50, 0xf, 0xea, 0xff, 0x38, 0x7, 0xf2,
    0x86, 0x80, 0x7e, 0x85, 0x0, 0x42, 0x0, 0x7e,
    0xe0, 0x60, 0xf, 0xca, 0x1, 0xbc, 0x3, 0xf1,
    0x7, 0x55, 0x7d, 0x64, 0x1, 0x94, 0x3, 0xfc,
    0x4a, 0xbf, 0x20, 0x7, 0x8, 0x7, 0xff, 0x70,
    0x9e, 0x73, 0xb9, 0xff, 0x80, 0x3f, 0xf8, 0x2b,
    0x9b, 0xc, 0x62, 0x20, 0xf, 0xfe, 0x25, 0xd1,
    0x80, 0x7f, 0xf2, 0x6d, 0x0, 0x3f, 0xf9, 0x4c,
    0x80, 0x1f, 0xfc, 0xbb, 0x0, 0xff, 0xe5, 0x91,
    0x0, 0x3f, 0x15, 0x77, 0xfc, 0x1, 0xfc, 0xe0,
    0x1f, 0x87, 0x14, 0x40, 0x3f, 0xf8, 0x4, 0x1,
    0xf9, 0x84, 0x3, 0xff, 0x85, 0xe0, 0x1f, 0xbc,
    0x3, 0xff, 0x99, 0xc0, 0x1c, 0xa0, 0x1f, 0xde,
    0x1, 0xf9, 0x88, 0x2, 0x3b, 0x0, 0xfe, 0x10,
    0xf, 0xed, 0xa8, 0xbc, 0x10, 0xf, 0xe5, 0x0,
    0xff, 0x2b, 0xa0, 0x7, 0xfc, 0x62, 0x1, 0xff,
    0xcc, 0x60, 0xf, 0xfe, 0x64, 0x10, 0x7, 0xff,
    0x0, 0x80, 0x3f, 0xec, 0x30, 0xf, 0xf1, 0xe0,
    0x7, 0xfc, 0x39, 0x24, 0x1, 0xe1, 0x8c, 0x12,
    0x0, 0xf8, 0x80, 0x33, 0x6e, 0xaa, 0x21, 0x37,
    0xce, 0x0, 0xdf, 0xff, 0xa4,

    /* U+0062 "b" */
    0x7f, 0xff, 0xb8, 0x3, 0xff, 0x87, 0xa0, 0x1f,
    0x8, 0x80, 0x3f, 0xff, 0xe0, 0x1f, 0xff, 0xf0,
    0xf, 0xff, 0xc0, 0xab, 0xb9, 0x4c, 0x3, 0xff,
    0x88, 0x35, 0xd5, 0x10, 0xac, 0xe6, 0x0, 0xff,
    0xe0, 0xa7, 0xa8, 0x7, 0x86, 0x6c, 0x3, 0xff,
    0x81, 0x42, 0x1, 0xfc, 0x94, 0x1, 0xff, 0xcb,
    0x54, 0x0, 0xff, 0xe5, 0xf8, 0x7, 0xff, 0x2d,
    0x4, 0x3, 0xff, 0x96, 0x80, 0x1f, 0xe8, 0xff,
    0x48, 0x7, 0xf6, 0x80, 0x7f, 0x33, 0x80, 0x19,
    0x80, 0x1f, 0x84, 0x3, 0xfa, 0x80, 0x35, 0x0,
    0x7e, 0x30, 0xf, 0xe2, 0x0, 0xc4, 0x1, 0xff,
    0xff, 0x0, 0xff, 0xff, 0x80, 0x7f, 0xff, 0xc0,
    0x3f, 0xfd, 0xa6, 0x1, 0x88, 0x3, 0xff, 0x8d,
    0x40, 0x1a, 0x80, 0x3f, 0x18, 0x7, 0xf3, 0xb0,
    0x1, 0x98, 0x1, 0xfb, 0x80, 0x3f, 0xd3, 0xfe,
    0x90, 0xf, 0xe3, 0x0, 0xff, 0xe5, 0xa8, 0x7,
    0xff, 0x29, 0x4, 0x3, 0xff, 0x95, 0xe0, 0x1f,
    0xfc, 0xa5, 0x40, 0xf, 0xf4, 0x88, 0x7, 0xf2,
    0x50, 0x3, 0x40, 0x3e, 0x16, 0xc4, 0x0, 0xf0,
    0xcd, 0x80, 0x4f, 0xff, 0xf7, 0x1, 0x5f, 0x54,
    0x42, 0x73, 0x98, 0x3, 0x0,

    /* U+0063 "c" */
    0x0, 0xfe, 0x35, 0x67, 0x72, 0xa0, 0x7, 0xff,
    0xc, 0xeb, 0xf2, 0xa6, 0x21, 0x57, 0xf8, 0xa0,
    0x1f, 0xe1, 0xac, 0x50, 0xf, 0xe3, 0xad, 0x30,
    0xf, 0x8b, 0xd4, 0x3, 0xff, 0x82, 0x58, 0xc0,
    0x1c, 0x3e, 0x20, 0x1f, 0xfc, 0x49, 0x50, 0xd,
    0x64, 0x1, 0xff, 0xc6, 0xb1, 0x0, 0x12, 0x80,
    0x7f, 0xf1, 0xc6, 0x40, 0x14, 0x1, 0xff, 0xc9,
    0x60, 0x2, 0x80, 0x7e, 0x2d, 0xfe, 0x50, 0xf,
    0xc2, 0x40, 0x40, 0x1f, 0xbc, 0x80, 0x68, 0x80,
    0x3f, 0x30, 0x7, 0xf1, 0x90, 0x6, 0xa0, 0xf,
    0xc2, 0x20, 0xf, 0xcc, 0x1, 0xc2, 0x1, 0xff,
    0xcc, 0x77, 0x33, 0x79, 0xd0, 0x3, 0xff, 0x86,
    0x31, 0x33, 0xe8, 0x10, 0xf, 0xff, 0xf8, 0x7,
    0xff, 0xfc, 0x3, 0xff, 0xb8, 0x57, 0x7f, 0x88,
    0x3, 0xff, 0x86, 0x89, 0xfc, 0xe2, 0x1, 0xf9,
    0x80, 0x3b, 0x80, 0x3f, 0xf8, 0xc6, 0x40, 0x19,
    0x40, 0x3f, 0x8, 0x10, 0x7, 0xef, 0x30, 0x1a,
    0x20, 0xf, 0xcc, 0xa, 0x1, 0xf8, 0xb3, 0xf9,
    0x40, 0x3f, 0x9, 0x5, 0x80, 0x7f, 0xf2, 0x5c,
    0x0, 0x68, 0x1, 0xff, 0xc8, 0x80, 0xa, 0x84,
    0x3, 0xff, 0x8d, 0x22, 0x1, 0xe, 0x88, 0x7,
    0xff, 0x12, 0x18, 0x3, 0x8f, 0xd0, 0x3, 0xff,
    0x82, 0x36, 0xe0, 0x1f, 0xd, 0xd9, 0x40, 0x3f,
    0x8e, 0x79, 0x0, 0x3f, 0xc9, 0x5f, 0x95, 0x31,
    0x9, 0xbf, 0xc6, 0x0, 0xf0,

    /* U+0064 "d" */
    0x0, 0xff, 0xe1, 0xaf, 0xff, 0xe2, 0x0, 0xff,
    0xe1, 0xe8, 0x7, 0xe1, 0x0, 0xff, 0xff, 0x80,
    0x7f, 0xff, 0xc0, 0x3f, 0xfd, 0xa8, 0xce, 0xc6,
    0x1, 0xff, 0xc5, 0x19, 0xfb, 0x98, 0x9c, 0xd5,
    0x0, 0xff, 0xe1, 0x1f, 0xb0, 0x7, 0x8a, 0xa4,
    0x3, 0xff, 0x80, 0x3a, 0x20, 0x1f, 0xcc, 0xe0,
    0x1f, 0xf5, 0x8, 0x7, 0xff, 0x28, 0x90, 0x3,
    0xff, 0x97, 0x40, 0x1f, 0xfc, 0xc3, 0x0, 0xff,
    0xe6, 0x28, 0x7, 0xe1, 0xad, 0xb2, 0x0, 0xff,
    0x84, 0x3, 0xf6, 0xa9, 0x26, 0x8, 0x7, 0xff,
    0x18, 0x8c, 0x2, 0x14, 0x0, 0xfe, 0x10, 0xf,
    0xce, 0x1, 0xc4, 0x1, 0xff, 0xff, 0x0, 0xff,
    0xff, 0x80, 0x7f, 0xff, 0xc0, 0x3f, 0xfd, 0xe2,
    0x1, 0xf9, 0x80, 0x38, 0x40, 0x3f, 0xf8, 0xc6,
    0x40, 0x19, 0xc0, 0x3f, 0xc2, 0x1, 0xfb, 0xcc,
    0x6, 0xc4, 0x3, 0xfc, 0xa0, 0x1f, 0x8b, 0x3f,
    0x90, 0x3, 0xfe, 0xc0, 0xf, 0xfe, 0x62, 0x80,
    0x7f, 0xf3, 0x9, 0x40, 0x3f, 0xf9, 0x96, 0x20,
    0x1f, 0xfc, 0xb1, 0xd1, 0x0, 0xfe, 0x46, 0x0,
    0xff, 0xe0, 0x1f, 0xa8, 0x7, 0x86, 0x2f, 0x0,
    0x3f, 0x8, 0x6, 0x1a, 0xfb, 0x98, 0x9b, 0xe7,
    0x5, 0xff, 0xfc, 0x40,

    /* U+0065 "e" */
    0x0, 0xfe, 0x35, 0x67, 0x72, 0x98, 0x7, 0xff,
    0xc, 0xeb, 0xf2, 0xa6, 0x21, 0x59, 0xf6, 0xa0,
    0x1f, 0xe1, 0xac, 0x50, 0xf, 0xe4, 0xad, 0x20,
    0xf, 0x8b, 0xd4, 0x3, 0xff, 0x82, 0x5a, 0x80,
    0x1c, 0x3e, 0x20, 0x1f, 0xfc, 0x4b, 0x30, 0xd,
    0x64, 0x1, 0xff, 0xc6, 0xe0, 0x8, 0x94, 0x3,
    0xff, 0x8e, 0x4c, 0x0, 0xa0, 0xf, 0xfe, 0x4d,
    0x0, 0x14, 0x3, 0xf0, 0xe7, 0xf2, 0x0, 0x7e,
    0x31, 0x2, 0x0, 0xfd, 0x46, 0x3, 0x40, 0x1f,
    0xc4, 0x1, 0xfc, 0x48, 0x1, 0xb, 0x0, 0x7e,
    0x71, 0x0, 0xfc, 0xc0, 0x1d, 0xc0, 0x1f, 0x84,
    0x3, 0xf8, 0x40, 0x38, 0x40, 0x3f, 0xff, 0xb,
    0xff, 0xd2, 0x1, 0xff, 0xff, 0x0, 0xff, 0xea,
    0xb0, 0x7, 0xf2, 0xff, 0xff, 0xf0, 0x8c, 0x3,
    0xff, 0xcc, 0x20, 0x1f, 0x98, 0x3, 0x9b, 0xff,
    0xf0, 0x80, 0x7f, 0x19, 0x0, 0x6b, 0x0, 0xfc,
    0x20, 0x40, 0x1f, 0xbc, 0xc0, 0x68, 0x80, 0x3e,
    0x10, 0x2, 0x0, 0x7e, 0x2c, 0xfe, 0x50, 0xf,
    0xc8, 0x0, 0xa0, 0xf, 0xfe, 0x4f, 0x0, 0xd,
    0x0, 0x3f, 0xf8, 0xe6, 0x80, 0x14, 0x88, 0x7,
    0xff, 0x1b, 0xc0, 0x31, 0x68, 0x7, 0xff, 0x16,
    0x8c, 0x3, 0x8f, 0x4c, 0x3, 0xff, 0x82, 0x36,
    0xa0, 0x1f, 0x16, 0x5a, 0x0, 0x7f, 0x14, 0xf2,
    0x0, 0x7f, 0x92, 0xff, 0x2a, 0x62, 0x13, 0x7d,
    0xac, 0x1, 0xe0,

    /* U+0066 "f" */
    0x0, 0xfc, 0x6f, 0x59, 0xdf, 0xea, 0x0, 0xf9,
    0x77, 0x21, 0x4c, 0x40, 0xc, 0x1, 0xea, 0xa1,
    0x0, 0x7f, 0xf0, 0x61, 0x40, 0x3f, 0xf8, 0x44,
    0xe0, 0x1f, 0xe7, 0x0, 0xca, 0x1, 0xff, 0x10,
    0x6, 0xc0, 0xf, 0xc5, 0x7d, 0x20, 0x19, 0x80,
    0x3f, 0x72, 0x8, 0x7, 0x18, 0x7, 0xc4, 0x60,
    0x1f, 0x8, 0x7, 0xcc, 0x1, 0xff, 0xca, 0xbf,
    0xf0, 0x7, 0xe4, 0xff, 0xb8, 0x54, 0x3, 0xff,
    0x84, 0x26, 0x1, 0xff, 0xe7, 0x50, 0xf, 0xfe,
    0x10, 0x9d, 0xff, 0x80, 0x3f, 0x27, 0xfd, 0xc2,
    0x1, 0xff, 0xff, 0x0, 0xff, 0xff, 0x80, 0x7f,
    0xff, 0xc0, 0x3f, 0xff, 0xe0, 0x1f, 0xff, 0xf0,
    0xf, 0xfe, 0xc1, 0x80, 0x7c, 0x60, 0x1c,

    /* U+0067 "g" */
    0x0, 0xf0, 0xab, 0x3b, 0x18, 0x7, 0xff, 0x14,
    0xaf, 0xaa, 0x62, 0x73, 0x50, 0x13, 0xff, 0xf1,
    0x0, 0x49, 0xa8, 0x1, 0xe2, 0xb7, 0x30, 0xf,
    0xcc, 0x0, 0x2b, 0x0, 0xff, 0x45, 0x0, 0x7f,
    0xdc, 0x1, 0xff, 0xc0, 0x20, 0xf, 0xf1, 0x18,
    0x7, 0xff, 0x2e, 0x80, 0x3f, 0xf9, 0x88, 0x1,
    0xff, 0xcc, 0x20, 0xf, 0xc5, 0x9f, 0xa8, 0x1,
    0xff, 0x8, 0x7, 0xef, 0x30, 0x2b, 0x10, 0xf,
    0xfe, 0x31, 0x90, 0x6, 0x70, 0xf, 0xe1, 0x0,
    0xfc, 0xc0, 0x1d, 0xc0, 0x1f, 0xff, 0xf0, 0xf,
    0xff, 0xf8, 0x7, 0xff, 0xfc, 0x3, 0xff, 0xbe,
    0x20, 0x1d, 0xe0, 0x1f, 0xc2, 0x1, 0xf9, 0x40,
    0x39, 0x0, 0x3f, 0xf8, 0xc3, 0x20, 0x13, 0x18,
    0x7, 0xf8, 0x80, 0x3f, 0x36, 0x4d, 0xc8, 0x7,
    0xfc, 0xe0, 0x1f, 0xc6, 0xc8, 0x1, 0xff, 0xc0,
    0xf0, 0xf, 0xfe, 0x62, 0x80, 0x7f, 0xf3, 0x64,
    0x3, 0xff, 0x98, 0xc8, 0x1, 0xfe, 0x15, 0x0,
    0xff, 0xe0, 0x5b, 0x0, 0x7e, 0x2c, 0xd0, 0xf,
    0xfe, 0xc, 0xe3, 0x90, 0x80, 0xa4, 0xe9, 0x70,
    0x7, 0xe7, 0x0, 0xe3, 0x8d, 0xef, 0xeb, 0x60,
    0x2, 0x80, 0x7e, 0x10, 0xf, 0xfe, 0x10, 0x98,
    0x7, 0xe2, 0x0, 0xff, 0xe1, 0x40, 0x7, 0xe2,
    0x0, 0xff, 0xe1, 0x43, 0x0, 0x7e, 0x70, 0xf,
    0xf1, 0x24, 0x73, 0x80, 0x7f, 0x78, 0x7, 0xdd,
    0xfe, 0xdb, 0x71, 0x0, 0xfe, 0x15, 0x0, 0xf8,
    0x40, 0x3f, 0xf8, 0x6c, 0x1, 0xff, 0xcb, 0x28,
    0x0, 0xff, 0xe5, 0xf0, 0x7, 0xff, 0x28, 0x6c,
    0xc0, 0x3f, 0xf9, 0x2b, 0xe8, 0x1, 0xff, 0xc7,
    0x38, 0xda, 0x10, 0xf, 0xfa, 0xe6, 0x75, 0x5e,
    0xfe, 0x39, 0x0, 0x7c,

    /* U+0068 "h" */
    0x7f, 0xff, 0xb8, 0x3, 0xff, 0x87, 0xa0, 0x1f,
    0x8, 0x80, 0x3f, 0xff, 0xe0, 0x1f, 0xff, 0xf0,
    0xf, 0xff, 0xc0, 0xab, 0xb9, 0x8c, 0x3, 0xff,
    0x88, 0x33, 0xd5, 0x10, 0x9c, 0xe6, 0x0, 0xff,
    0xe0, 0x96, 0x30, 0x7, 0x86, 0x6c, 0x3, 0xff,
    0x81, 0x84, 0x1, 0xfc, 0x92, 0x1, 0xff, 0xcb,
    0x63, 0x0, 0xff, 0xe5, 0xc8, 0x7, 0xff, 0x2d,
    0x40, 0x3f, 0xf9, 0x86, 0x1, 0xfe, 0x9f, 0xf4,
    0x80, 0x7f, 0x28, 0x7, 0xf3, 0x30, 0x0, 0xcc,
    0x0, 0xfd, 0xc0, 0x1f, 0xda, 0x1, 0xb4, 0x3,
    0xf0, 0x80, 0x7f, 0x30, 0x6, 0x60, 0xf, 0xfe,
    0x31, 0x80, 0x7f, 0xff, 0xc0, 0x3f, 0xff, 0xe0,
    0x1f, 0xff, 0xf0, 0xf, 0xff, 0xf8, 0x7, 0xff,
    0xfc, 0x3, 0xff, 0xfe, 0x1, 0xff, 0xc8, 0xd0,
    0xf, 0x84, 0x40, 0x18, 0x84, 0x3, 0xee,

    /* U+0069 "i" */
    0x0, 0x9f, 0x7f, 0xac, 0xc0, 0x36, 0x41, 0x0,
    0xa6, 0x28, 0x2, 0xc, 0x3, 0xd4, 0x20, 0xc0,
    0x1f, 0x9c, 0x44, 0x1, 0xfb, 0x80, 0x3f, 0xe1,
    0x10, 0x7, 0xee, 0x6, 0x0, 0xf8, 0x58, 0x20,
    0xc0, 0x3d, 0x40, 0x16, 0x41, 0x0, 0xae, 0x20,
    0x6, 0x7d, 0xfe, 0xa3, 0x0, 0xff, 0xe6, 0xa7,
    0xff, 0xe1, 0xc, 0x0, 0xfc, 0x40, 0x1f, 0xff,
    0xf0, 0xf, 0xff, 0xf8, 0x7, 0xff, 0xfc, 0x3,
    0xff, 0xfe, 0x1, 0xff, 0xc8, 0xe0, 0xf, 0xc4,

    /* U+006A "j" */
    0x0, 0xfd, 0x1b, 0xfd, 0x46, 0x1, 0xf8, 0x75,
    0xc8, 0x5, 0x71, 0x0, 0x3e, 0x82, 0x0, 0xf5,
    0x8, 0x7, 0x98, 0x3, 0xe1, 0x70, 0xe, 0x20,
    0xf, 0xee, 0x0, 0xff, 0xe4, 0x90, 0x7, 0xf6,
    0x80, 0x79, 0x80, 0x3e, 0x15, 0x0, 0xf4, 0x98,
    0x7, 0xa8, 0x3, 0xf6, 0x41, 0x0, 0xae, 0xa0,
    0x7, 0xf3, 0xef, 0xf5, 0x10, 0x7, 0xff, 0x71,
    0xbf, 0xfe, 0xe0, 0xf, 0xb0, 0x3, 0xe1, 0x10,
    0x7, 0xff, 0xfc, 0x3, 0xff, 0xfe, 0x1, 0xff,
    0xff, 0x0, 0xff, 0xff, 0x80, 0x7f, 0xff, 0xc0,
    0x3f, 0xff, 0xe0, 0x1f, 0xfd, 0x81, 0x0, 0xff,
    0xe1, 0xa8, 0x7, 0xe1, 0x0, 0xe4, 0x10, 0xf,
    0xfe, 0x9, 0x50, 0x7, 0xe1, 0x1, 0x68, 0xbd,
    0x10, 0xf, 0xca, 0xd, 0x2e, 0x80, 0x1f, 0xe3,
    0x0, 0xff, 0xe1, 0xe0, 0x7, 0xff, 0x8, 0x90,
    0x3, 0xff, 0x85, 0xc0, 0x1f, 0xfc, 0x11, 0xc3,
    0x0, 0xff, 0x85, 0xfc, 0xc0, 0x22, 0x0, 0x8,
    0x8d, 0x62, 0xfa, 0x4, 0x3, 0x0,

    /* U+006B "k" */
    0x7f, 0xff, 0xb8, 0x3, 0xff, 0x89, 0xa0, 0x1f,
    0x8, 0x80, 0x3f, 0xff, 0xe0, 0x1f, 0xff, 0xf0,
    0xf, 0xff, 0xf8, 0x7, 0xff, 0x44, 0xbb, 0xff,
    0xec, 0x0, 0xff, 0xe1, 0xc8, 0x80, 0x7d, 0x20,
    0x1f, 0xfc, 0x23, 0x40, 0xf, 0x91, 0x40, 0x3f,
    0xf8, 0x5e, 0x1, 0xfa, 0x40, 0x3f, 0xf8, 0x4a,
    0x60, 0x1f, 0x41, 0x0, 0x7f, 0xf0, 0xac, 0x3,
    0xe2, 0x70, 0xf, 0xfe, 0x13, 0x88, 0x7, 0xdc,
    0x1, 0xff, 0xc2, 0x18, 0x0, 0xf9, 0x8c, 0x3,
    0xff, 0x85, 0x0, 0x1f, 0xc, 0x0, 0x7f, 0xf0,
    0x89, 0x80, 0x3e, 0xb1, 0x0, 0xff, 0xe1, 0x68,
    0x7, 0xc8, 0xa0, 0x1f, 0xfc, 0x31, 0x0, 0xfa,
    0x40, 0x3f, 0xfc, 0xb4, 0x1, 0xff, 0xcc, 0x60,
    0xf, 0xfe, 0x60, 0xa8, 0x7, 0xff, 0x33, 0x80,
    0x3f, 0xf9, 0x88, 0x40, 0x1f, 0xfc, 0xca, 0x0,
    0xff, 0xe2, 0x48, 0x7, 0xcc, 0x1, 0xff, 0xc3,
    0x96, 0x10, 0xf, 0xa, 0x0, 0x7f, 0xf0, 0x4d,
    0x81, 0xc0, 0x3e, 0xf0, 0xf, 0xfe, 0xf, 0x80,
    0x34, 0x3, 0xe4, 0x10, 0xf, 0xfe, 0x1, 0x0,
    0x10, 0x3, 0xf4, 0x80, 0x7f, 0xf1, 0x14, 0x3,
    0xe6, 0x0, 0xff, 0xe2, 0x70, 0x7, 0xc2, 0x80,
    0x1f, 0xfc, 0x34, 0x0, 0xfd, 0xe0, 0x1f, 0xfc,
    0x45, 0x0, 0xf9, 0x4, 0x3, 0xff, 0x87, 0xe0,
    0x1f, 0x98, 0x3, 0xff, 0x86, 0xa0, 0x1f, 0xa8,
    0x3, 0xff, 0x88, 0xa0, 0x1f, 0x12, 0x68, 0x7,
    0xc2, 0x20, 0xe, 0xe0, 0xf, 0xc6,

    /* U+006C "l" */
    0xbf, 0xff, 0xa9, 0x40, 0x3e, 0x70, 0xf, 0xff,
    0xf8, 0x7, 0xff, 0xfc, 0x3, 0xff, 0xfe, 0x1,
    0xff, 0xff, 0x0, 0xff, 0xf8, 0x28, 0x7, 0xce,

    /* U+006D "m" */
    0x0, 0xff, 0xe0, 0xa, 0xbb, 0x94, 0x80, 0x3f,
    0x91, 0x9d, 0x8c, 0x3, 0xd1, 0xff, 0xf6, 0x81,
    0x5f, 0x54, 0x42, 0xb7, 0x10, 0x3, 0xd, 0x7d,
    0xcc, 0x4e, 0x73, 0x80, 0x63, 0x0, 0xf8, 0x9b,
    0x50, 0x3, 0xc7, 0x6e, 0x0, 0x3f, 0x50, 0xf,
    0xc, 0x60, 0x7, 0xff, 0x2, 0x40, 0x3f, 0xd0,
    0x85, 0x82, 0x1, 0xfc, 0x74, 0x1, 0xff, 0xcb,
    0xaf, 0x0, 0xff, 0xe0, 0x2a, 0x0, 0x7f, 0xf2,
    0x84, 0x80, 0x3f, 0xf8, 0x3e, 0x1, 0xff, 0xd9,
    0x41, 0x0, 0xff, 0xec, 0xa0, 0x7, 0xfa, 0x3b,
    0x54, 0x3, 0xfc, 0x9b, 0xd2, 0x1, 0xfd, 0xa0,
    0x1f, 0xcc, 0xe2, 0x54, 0x40, 0x1f, 0x86, 0xc8,
    0x59, 0xc0, 0x3f, 0x10, 0x7, 0xf5, 0x0, 0x65,
    0x0, 0xfc, 0xc0, 0x1a, 0x80, 0x3f, 0xf8, 0xc4,
    0x1, 0xb8, 0x3, 0xf7, 0x0, 0x62, 0x0, 0xfc,
    0x20, 0x1f, 0xc2, 0x1, 0x8c, 0x3, 0xf1, 0x80,
    0x7f, 0xff, 0xc0, 0x3f, 0xff, 0xe0, 0x1f, 0xff,
    0xf0, 0xf, 0xff, 0xf8, 0x7, 0xff, 0xfc, 0x3,
    0xff, 0xfe, 0x1, 0xff, 0xff, 0x0, 0xff, 0xff,
    0x80, 0x7f, 0xff, 0xc0, 0x3f, 0xfe, 0x26, 0x1,
    0xf1, 0x0, 0x73, 0x0, 0x7e, 0x60, 0xe, 0x20,
    0xf, 0x88,

    /* U+006E "n" */
    0x0, 0xff, 0xe0, 0xab, 0x3b, 0x18, 0x7, 0x9f,
    0xff, 0xee, 0x1, 0x9f, 0xa9, 0x89, 0xce, 0x60,
    0xd, 0xa0, 0x1f, 0x9, 0xe3, 0x0, 0x78, 0x66,
    0xc0, 0x3f, 0xf8, 0x18, 0x40, 0x1f, 0xc9, 0x20,
    0x1f, 0xfc, 0xb6, 0x30, 0xf, 0xfe, 0x5c, 0x80,
    0x7f, 0xf2, 0xd4, 0x3, 0xff, 0x98, 0x60, 0x1f,
    0xe9, 0xff, 0x48, 0x7, 0xf2, 0x80, 0x7f, 0x33,
    0x0, 0xc, 0xc0, 0xf, 0xdc, 0x1, 0xfd, 0xa0,
    0x1b, 0x40, 0x3f, 0x8, 0x7, 0xf3, 0x0, 0x66,
    0x0, 0xff, 0xe3, 0x18, 0x7, 0xff, 0xfc, 0x3,
    0xff, 0xfe, 0x1, 0xff, 0xff, 0x0, 0xff, 0xff,
    0x80, 0x7f, 0xff, 0xc0, 0x3f, 0xff, 0xe0, 0x1f,
    0xfc, 0x8d, 0x0, 0xf8, 0x44, 0x1, 0x88, 0x40,
    0x3e, 0xe0,

    /* U+006F "o" */
    0x0, 0xfe, 0x25, 0x67, 0x73, 0x20, 0x7, 0xff,
    0xc, 0xeb, 0xb6, 0xa6, 0x21, 0x37, 0xf8, 0xc0,
    0x1f, 0xf5, 0x62, 0x88, 0x7, 0xe3, 0x9e, 0x40,
    0xf, 0x8b, 0x54, 0x3, 0xff, 0x82, 0x36, 0xe0,
    0x1c, 0x3e, 0x40, 0x1f, 0xfc, 0x48, 0x60, 0xd,
    0x64, 0x1, 0xff, 0xc6, 0x91, 0x0, 0x12, 0x80,
    0x7f, 0xf2, 0x2c, 0x1, 0x40, 0x1f, 0xfc, 0x95,
    0x0, 0x28, 0x7, 0xe2, 0xcf, 0xf3, 0x0, 0x7f,
    0x20, 0x10, 0x7, 0xee, 0x30, 0x4, 0x98, 0x7,
    0xe2, 0x0, 0xfe, 0x33, 0x0, 0x69, 0x0, 0xfd,
    0xc2, 0x1, 0xf9, 0x80, 0x39, 0x80, 0x3f, 0xff,
    0xe0, 0x1f, 0xff, 0xf0, 0xf, 0xff, 0xf8, 0x7,
    0xff, 0xbc, 0x40, 0x3f, 0x30, 0x7, 0x30, 0x7,
    0xff, 0x18, 0xcc, 0x1, 0xa4, 0x3, 0xf7, 0x1,
    0x0, 0x7e, 0xe3, 0x0, 0x49, 0x80, 0x7e, 0x20,
    0x50, 0xf, 0xc5, 0x9f, 0xe6, 0x0, 0xfe, 0x40,
    0xb0, 0xf, 0xfe, 0x4a, 0x80, 0xd, 0x0, 0x3f,
    0xf9, 0x10, 0x1, 0x50, 0x80, 0x7f, 0xf1, 0xa0,
    0x80, 0x21, 0xd1, 0x0, 0xff, 0xe2, 0x33, 0x80,
    0x71, 0xfa, 0x0, 0x7f, 0xf0, 0x46, 0xa4, 0x3,
    0xe1, 0xbc, 0x50, 0xf, 0xe2, 0x8e, 0x50, 0xf,
    0xf1, 0xd7, 0xe5, 0x4c, 0x42, 0x6f, 0xb5, 0xc0,
    0x3c,

    /* U+0070 "p" */
    0x0, 0xff, 0xe0, 0xa3, 0x3b, 0x18, 0x7, 0x93,
    0xff, 0xf1, 0x4, 0xfd, 0xcc, 0x4e, 0x74, 0x0,
    0x63, 0x0, 0xfc, 0xba, 0xc0, 0x1e, 0x17, 0xd1,
    0x0, 0xff, 0xa0, 0x80, 0x3f, 0x8b, 0x0, 0x3f,
    0xf9, 0x64, 0xe0, 0x1f, 0xfc, 0xb9, 0x0, 0xff,
    0xe5, 0x8a, 0x80, 0x7f, 0xf2, 0xf4, 0x3, 0xfc,
    0xdd, 0xf6, 0x20, 0x1f, 0x8c, 0x3, 0xf8, 0xe4,
    0x41, 0x2c, 0x3, 0xf3, 0x0, 0x7f, 0x50, 0x6,
    0x50, 0xf, 0xc6, 0x1, 0xfc, 0x40, 0x1c, 0x40,
    0x1f, 0xff, 0xf0, 0xf, 0xff, 0xf8, 0x7, 0xff,
    0xfc, 0x3, 0xff, 0xd8, 0x60, 0x1c, 0x40, 0x1f,
    0xfc, 0x5a, 0x0, 0xcc, 0x1, 0xf8, 0xc0, 0x3f,
    0x8a, 0xcc, 0x5a, 0x40, 0x3f, 0x8, 0x7, 0xf9,
    0x33, 0xa4, 0x3, 0xf9, 0x40, 0x3f, 0xf9, 0x78,
    0x1, 0xff, 0xca, 0x15, 0x0, 0xff, 0xe5, 0x30,
    0x7, 0xff, 0x28, 0xa0, 0x3, 0xfd, 0x26, 0x1,
    0xfc, 0x58, 0x1, 0xff, 0x16, 0x38, 0x7, 0xcf,
    0xa2, 0x1, 0xff, 0xc1, 0x8f, 0xb9, 0x89, 0xcf,
    0x80, 0xf, 0xfe, 0x2a, 0x33, 0xb1, 0x80, 0x7f,
    0xff, 0xc0, 0x3f, 0xff, 0xe0, 0x1f, 0xfe, 0x42,
    0x0, 0xfc, 0xc0, 0x1f, 0xfc, 0x20,

    /* U+0071 "q" */
    0x0, 0xf9, 0x19, 0xd9, 0x0, 0x3f, 0xf8, 0xa3,
    0x3f, 0x73, 0x13, 0x7c, 0xe0, 0xbf, 0xff, 0x88,
    0x2, 0x3f, 0x60, 0xf, 0xc, 0x5e, 0x0, 0x7e,
    0x10, 0x0, 0xe8, 0x80, 0x7f, 0x23, 0x0, 0x7f,
    0xd6, 0x20, 0x1f, 0xfc, 0xa2, 0x50, 0xf, 0xfe,
    0x5a, 0x80, 0x7f, 0xf3, 0x30, 0x3, 0xff, 0x98,
    0xa0, 0x1f, 0x8b, 0x3f, 0x50, 0x3, 0xfe, 0x10,
    0xf, 0xde, 0x60, 0x56, 0x20, 0x1f, 0xfc, 0x63,
    0x20, 0xc, 0xe0, 0x1f, 0xc2, 0x1, 0xf9, 0x80,
    0x38, 0x40, 0x3f, 0xff, 0xe0, 0x1f, 0xff, 0xf0,
    0xf, 0xff, 0xf8, 0x7, 0xff, 0xbc, 0x40, 0x3f,
    0x38, 0x7, 0x8, 0x7, 0xff, 0x18, 0x8c, 0x2,
    0x17, 0x0, 0xff, 0x8, 0x7, 0xed, 0x51, 0x4c,
    0x10, 0xf, 0xf2, 0x80, 0x7e, 0x1a, 0xeb, 0x20,
    0xf, 0xf8, 0xc0, 0x3f, 0xf9, 0x94, 0x1, 0xff,
    0xcc, 0x24, 0x0, 0xff, 0xe6, 0x50, 0x7, 0xff,
    0x30, 0x70, 0x40, 0x3f, 0x95, 0xc0, 0x3f, 0xf8,
    0x7, 0xea, 0x1, 0xe1, 0x9a, 0x0, 0xff, 0xe1,
    0xd, 0x7d, 0xcc, 0x4e, 0x73, 0x0, 0x7f, 0xf1,
    0x91, 0x9d, 0x8c, 0x3, 0xff, 0xfe, 0x1, 0xff,
    0xff, 0x0, 0xff, 0xff, 0x80, 0x5a, 0x1, 0xf8,
    0x40,

    /* U+0072 "r" */
    0x0, 0xff, 0xe0, 0xa, 0xbb, 0x10, 0x3f, 0xff,
    0xdc, 0x0, 0x7e, 0xa8, 0x9d, 0x7d, 0x0, 0xf8,
    0x45, 0x10, 0x0, 0xef, 0x0, 0xfe, 0x57, 0x0,
    0xf6, 0x80, 0x7f, 0x50, 0x7, 0xcc, 0x1, 0xfc,
    0x20, 0x1f, 0x18, 0x7, 0xff, 0x10, 0x80, 0x3f,
    0xf8, 0xac, 0x1, 0xff, 0xc5, 0x30, 0xf, 0xfe,
    0xa, 0x3b, 0x92, 0xc0, 0x3f, 0xe4, 0xeb, 0x88,
    0x59, 0x80, 0x7f, 0x86, 0x84, 0x3, 0xff, 0x86,
    0xc2, 0x1, 0xff, 0xc4, 0xc0, 0xf, 0xfe, 0x2b,
    0x0, 0x7f, 0xf1, 0x4c, 0x3, 0xff, 0xfe, 0x1,
    0xff, 0xff, 0x0, 0xff, 0xff, 0x80, 0x7f, 0xfe,
    0xf4, 0x3, 0xe1, 0x10, 0x7, 0xe0,

    /* U+0073 "s" */
    0x0, 0xfc, 0x4a, 0xce, 0xe5, 0x30, 0xf, 0xfe,
    0x10, 0xbf, 0x6d, 0x4c, 0x42, 0xb3, 0xed, 0x0,
    0x3f, 0xcb, 0xd0, 0x20, 0x1f, 0x92, 0xec, 0x20,
    0x1f, 0x45, 0x0, 0x7f, 0xf0, 0x53, 0xc8, 0x3,
    0x99, 0xc0, 0x3f, 0xf8, 0x63, 0xe0, 0x18, 0x60,
    0x3, 0xff, 0x8a, 0x50, 0x1, 0x30, 0x80, 0x7f,
    0xf1, 0x9c, 0x40, 0x16, 0x1, 0xf8, 0x59, 0x82,
    0x1, 0xf9, 0x0, 0x6, 0x1, 0xf1, 0xf4, 0xcb,
    0xc8, 0x3, 0xef, 0x1, 0x0, 0xfd, 0x20, 0x10,
    0xd8, 0x7, 0xcc, 0x6, 0x1, 0xf9, 0x80, 0x31,
    0x0, 0x7c, 0x20, 0x1f, 0xe4, 0x0, 0xc8, 0xca,
    0xbe, 0xb0, 0x20, 0xf, 0xd0, 0xa0, 0x1a, 0x6a,
    0xbc, 0xc0, 0x2, 0x0, 0xfd, 0x58, 0x80, 0x1f,
    0xfc, 0x5, 0x0, 0xfe, 0x3b, 0xd7, 0x10, 0xf,
    0xe9, 0x0, 0xff, 0x8a, 0x3a, 0x88, 0x3, 0xe1,
    0xa0, 0xf, 0xfe, 0xa, 0xed, 0x8, 0x7, 0x96,
    0x40, 0x3f, 0xf8, 0x4b, 0xca, 0x1, 0xe6, 0xc1,
    0x0, 0xff, 0xe1, 0x52, 0x80, 0x78, 0xf9, 0xc0,
    0x3f, 0xf8, 0x54, 0x40, 0x1f, 0x47, 0x41, 0x0,
    0x7f, 0xf0, 0x24, 0x3, 0xf0, 0xbe, 0xe3, 0x0,
    0x7f, 0x90, 0x40, 0x3f, 0xc7, 0x3a, 0x80, 0x1f,
    0xc8, 0x51, 0x1f, 0x20, 0x4, 0x56, 0x80, 0x1f,
    0x89, 0x5d, 0xfe, 0x90, 0xe, 0xe0, 0xf, 0xe1,
    0x0, 0xf8, 0x80, 0x38, 0xc0, 0x3f, 0x11, 0x0,
    0x3f, 0x50, 0x6, 0xb0, 0xf, 0xcc, 0x80, 0x1f,
    0x97, 0x66, 0x5c, 0x40, 0x1f, 0x11, 0x83, 0x0,
    0x7e, 0x26, 0x60, 0x80, 0x7e, 0xb0, 0x4, 0x88,
    0x7, 0xff, 0x18, 0xd8, 0x2, 0xc1, 0x0, 0xff,
    0xe2, 0x1e, 0x0, 0x62, 0xf5, 0x0, 0xff, 0xe1,
    0x3e, 0x0, 0x78, 0x6b, 0x18, 0x40, 0x3f, 0xb,
    0xec, 0x0, 0x7f, 0x1c, 0xf6, 0xd4, 0xc4, 0x26,
    0xb7, 0xa0, 0x80, 0x38,

    /* U+0074 "t" */
    0x0, 0xcd, 0x11, 0xe7, 0x0, 0xfc, 0x32, 0xef,
    0xe8, 0x50, 0xf, 0xff, 0xf8, 0x7, 0xff, 0x4c,
    0x7f, 0xdc, 0x1, 0xfa, 0xbf, 0xeb, 0x20, 0xf,
    0xfe, 0x1b, 0x0, 0x7f, 0xf9, 0xc8, 0x3, 0xff,
    0x86, 0xc3, 0xfe, 0xe0, 0xf, 0xd5, 0xff, 0x58,
    0x7, 0xff, 0xfc, 0x3, 0xff, 0xfe, 0x1, 0xff,
    0xff, 0x0, 0xff, 0xef, 0x10, 0x7, 0xff, 0x12,
    0xc0, 0x3f, 0xf8, 0x87, 0x90, 0xa0, 0x18, 0x40,
    0x3f, 0x8d, 0xe8, 0xc0, 0x3f, 0xf8, 0x8e, 0x1,
    0x90, 0x3, 0xff, 0x89, 0xc0, 0x1f, 0xfc, 0x45,
    0x30, 0xf, 0xfe, 0x26, 0x30, 0x7, 0xff, 0x12,
    0x76, 0x10, 0x84, 0x3, 0x30,

    /* U+0075 "u" */
    0xbf, 0xff, 0xa8, 0x3, 0x8f, 0xff, 0xf1, 0xa8,
    0x7, 0xce, 0x1, 0xca, 0x1, 0xf9, 0x80, 0x3f,
    0xff, 0xe0, 0x1f, 0xff, 0xf0, 0xf, 0xff, 0xf8,
    0x7, 0xff, 0xfc, 0x3, 0xff, 0xfe, 0x1, 0xff,
    0xff, 0x0, 0xff, 0xed, 0x10, 0x7, 0x78, 0x7,
    0xf1, 0x80, 0x7e, 0x40, 0xc, 0xe0, 0x1f, 0xc2,
    0x1, 0xfa, 0x4c, 0x6, 0x84, 0x3, 0xf9, 0xc0,
    0x3f, 0x16, 0x7f, 0x28, 0x7, 0xfb, 0x0, 0x3f,
    0xf9, 0x68, 0x1, 0xff, 0xcb, 0x33, 0x0, 0x7f,
    0xf2, 0xf8, 0x40, 0x3f, 0xf9, 0x45, 0xa2, 0x1,
    0xfc, 0x50, 0x1, 0xff, 0x1f, 0xb0, 0x7, 0xcb,
    0x86, 0x1, 0xf9, 0x80, 0x21, 0x9f, 0xb9, 0x88,
    0x57, 0x50, 0xa7, 0xff, 0xe3,

    /* U+0076 "v" */
    0xd, 0xff, 0xfc, 0xa0, 0x1c, 0xdf, 0xff, 0xb8,
    0x0, 0x60, 0x1f, 0xb0, 0x3, 0xb0, 0x3, 0xf1,
    0x80, 0x14, 0x3, 0xf2, 0x80, 0x73, 0x0, 0x7e,
    0x40, 0x6, 0x0, 0x7e, 0x30, 0xe, 0x30, 0xf,
    0xd8, 0x0, 0x40, 0xf, 0xe1, 0x0, 0x88, 0x3,
    0xf9, 0x0, 0x6, 0x1, 0xfc, 0xa0, 0x13, 0x0,
    0x7e, 0x21, 0x0, 0x90, 0x3, 0xf1, 0x80, 0x46,
    0x1, 0xf9, 0x0, 0x36, 0x0, 0x7e, 0xe0, 0xb,
    0x80, 0x3f, 0x60, 0x6, 0x40, 0xf, 0xca, 0x1,
    0x28, 0x7, 0xe4, 0x0, 0xc6, 0x1, 0xf8, 0x80,
    0x22, 0x0, 0xf8, 0x84, 0x3, 0x90, 0x3, 0xe1,
    0x10, 0x8, 0x80, 0x3e, 0x40, 0xf, 0x60, 0x7,
    0xe5, 0x5, 0x0, 0xfd, 0xe0, 0x1e, 0x40, 0xf,
    0xc4, 0x4, 0x1, 0xf9, 0x0, 0x3c, 0x60, 0x1f,
    0xbc, 0x3c, 0x3, 0xe1, 0x20, 0xf, 0x90, 0x3,
    0xe5, 0x2, 0x0, 0xf9, 0x0, 0x3f, 0x60, 0x7,
    0xc4, 0xa, 0x1, 0xf6, 0x0, 0x7e, 0x40, 0xf,
    0x84, 0x84, 0x3, 0xe4, 0x0, 0xfc, 0x60, 0x1f,
    0x94, 0x3, 0xe1, 0x20, 0xf, 0xe4, 0x0, 0xfa,
    0x0, 0x3e, 0x40, 0xf, 0xf6, 0x0, 0x7f, 0xf0,
    0xf0, 0x3, 0xfc, 0x80, 0x1f, 0xfc, 0x34, 0x0,
    0xff, 0x18, 0x7, 0xff, 0x8, 0x48, 0x3, 0xfe,
    0x40, 0xf, 0xfe, 0xa, 0x80, 0x7f, 0xf0, 0x30,
    0x3, 0xff, 0x83, 0x80, 0x1f, 0xfc, 0x4, 0x0,
    0xff, 0xe0, 0xa0, 0x7, 0xff, 0x0, 0xc0, 0x3f,
    0xf8, 0x26, 0x1, 0xff, 0xc1, 0x40, 0xf, 0xf9,
    0x0, 0x3f, 0xf8, 0x58, 0x1, 0xff, 0x60, 0x7,
    0xff, 0x9, 0x0, 0x3f, 0xe4, 0x0, 0xff, 0xe1,
    0x18, 0x7, 0xfc, 0x60, 0x1f, 0xfc, 0x34, 0x0,
    0xfe, 0x40, 0xf, 0xfe, 0x26, 0x80, 0x7f, 0x68,
    0x7, 0xe0,

    /* U+0077 "w" */
    0xd, 0xff, 0xf8, 0xc0, 0x3a, 0xff, 0xfd, 0x60,
    0x1c, 0x5f, 0xff, 0x70, 0x0, 0x80, 0x3e, 0x40,
    0xe, 0x40, 0xf, 0x20, 0x7, 0x38, 0x7, 0xc6,
    0x0, 0x40, 0xf, 0xb4, 0x3, 0x10, 0x7, 0xe2,
    0x0, 0xda, 0x1, 0xf3, 0x80, 0xc, 0x3, 0xe6,
    0x0, 0xce, 0x1, 0xf9, 0xc0, 0x31, 0x0, 0x7d,
    0x80, 0xc, 0x0, 0xf8, 0xc0, 0x31, 0x0, 0x7e,
    0xd0, 0xc, 0xe0, 0x1f, 0x28, 0x1, 0x40, 0x3f,
    0x8, 0x5, 0xa0, 0x1f, 0x8c, 0x3, 0x10, 0x7,
    0xc6, 0x0, 0x12, 0x0, 0xf9, 0x40, 0x26, 0x0,
    0xfc, 0xc0, 0x10, 0x80, 0x7c, 0x60, 0x19, 0x0,
    0x3e, 0x20, 0x8, 0xc0, 0x3f, 0x10, 0x4, 0xa0,
    0x1f, 0x20, 0x6, 0xf0, 0xf, 0xbc, 0x0, 0x20,
    0x1f, 0xe3, 0x0, 0x10, 0x7, 0xda, 0x1, 0x90,
    0x3, 0xe2, 0x0, 0x28, 0x7, 0xf9, 0x80, 0x1e,
    0x1, 0xf2, 0x0, 0x62, 0x0, 0xf9, 0x40, 0x4,
    0x1, 0xfe, 0xd0, 0x1, 0x0, 0x78, 0x44, 0x1,
    0xc8, 0x1, 0xe1, 0x0, 0x78, 0x7, 0xf8, 0xc0,
    0xa, 0x1, 0xe5, 0x0, 0xf1, 0x80, 0x7c, 0x60,
    0x40, 0x1f, 0xe6, 0x0, 0x8, 0x7, 0xb0, 0x3,
    0xd8, 0x1, 0xf3, 0x2, 0x80, 0x7f, 0x88, 0x8,
    0x3, 0xe3, 0x0, 0xf2, 0x80, 0x7d, 0xa0, 0x20,
    0x1f, 0xf1, 0xb8, 0x7, 0xc8, 0x1, 0xe1, 0x20,
    0xf, 0x11, 0x80, 0x71, 0x0, 0x79, 0x48, 0x3,
    0xc4, 0x1, 0xf9, 0x0, 0x3c, 0xea, 0x1, 0xca,
    0x40, 0x1d, 0xda, 0x1, 0xe4, 0x0, 0xfd, 0xe0,
    0x1e, 0x2e, 0x0, 0xed, 0x70, 0xe, 0x36, 0x0,
    0xf7, 0x80, 0x7e, 0x40, 0xf, 0x9c, 0x3, 0x9b,
    0x40, 0x39, 0xc, 0x3, 0xc8, 0x1, 0xf8, 0x80,
    0x3f, 0xf8, 0x26, 0x40, 0x1f, 0xfc, 0x12, 0x0,
    0xfe, 0x40, 0xf, 0xf8, 0x41, 0xc0, 0x3f, 0xf8,
    0x8, 0x1, 0xfe, 0x30, 0xf, 0xf9, 0x40, 0x80,
    0x3f, 0xf8, 0x6, 0x1, 0xfe, 0xc0, 0xf, 0xf8,
    0xc0, 0x4, 0x1, 0xff, 0x60, 0x7, 0xf9, 0x40,
    0x3f, 0xee, 0x0, 0x38, 0x7, 0xfc, 0xa0, 0x1f,
    0xe1, 0x20, 0xf, 0xf2, 0x80, 0x34, 0x3, 0xfc,
    0x42, 0x1, 0xff, 0x20, 0x7, 0xf8, 0x80, 0x6,
    0x1, 0xfe, 0x70, 0xf, 0xfe, 0x7, 0x80, 0x7f,
    0x8, 0x80, 0xc, 0x1, 0xfe, 0xc0, 0xf, 0xfe,
    0x2, 0x0, 0x7f, 0x28, 0x4, 0x40, 0x1f, 0xe5,
    0x0, 0xff, 0xe0, 0x10, 0x80, 0x7e, 0x20, 0xc,
    0x60, 0x1f, 0xc6, 0x1, 0xff, 0xc1, 0x50, 0xf,
    0xde, 0x1, 0x94, 0x3, 0xf1, 0x80, 0x7f, 0xf0,
    0xb0, 0x3, 0xf1, 0x0, 0x6e, 0x0, 0xfc, 0x80,
    0x1f, 0xfc, 0x24, 0x0, 0xf8, 0x54, 0x3, 0x20,
    0x7, 0xec, 0x0, 0xf8,

    /* U+0078 "x" */
    0xe, 0xff, 0xfc, 0xa0, 0x1c, 0x3d, 0xff, 0xf8,
    0x81, 0x0, 0x3f, 0x40, 0x7, 0x48, 0x80, 0x7c,
    0x44, 0x9, 0x0, 0xfc, 0x48, 0x1, 0x98, 0x3,
    0xf5, 0x80, 0xd, 0x0, 0x3f, 0x78, 0x4, 0xc2,
    0x1, 0xf0, 0xb0, 0x5, 0xe0, 0x1f, 0x90, 0x80,
    0x16, 0x1, 0xfa, 0x40, 0x32, 0x18, 0x7, 0xea,
    0x4, 0x20, 0xf, 0xce, 0x1, 0xd2, 0x1, 0xf9,
    0xc3, 0xc0, 0x3f, 0x38, 0x7, 0x94, 0x80, 0x3f,
    0x4a, 0x0, 0x7e, 0x90, 0xf, 0xac, 0x3, 0xf3,
    0x0, 0x7e, 0x61, 0x0, 0xf9, 0x84, 0x3, 0xff,
    0x89, 0x60, 0x1f, 0xd2, 0x1, 0xff, 0xc3, 0x52,
    0x0, 0xfe, 0x70, 0xf, 0xfe, 0x1c, 0x80, 0x7f,
    0xce, 0x1, 0xff, 0xc1, 0x43, 0x0, 0xff, 0xa4,
    0x3, 0xff, 0x83, 0xe0, 0x1f, 0xfc, 0x1, 0x60,
    0xf, 0xf8, 0xd0, 0x3, 0xff, 0x83, 0x60, 0x1f,
    0xf4, 0x80, 0x7f, 0xf0, 0x88, 0x40, 0x3f, 0xce,
    0x1, 0xff, 0xc2, 0x61, 0x0, 0xff, 0x58, 0x7,
    0xff, 0xa, 0xc0, 0x3f, 0xe6, 0x10, 0xf, 0xfe,
    0x2, 0x90, 0x7, 0xff, 0x2, 0x0, 0x3f, 0xf8,
    0x10, 0x1, 0xff, 0xc1, 0x61, 0x0, 0xff, 0x29,
    0x0, 0x7f, 0xf0, 0xa4, 0x3, 0xfd, 0x20, 0x1f,
    0xfc, 0x37, 0x10, 0xf, 0xc8, 0x60, 0x1f, 0xfc,
    0x46, 0x0, 0xfd, 0x0, 0x1f, 0xa4, 0x3, 0xf4,
    0x80, 0x7c, 0x66, 0x0, 0xf8, 0x59, 0x40, 0x3e,
    0x17, 0x0, 0xf4, 0x0, 0x7e, 0x90, 0x90, 0xf,
    0xd2, 0x1, 0xc6, 0x80, 0x1f, 0x98, 0xc, 0xc0,
    0x1f, 0xb, 0x0, 0x69, 0x0, 0xfc, 0xa2, 0x0,
    0x90, 0xf, 0xd6, 0x1, 0x12, 0x80, 0x7e, 0x90,
    0x9, 0x44, 0x3, 0xe2, 0x50, 0x4, 0x0, 0x7e,
    0x33, 0x0, 0x66, 0x0, 0xfd, 0x0, 0x5, 0x0,
    0xfd, 0x20, 0x1d, 0x22, 0x1, 0xf1, 0x10,

    /* U+0079 "y" */
    0x1f, 0xff, 0xdc, 0x1, 0xec, 0xff, 0xfc, 0x86,
    0x1, 0xf8, 0x4c, 0x3, 0x8c, 0x3, 0xf3, 0x10,
    0x80, 0x7e, 0x50, 0xc, 0x60, 0x1f, 0x84, 0x81,
    0xc0, 0x3f, 0x70, 0x6, 0x60, 0xf, 0xc8, 0x0,
    0xc0, 0xf, 0xc6, 0x1, 0xb4, 0x3, 0xf6, 0x0,
    0x10, 0x3, 0xf3, 0x0, 0x62, 0x0, 0xfc, 0x80,
    0x1, 0x20, 0xf, 0x88, 0x3, 0x30, 0x7, 0xc2,
    0x40, 0x12, 0x0, 0x7e, 0x20, 0x8, 0xc0, 0x3e,
    0x40, 0xd, 0x80, 0x1f, 0x9c, 0x0, 0x20, 0x1f,
    0xb0, 0x3, 0x20, 0x7, 0xe2, 0x0, 0x10, 0x7,
    0xe4, 0x0, 0xc2, 0x60, 0x1f, 0x70, 0x1, 0x40,
    0x3e, 0x12, 0x0, 0xe4, 0x0, 0xf9, 0x40, 0x1c,
    0x1, 0xf2, 0x0, 0x7b, 0x0, 0x3e, 0x20, 0x1,
    0x80, 0x7d, 0xe0, 0x1e, 0x40, 0xf, 0x84, 0x40,
    0xc0, 0x1f, 0x20, 0x7, 0xc6, 0x1, 0xf1, 0x1,
    0x0, 0x78, 0x84, 0x3, 0xe4, 0x0, 0xf9, 0x48,
    0x3, 0xe4, 0x0, 0xfd, 0x80, 0x1f, 0x73, 0x0,
    0x7d, 0x80, 0x1f, 0x90, 0x3, 0xe3, 0x20, 0xf,
    0x90, 0x3, 0xf9, 0x0, 0x3c, 0xde, 0x1, 0xe2,
    0x10, 0xf, 0xec, 0x0, 0xf1, 0x38, 0x7, 0x90,
    0x3, 0xfc, 0x80, 0x1f, 0x8, 0x7, 0xb0, 0x3,
    0xfc, 0x60, 0x1f, 0xfc, 0x24, 0x0, 0xff, 0x90,
    0x3, 0xff, 0x80, 0x42, 0x1, 0xff, 0x68, 0x7,
    0xff, 0x1, 0x0, 0x3f, 0xf8, 0x8, 0x1, 0xff,
    0xc0, 0xd0, 0xf, 0xfe, 0x1, 0x8, 0x7, 0xfc,
    0xa0, 0x1f, 0xfc, 0x14, 0x0, 0xff, 0x18, 0x80,
    0x7f, 0xf0, 0x70, 0x3, 0xfc, 0x80, 0x1f, 0xfc,
    0x24, 0x0, 0xff, 0x60, 0x7, 0xff, 0x8, 0x84,
    0x3, 0xf9, 0x0, 0x3f, 0xf8, 0x6e, 0x1, 0xf8,
    0xc0, 0x3f, 0xf8, 0x9e, 0x1, 0xf9, 0x0, 0x3f,
    0xf9, 0xb8, 0x1, 0xff, 0xc4, 0xf0, 0xf, 0xc8,
    0x1, 0xff, 0xc4, 0x70, 0xf, 0x90, 0x3, 0xff,
    0x86, 0x36, 0x20, 0x1f, 0x70, 0x7, 0xfc, 0xaf,
    0x17, 0xc8, 0x1, 0xf9, 0x40, 0x3f, 0xea, 0x87,
    0x40, 0xf, 0xe6, 0x0, 0xff, 0xe6, 0xd8, 0x7,
    0xff, 0x31, 0x88, 0x3, 0xff, 0x96, 0x52, 0x1,
    0xff, 0xcb, 0x3c, 0x0, 0xff, 0xe5, 0xc, 0x60,
    0x80, 0x7f, 0xf0, 0x84, 0x0, 0x26, 0xb1, 0x9c,
    0xe0, 0x1f, 0xfc, 0x20,

    /* U+007A "z" */
    0x5f, 0xff, 0xfe, 0x3b, 0x86, 0x80, 0x7f, 0xf1,
    0xf4, 0x3, 0xff, 0xfe, 0x1, 0xff, 0xd8, 0x99,
    0xff, 0x0, 0x7f, 0x88, 0x5, 0x9b, 0xf0, 0x7,
    0xfd, 0x20, 0x1f, 0xe8, 0x0, 0xfe, 0x91, 0x0,
    0xfe, 0x91, 0x0, 0xfc, 0x6c, 0x1, 0xfc, 0x4c,
    0x1, 0xfd, 0xe0, 0x1f, 0xee, 0x0, 0xfe, 0x63,
    0x0, 0xfe, 0x53, 0x0, 0xfc, 0x32, 0x1, 0xfe,
    0xb0, 0xf, 0xeb, 0x0, 0xff, 0x40, 0x80, 0x7e,
    0x45, 0x0, 0xfe, 0x27, 0x0, 0xfe, 0x90, 0xf,
    0xf4, 0x80, 0x7f, 0x41, 0x0, 0x7f, 0x2a, 0x0,
    0x7e, 0x27, 0x0, 0xff, 0x58, 0x7, 0xf7, 0x0,
    0x7f, 0xa0, 0x40, 0x3f, 0x31, 0x80, 0x7f, 0x13,
    0x80, 0x7e, 0x18, 0x0, 0xff, 0x48, 0x7, 0xf4,
    0x8, 0x7, 0xf2, 0x20, 0x3, 0xf1, 0xb0, 0x7,
    0xfb, 0xc0, 0x3f, 0x99, 0xbf, 0xc8, 0xa, 0x1,
    0xfc, 0xb3, 0x3f, 0xd6, 0x1, 0xff, 0xff, 0x0,
    0xff, 0xec, 0x28, 0x7, 0xff, 0x1c, 0x80,

    /* U+007B "{" */
    0x0, 0xfc, 0x2f, 0x9d, 0xff, 0xe6, 0x0, 0xf9,
    0xba, 0xc, 0x40, 0x3d, 0xe0, 0x1e, 0x69, 0x0,
    0xff, 0xe2, 0xc, 0x80, 0x7f, 0xf1, 0x64, 0x3,
    0xff, 0x8c, 0x80, 0x1f, 0xfc, 0x62, 0x0, 0xff,
    0xe3, 0x8, 0x7, 0xf1, 0xc4, 0xc0, 0x7, 0xff,
    0x9, 0x71, 0xd8, 0x40, 0x3f, 0xf8, 0x56, 0x1,
    0xff, 0xc5, 0x21, 0x0, 0xff, 0xe2, 0x88, 0x7,
    0xff, 0xfc, 0x3, 0xff, 0xfe, 0x1, 0xff, 0xd2,
    0x10, 0xf, 0xce, 0x1, 0xfc, 0x80, 0x1f, 0xfc,
    0x6e, 0x0, 0xfc, 0x40, 0x1f, 0xa1, 0x0, 0x3f,
    0x60, 0x7, 0xa7, 0x9c, 0x3, 0xf9, 0x0, 0x39,
    0x18, 0x40, 0x3f, 0x98, 0x40, 0x3f, 0xf8, 0x87,
    0x20, 0x1f, 0xfc, 0x47, 0xc0, 0xf, 0xfe, 0x2a,
    0x8, 0x7, 0xff, 0x14, 0xfc, 0x40, 0x3c, 0xe0,
    0x1f, 0xe1, 0xb0, 0xf, 0x1d, 0xb8, 0x7, 0xf2,
    0x88, 0x7, 0x92, 0x30, 0x3, 0xf9, 0xc0, 0x3f,
    0x1b, 0x80, 0x7e, 0xf0, 0xf, 0xeb, 0x0, 0xfc,
    0x60, 0x1f, 0xc4, 0x1, 0xf8, 0x40, 0x3f, 0x84,
    0x3, 0xf3, 0x80, 0x7f, 0xff, 0xc0, 0x3f, 0xff,
    0xe0, 0x1f, 0xfd, 0xb1, 0x0, 0xff, 0xe3, 0x10,
    0x80, 0x7f, 0xf1, 0xac, 0x3, 0xff, 0x8c, 0xb6,
    0xec, 0x20, 0x1c, 0x20, 0x1f, 0xc9, 0x13, 0x0,
    0x1c, 0x40, 0x1f, 0xfc, 0x6b, 0x0, 0xff, 0xe3,
    0x30, 0x7, 0xff, 0x18, 0x64, 0x3, 0xff, 0x8c,
    0xd2, 0x1, 0xff, 0xc6, 0x6e, 0x83, 0x10, 0xf,
    0x70,

    /* U+007C "|" */
    0x6f, 0xff, 0xb8, 0x30, 0x3, 0xe1, 0x10, 0x7,
    0xff, 0xfc, 0x3, 0xff, 0xfe, 0x1, 0xff, 0xff,
    0x0, 0xff, 0xff, 0x80, 0x7f, 0xff, 0xc0, 0x3f,
    0xff, 0xe0, 0x1f, 0xfd, 0xcd, 0x0, 0xf8, 0x44,

    /* U+007D "}" */
    0x2f, 0xff, 0xb6, 0x4c, 0x3, 0xf3, 0x0, 0x7c,
    0x4d, 0x94, 0x1, 0xff, 0xc6, 0x5b, 0x0, 0xff,
    0xe3, 0x23, 0x80, 0x7f, 0xf1, 0xa4, 0x3, 0xff,
    0x8c, 0x24, 0x1, 0x9c, 0x3, 0xff, 0x82, 0xc0,
    0x18, 0xe6, 0x4c, 0x1, 0xfe, 0x10, 0xe, 0x66,
    0x4d, 0x80, 0x7f, 0x18, 0x7, 0xe4, 0x40, 0x7,
    0xff, 0x1b, 0x0, 0x3f, 0xf8, 0xc4, 0x1, 0xff,
    0xff, 0x0, 0xff, 0xff, 0x80, 0x7f, 0xf9, 0x4,
    0x3, 0xf8, 0x40, 0x3f, 0x60, 0x7, 0xf3, 0x0,
    0x7e, 0x41, 0x0, 0xfc, 0x40, 0x1f, 0xda, 0x20,
    0x1f, 0x94, 0x3, 0xf1, 0xf5, 0x98, 0x7, 0xa4,
    0x3, 0xfc, 0x94, 0x1, 0xe3, 0x80, 0xf, 0xfe,
    0x33, 0xd8, 0x7, 0xff, 0x1b, 0x40, 0x3f, 0xf8,
    0xb4, 0xc0, 0x1f, 0xfc, 0x44, 0x50, 0xf, 0xf0,
    0x80, 0x7b, 0xc0, 0x3f, 0x92, 0xa0, 0x3, 0xc8,
    0x1, 0xf9, 0xed, 0x40, 0x3c, 0x60, 0x1f, 0x86,
    0x0, 0x3f, 0x38, 0x7, 0xe7, 0x0, 0xfe, 0x10,
    0xf, 0xdc, 0x1, 0xff, 0xc6, 0x10, 0xf, 0xff,
    0xf8, 0x7, 0xff, 0xfc, 0x3, 0xff, 0xa4, 0x40,
    0x1f, 0xfc, 0x6c, 0x0, 0xff, 0xe2, 0xa2, 0x0,
    0x3f, 0xf8, 0x4a, 0xd3, 0x60, 0x1f, 0xc6, 0x1,
    0x8e, 0xa5, 0x80, 0x3f, 0xc2, 0x1, 0x9c, 0x3,
    0xff, 0x82, 0xc0, 0x1f, 0xfc, 0x51, 0x20, 0xf,
    0xfe, 0x2c, 0x80, 0x7f, 0xf1, 0x4d, 0xc0, 0x3f,
    0xf8, 0x8b, 0x80, 0x1e, 0x60, 0xf, 0x89, 0xb2,
    0x80, 0x3e,

    /* U+007E "~" */
    0x0, 0xe1, 0x8c, 0xff, 0x6c, 0x98, 0x7, 0xff,
    0x1d, 0xf9, 0xcc, 0x0, 0x4d, 0x96, 0x40, 0x1e,
    0x1d, 0x91, 0x0, 0xf5, 0x40, 0x7, 0xe4, 0xd8,
    0x0, 0xc3, 0xa4, 0xde, 0xc0, 0x1a, 0x54, 0x3,
    0xfe, 0x7e, 0x97, 0x8f, 0x30, 0x0, 0xce, 0x10,
    0x23, 0x0, 0x7f, 0xf0, 0x45, 0xa1, 0xc4, 0x3,
    0x8e, 0xc2, 0x40, 0x3f, 0xf9, 0xb0, 0x64, 0x1,
    0xff, 0xcc, 0x91, 0x22, 0x0, 0x79, 0x22, 0x6,
    0x1, 0xff, 0xc1, 0x56, 0x1, 0xd8, 0x0, 0x87,
    0x2d, 0xdd, 0x96, 0x40, 0x1f, 0xe5, 0xa0, 0xc,
    0xfa, 0x83, 0x86, 0x1, 0x93, 0x60, 0x40, 0x3e,
    0x6a, 0x0, 0xf1, 0x5f, 0x10, 0x7, 0xcf, 0xd2,
    0x62, 0x2, 0xb9, 0x20, 0x18,

    /* U+00A0 " " */

    /* U+00A1 "¡" */
    0x0, 0xa3, 0x7f, 0xa8, 0x80, 0x36, 0x39, 0x0,
    0xae, 0x98, 0x2, 0x4c, 0x3, 0xdc, 0x0, 0x60,
    0xf, 0x89, 0x8, 0x3, 0xf8, 0xc0, 0x3f, 0xe2,
    0x0, 0xfe, 0x20, 0x50, 0xf, 0x85, 0x42, 0xc8,
    0x3, 0xd4, 0x0, 0x1d, 0x72, 0x1, 0x5d, 0x40,
    0xd, 0x1b, 0xfd, 0x44, 0x1, 0xff, 0xe4, 0xaf,
    0xfe, 0xe0, 0xc, 0x80, 0x1c, 0x22, 0x0, 0xff,
    0x18, 0x4, 0x20, 0x1f, 0xfc, 0x51, 0x0, 0xff,
    0xe4, 0xb8, 0x0, 0x40, 0x3f, 0xc6, 0x1, 0xf0,
    0x80, 0x7f, 0x8c, 0x0, 0x20, 0x1f, 0xfc, 0x61,
    0x0, 0x38, 0x7, 0xff, 0x1b, 0xc0, 0x2, 0x1,
    0xff, 0xc6, 0x10, 0x1, 0x80, 0x7f, 0x84, 0x3,
    0xe3, 0x0, 0xff, 0xe0, 0xf8, 0x7, 0xc2, 0x1,
    0xff, 0xc1, 0x10, 0xf, 0x9c, 0x3, 0xff, 0x82,
    0x60, 0x1f, 0x8, 0x7, 0xff, 0x4, 0x40, 0x3e,
    0x30, 0x3, 0x80, 0x7f, 0x98, 0x3, 0xe2, 0x0,

    /* U+00A2 "¢" */
    0x0, 0xfe, 0xef, 0xff, 0x10, 0x7, 0xff, 0x14,
    0x40, 0x3c, 0x20, 0x1f, 0xfc, 0xc1, 0x0, 0xff,
    0xe2, 0x88, 0x7, 0x8c, 0x3, 0xff, 0x8a, 0x60,
    0x1f, 0xfc, 0xa3, 0x82, 0x0, 0xf5, 0x28, 0x80,
    0x7f, 0xc9, 0x98, 0x70, 0xf, 0x92, 0xba, 0x0,
    0x3f, 0xa2, 0xcc, 0x3, 0xff, 0x80, 0xfa, 0x40,
    0x1e, 0x97, 0x0, 0xff, 0xe1, 0x96, 0x10, 0x6,
    0x56, 0x0, 0xff, 0xe2, 0x8f, 0x0, 0x6b, 0x0,
    0xff, 0xe3, 0x9a, 0x80, 0x18, 0x40, 0x3f, 0xf9,
    0x12, 0x0, 0xd0, 0xf, 0xc3, 0x7f, 0xa6, 0x1,
    0xf8, 0xc4, 0x14, 0x3, 0xf5, 0x20, 0x16, 0x8,
    0x7, 0xe5, 0x1, 0x0, 0xf8, 0x90, 0x3, 0x30,
    0x7, 0xe1, 0x10, 0x7, 0xe6, 0x0, 0xee, 0x0,
    0xff, 0xe3, 0x8, 0x7, 0x29, 0x17, 0xe7, 0x0,
    0xff, 0xe1, 0x9e, 0xef, 0xe2, 0x0, 0xff, 0xff,
    0x80, 0x7f, 0xff, 0xc0, 0x3f, 0xfe, 0xa9, 0xff,
    0xf8, 0xc0, 0x3f, 0x84, 0x3, 0x88, 0x3, 0xf3,
    0x8, 0x7, 0xe6, 0x0, 0xee, 0x0, 0xff, 0xe3,
    0x11, 0x80, 0x66, 0x0, 0xfc, 0x20, 0x60, 0x1f,
    0xb5, 0x0, 0xf0, 0x40, 0x3f, 0x28, 0x58, 0x7,
    0xe1, 0xbf, 0xc3, 0x0, 0xfc, 0x42, 0xc, 0x1,
    0xff, 0xc9, 0xa0, 0x0, 0xb8, 0x7, 0xff, 0x1c,
    0x5c, 0x2, 0x83, 0x0, 0xff, 0xe3, 0x50, 0x7,
    0x69, 0x80, 0x7f, 0xf1, 0x2d, 0x0, 0x38, 0x71,
    0xc0, 0x3f, 0xf8, 0x29, 0xa8, 0x1, 0xfa, 0x3a,
    0xc, 0x3, 0xe2, 0x6c, 0xb2, 0x0, 0xff, 0xb,
    0xe1, 0x0, 0x7b, 0x24, 0xc0, 0x3f, 0xf8, 0x66,
    0x1, 0xff, 0xd3, 0x30, 0xf, 0xfe, 0x28, 0x80,
    0x78, 0x40, 0x3f, 0xf8, 0xa2, 0x1, 0xe1, 0x0,
    0xfc,

    /* U+00A3 "£" */
    0x0, 0xff, 0xe0, 0x2c, 0xe7, 0x7f, 0xb6, 0xdc,
    0x40, 0x3f, 0xf8, 0xad, 0xd4, 0xc6, 0x20, 0x2,
    0x48, 0xea, 0x10, 0xf, 0xfe, 0x8, 0xdc, 0x88,
    0x7, 0xf9, 0x7c, 0xc0, 0x3f, 0xe1, 0xc4, 0x0,
    0xff, 0xe0, 0x8e, 0x18, 0x7, 0xfa, 0x88, 0x3,
    0xff, 0x89, 0xa2, 0x1, 0xf9, 0x50, 0x3, 0xff,
    0x8a, 0x36, 0x1, 0xfa, 0x0, 0x3f, 0xf8, 0xea,
    0x40, 0x1e, 0x42, 0x0, 0xfc, 0x90, 0xc0, 0x1f,
    0xd6, 0x1, 0xec, 0x0, 0xfc, 0xd6, 0xf3, 0x80,
    0x1f, 0x9c, 0x3, 0xc8, 0x1, 0xfa, 0x0, 0x23,
    0x50, 0xf, 0x84, 0x80, 0x38, 0x80, 0x3e, 0x21,
    0x0, 0xdc, 0x1, 0xe2, 0x40, 0xf, 0x8, 0x7,
    0xcc, 0x1, 0xc9, 0x35, 0x7b, 0xfe, 0xdb, 0x20,
    0xf, 0xfe, 0x43, 0x2a, 0x10, 0x7, 0xf0, 0x80,
    0x7f, 0xff, 0xc0, 0x3f, 0xfe, 0xa5, 0xff, 0x70,
    0x7, 0xe4, 0xff, 0xfd, 0x20, 0x1e, 0x60, 0xf,
    0xfe, 0x4a, 0x80, 0x7f, 0xff, 0xc0, 0x3f, 0xfc,
    0x6e, 0x1, 0xff, 0xd0, 0x39, 0x9a, 0x0, 0x3f,
    0x14, 0xcf, 0xef, 0x0, 0xf9, 0x9b, 0x0, 0x7e,
    0x66, 0xfe, 0x30, 0xf, 0xff, 0xf8, 0x0, 0x40,
    0x3f, 0xfc, 0x84, 0x1, 0xf8, 0x80, 0x3f, 0xf8,
    0xea, 0x1, 0xfb, 0x40, 0x3f, 0xf8, 0xfa, 0x1,
    0xf9, 0x0, 0x3f, 0xf8, 0xc8, 0x80, 0xf, 0x98,
    0x40, 0x3f, 0xf8, 0xa3, 0x40, 0x1f, 0xcc, 0xdf,
    0xfc, 0x32, 0x0, 0x10, 0x80, 0x7e, 0x69, 0x9f,
    0xfe, 0x20, 0x7, 0xff, 0x41, 0xc0, 0x3f, 0xff,
    0xe0, 0x1f, 0xfd, 0xf2, 0x0, 0xff, 0xe6, 0xa8,

    /* U+00A4 "¤" */
    0x0, 0xe8, 0xc1, 0x0, 0xff, 0xe4, 0x5c, 0x80,
    0x7f, 0x53, 0x9e, 0x8, 0x7, 0xff, 0x1b, 0x11,
    0xb0, 0x40, 0x38, 0x71, 0x40, 0x5, 0x82, 0x1,
    0x89, 0x5d, 0xcc, 0xa4, 0x1, 0x87, 0xc, 0x0,
    0x78, 0x20, 0x11, 0x61, 0x80, 0x62, 0xc1, 0x29,
    0xed, 0xa8, 0x84, 0xd6, 0xe9, 0xc0, 0x74, 0xc0,
    0x31, 0x79, 0x80, 0x30, 0x80, 0x3c, 0x5d, 0xac,
    0x20, 0x1f, 0x14, 0x77, 0x98, 0x7, 0x87, 0x0,
    0xe, 0x1, 0xff, 0xc9, 0x11, 0x0, 0x7e, 0x50,
    0x4, 0xb0, 0x7, 0xff, 0x45, 0x68, 0x2, 0x96,
    0x0, 0xff, 0xe7, 0xad, 0x0, 0x74, 0xb0, 0x7,
    0xff, 0x35, 0x68, 0x3, 0xe9, 0x30, 0xf, 0xfe,
    0x59, 0xd0, 0x7, 0xe1, 0x30, 0xf, 0xcb, 0x9f,
    0xf5, 0x98, 0x7, 0xe1, 0x0, 0xfe, 0x90, 0xf,
    0xd7, 0x46, 0x1, 0x26, 0x38, 0x7, 0xc4, 0x60,
    0x1f, 0x94, 0x3, 0xea, 0x40, 0xf, 0xa1, 0x80,
    0x3e, 0xa0, 0xf, 0x84, 0x80, 0x3c, 0x8a, 0x1,
    0xfd, 0x2, 0x1, 0xe5, 0x0, 0xf8, 0x80, 0x3e,
    0xe0, 0xf, 0xf0, 0xa0, 0x7, 0x8c, 0x3, 0xe6,
    0x0, 0xf9, 0x80, 0x3f, 0xed, 0x0, 0xff, 0xf2,
    0x88, 0x7, 0xca, 0x1, 0xff, 0x68, 0x7, 0xff,
    0x9, 0x40, 0x3e, 0xa0, 0xf, 0xf0, 0xa8, 0x7,
    0x88, 0x3, 0xe1, 0x20, 0xf, 0x1b, 0x0, 0x7f,
    0x58, 0x7, 0xc8, 0x1, 0xf9, 0x40, 0x3e, 0x95,
    0x0, 0xfa, 0x54, 0x3, 0xed, 0x0, 0xfd, 0x40,
    0x1f, 0xaa, 0xd0, 0x40, 0x5b, 0x58, 0x3, 0xe2,
    0x40, 0xf, 0xc4, 0xa0, 0x1f, 0x92, 0xfb, 0xfa,
    0x48, 0x3, 0xf2, 0x80, 0x7f, 0x1a, 0x0, 0x7f,
    0xf2, 0xdd, 0x0, 0x3e, 0x3d, 0x10, 0xf, 0xfe,
    0x65, 0xa8, 0x7, 0x1e, 0x88, 0x7, 0xff, 0x3a,
    0x94, 0x2, 0x3c, 0x10, 0xf, 0xfe, 0x85, 0x20,
    0x1, 0x0, 0x3f, 0xfa, 0x7c, 0x0, 0x77, 0x0,
    0x7d, 0x5a, 0xe4, 0x1, 0xf1, 0xcf, 0xd8, 0x7,
    0xcb, 0x40, 0x14, 0x48, 0x7, 0x52, 0x94, 0x6f,
    0x5c, 0xca, 0xb3, 0xb1, 0x81, 0x2c, 0x3, 0x9e,
    0x80, 0x39, 0xac, 0x2, 0xa5, 0x0, 0xc2, 0x8c,
    0xc5, 0x31, 0x0, 0xc9, 0x80, 0x14, 0xc0, 0x7,
    0xc9, 0x87, 0x4a, 0x1, 0xff, 0xc5, 0x3c, 0x3b,
    0x60, 0xc,

    /* U+00A5 "¥" */
    0xaf, 0xff, 0xc6, 0x1, 0xf3, 0xff, 0xfe, 0x7d,
    0x0, 0xfd, 0x40, 0x1f, 0x50, 0x7, 0xe3, 0x50,
    0xf, 0xc8, 0x1, 0xe1, 0x20, 0xf, 0x85, 0x8,
    0xc0, 0x3e, 0x21, 0x0, 0xe7, 0x0, 0xfc, 0xe0,
    0xa, 0x0, 0xfc, 0xe0, 0x1d, 0x80, 0x1f, 0xa8,
    0x0, 0xe0, 0x1f, 0xb0, 0x3, 0x90, 0x3, 0xe2,
    0x30, 0x0, 0xa0, 0x7, 0xc8, 0x1, 0x88, 0x40,
    0x3e, 0xa0, 0xd, 0xa0, 0x1f, 0x9, 0x0, 0x4a,
    0x1, 0xf9, 0x40, 0x33, 0x0, 0x7e, 0x50, 0xb,
    0x0, 0x3e, 0x32, 0x0, 0xe5, 0x0, 0xfb, 0x0,
    0x24, 0x0, 0xfa, 0x80, 0x3d, 0xe0, 0x1f, 0x20,
    0x0, 0xc0, 0x3f, 0x38, 0x7, 0x94, 0x40, 0x3e,
    0x30, 0xb0, 0xf, 0x90, 0x40, 0x3e, 0x70, 0xf,
    0x90, 0x10, 0x3, 0xee, 0x0, 0xfd, 0xa0, 0x1f,
    0x58, 0x18, 0x7, 0xca, 0x1, 0xf9, 0x4, 0x3,
    0xc6, 0xa0, 0x1f, 0x28, 0x7, 0xf9, 0x80, 0x3e,
    0xb0, 0xf, 0xb8, 0x3, 0xfd, 0x60, 0x1f, 0x8,
    0x7, 0x85, 0x0, 0x3f, 0xc6, 0x40, 0x1f, 0xfc,
    0x16, 0x0, 0xff, 0xe0, 0x28, 0x7, 0xff, 0x6,
    0xc0, 0x3f, 0xf8, 0x14, 0x1, 0xff, 0xc0, 0x23,
    0x0, 0xff, 0xe0, 0x11, 0x80, 0x7f, 0xd4, 0x1,
    0xff, 0xc2, 0xb0, 0xf, 0xf9, 0x40, 0x3e, 0x3f,
    0xff, 0x40, 0x7, 0xfd, 0xbf, 0xfd, 0x80, 0xc0,
    0x1f, 0xfc, 0xc3, 0x0, 0xff, 0xf5, 0xb0, 0x7,
    0xff, 0x30, 0xc0, 0xff, 0xff, 0x0, 0x7e, 0x4f,
    0xff, 0xb0, 0x3, 0xff, 0xd6, 0x7f, 0xff, 0x80,
    0x3f, 0x27, 0xff, 0xd8, 0xc, 0x1, 0xff, 0xcc,
    0x30, 0xf, 0xff, 0x5b, 0x0, 0x7f, 0xf3, 0xc,
    0xf, 0xff, 0xf0, 0x7, 0xe4, 0xff, 0xfb, 0x0,
    0x3f, 0xff, 0xe0, 0x1f, 0xff, 0xf0, 0xf, 0xfe,
    0x51, 0x0, 0x7c, 0x60, 0x1f, 0xc0,

    /* U+00A6 "¦" */
    0x7f, 0xff, 0xb8, 0x34, 0x3, 0xe1, 0x10, 0x7,
    0xff, 0xfc, 0x3, 0xff, 0xfe, 0x1, 0xff, 0xe6,
    0xd0, 0xf, 0x84, 0x4f, 0xff, 0xf7, 0x0, 0x7f,
    0xf9, 0xdf, 0xff, 0xee, 0xd, 0x0, 0xf8, 0x44,
    0x1, 0xff, 0xff, 0x0, 0xff, 0xff, 0x80, 0x7f,
    0xf9, 0xb4, 0x3, 0xe1, 0x10,

    /* U+00A7 "§" */
    0x0, 0xf8, 0x9e, 0xf7, 0xfd, 0xdb, 0x6e, 0x40,
    0x1f, 0xfc, 0x2, 0xbd, 0x84, 0x20, 0x0, 0x92,
    0x46, 0xd1, 0x0, 0x7f, 0x36, 0xa0, 0x7, 0xfc,
    0xba, 0xc0, 0x1f, 0x44, 0x80, 0x7f, 0xf0, 0xe5,
    0xc0, 0x39, 0x5c, 0x3, 0xff, 0x8b, 0xa, 0x1,
    0xd, 0x80, 0x7f, 0xf1, 0xec, 0x2, 0x61, 0x0,
    0xff, 0xe3, 0x8b, 0x0, 0x28, 0x3, 0xf9, 0x61,
    0x40, 0x3f, 0xb4, 0x0, 0x40, 0x1f, 0xaa, 0x8f,
    0x52, 0x1, 0xf9, 0x0, 0x80, 0x3f, 0x1a, 0x80,
    0x4c, 0x40, 0x1f, 0x84, 0x3, 0xf9, 0x40, 0x39,
    0xc0, 0x3f, 0x18, 0x7, 0xff, 0xf, 0x0, 0x3e,
    0x13, 0x20, 0xf, 0xc8, 0x1, 0xcd, 0xff, 0xf7,
    0x8, 0x20, 0x7, 0xc4, 0xe0, 0x1f, 0xfc, 0x3f,
    0x0, 0xfd, 0x10, 0x0, 0xff, 0xe1, 0x22, 0x0,
    0x3f, 0x3e, 0xa0, 0x7, 0xff, 0x6, 0x84, 0x3,
    0xf1, 0x5d, 0x8c, 0x3, 0xfe, 0x1d, 0x0, 0xff,
    0x26, 0x51, 0x0, 0x7f, 0x8f, 0x4, 0x3, 0xfc,
    0xbb, 0x22, 0x1, 0xfc, 0x74, 0x1, 0xff, 0xc0,
    0x6f, 0x40, 0xf, 0xc9, 0x40, 0x1f, 0xfc, 0x11,
    0xb7, 0x0, 0xf2, 0xd8, 0x80, 0x7f, 0xf0, 0xe1,
    0xc0, 0x31, 0xd0, 0x7, 0xff, 0x1a, 0xc, 0x2,
    0xe0, 0xf, 0xfe, 0x44, 0x0, 0x14, 0x80, 0x3f,
    0x46, 0x51, 0x0, 0x7e, 0x42, 0xe, 0x0, 0xfd,
    0x2e, 0x6b, 0xa2, 0x1, 0xf9, 0xc1, 0x40, 0x3e,
    0x16, 0x0, 0xd2, 0x1, 0xf8, 0x80, 0x40, 0x3e,
    0x20, 0xe, 0x30, 0xf, 0xde, 0x1, 0xff, 0xc3,
    0x70, 0xf, 0xde, 0x1, 0xfc, 0x40, 0x1c, 0xa0,
    0x1f, 0x88, 0x8, 0x3, 0xe1, 0x40, 0xd, 0x40,
    0x1f, 0x9c, 0x10, 0x3, 0xf5, 0x20, 0xc, 0x98,
    0x7, 0xc4, 0x40, 0xd0, 0xf, 0xc3, 0x7f, 0xcc,
    0x1, 0xfa, 0xc0, 0x8, 0x60, 0x1f, 0xfc, 0x73,
    0x60, 0xa, 0x0, 0x3f, 0xf8, 0xc3, 0xc0, 0x19,
    0x24, 0x3, 0xff, 0x88, 0x38, 0x40, 0x1c, 0xd0,
    0x1, 0xff, 0xc2, 0x5e, 0x20, 0xf, 0x9f, 0x4,
    0x3, 0xff, 0x80, 0x86, 0x1, 0xfc, 0x7c, 0xe0,
    0x1f, 0xf0, 0xe2, 0x0, 0x7f, 0xa3, 0x54, 0x3,
    0xfe, 0xb3, 0x0, 0xff, 0x15, 0x61, 0x80, 0x7f,
    0xb4, 0x3, 0xff, 0x80, 0x79, 0x20, 0x1f, 0xc3,
    0x0, 0x1f, 0xfc, 0x16, 0xd2, 0x0, 0xfc, 0xc0,
    0x1f, 0xfc, 0x22, 0xc1, 0x0, 0xf8, 0x48, 0x2b,
    0x77, 0xe6, 0x0, 0xc2, 0xc0, 0x1f, 0x98, 0x14,
    0x8b, 0xea, 0x0, 0xee, 0x0, 0xfc, 0x20, 0x1f,
    0xc4, 0x1, 0xde, 0x1, 0xf8, 0x40, 0x40, 0x3e,
    0x18, 0x0, 0x8d, 0x80, 0x3f, 0x38, 0x28, 0x7,
    0xe7, 0xb7, 0x9c, 0x0, 0xfe, 0x30, 0xd0, 0xf,
    0xe4, 0x86, 0x0, 0xfe, 0x50, 0x3, 0x8, 0x7,
    0xff, 0x22, 0x40, 0x2b, 0x0, 0xff, 0xe3, 0xb1,
    0x80, 0x4a, 0xe0, 0x1f, 0xfc, 0x54, 0x90, 0xe,
    0x88, 0x0, 0x7f, 0xf0, 0xda, 0xc0, 0x3e, 0x7d,
    0x40, 0xf, 0xf8, 0xee, 0x40, 0x3f, 0x8a, 0xf6,
    0x10, 0x84, 0x0, 0x49, 0x19, 0x84, 0x0, 0xe0,

    /* U+00A8 "¨" */
    0x0, 0xa3, 0x7f, 0xac, 0xc0, 0x39, 0x2f, 0xfd,
    0xac, 0x1, 0xda, 0xe4, 0x2, 0x98, 0xa0, 0x13,
    0xda, 0x0, 0xa, 0x6c, 0x2, 0x92, 0x0, 0xf5,
    0x8, 0x1c, 0x0, 0x79, 0x18, 0x0, 0xc0, 0x1f,
    0x9c, 0x28, 0x3, 0xf5, 0x1, 0x0, 0x7f, 0x78,
    0x10, 0x7, 0xe3, 0x0, 0xff, 0xe6, 0x10, 0x7,
    0xf7, 0x81, 0x0, 0x7e, 0x30, 0x3, 0x0, 0x7c,
    0x2c, 0x16, 0x1, 0xfa, 0x80, 0x12, 0x60, 0x1e,
    0xa0, 0x1, 0x48, 0x7, 0x95, 0x80, 0x2c, 0x82,
    0x1, 0x5d, 0x40, 0x9, 0xad, 0x0, 0x7, 0x34,
    0x0,

    /* U+00A9 "©" */
    0x0, 0xff, 0xe2, 0x23, 0xd6, 0xf7, 0xfd, 0xdb,
    0x4e, 0x80, 0x1f, 0xfd, 0x14, 0xaf, 0xb8, 0x52,
    0x10, 0x8, 0x49, 0x62, 0xfe, 0x90, 0x3, 0xff,
    0x98, 0xbb, 0x6a, 0x1, 0xff, 0xc3, 0x5b, 0xd5,
    0x0, 0xff, 0xe4, 0x16, 0x51, 0x0, 0x7f, 0xf1,
    0xca, 0xb0, 0x80, 0x3f, 0xf8, 0xaf, 0xa6, 0x1,
    0xff, 0xcb, 0x3d, 0x70, 0xf, 0xfe, 0x1c, 0xc0,
    0x7, 0xe5, 0x9c, 0xef, 0xfb, 0xae, 0x54, 0x3,
    0xf4, 0x50, 0x7, 0xff, 0x6, 0xd8, 0x3, 0xc7,
    0x5f, 0x4c, 0x62, 0x1, 0xa, 0x35, 0x7d, 0x18,
    0x7, 0x96, 0xc0, 0x3f, 0xea, 0x40, 0xe, 0x2b,
    0xc5, 0x0, 0xff, 0xe0, 0xae, 0x59, 0x0, 0x72,
    0x50, 0x7, 0xf3, 0xa8, 0x7, 0x36, 0xa0, 0x7,
    0xff, 0x15, 0x35, 0x80, 0x39, 0x60, 0x3, 0xe3,
    0x80, 0xe, 0x99, 0x0, 0x7f, 0xf2, 0x66, 0x40,
    0x1c, 0xe6, 0x1, 0xee, 0x0, 0xe9, 0x60, 0xf,
    0xfe, 0x5b, 0x48, 0x7, 0x70, 0x7, 0x31, 0x0,
    0x67, 0x60, 0xf, 0xfe, 0x6b, 0x38, 0x6, 0x26,
    0x0, 0xd6, 0x1, 0x8a, 0x0, 0x3f, 0xcb, 0x7d,
    0xfd, 0x8c, 0x1, 0xfe, 0x83, 0x0, 0xd0, 0x1,
    0x29, 0x0, 0x6e, 0x0, 0xff, 0x5d, 0x20, 0x80,
    0x9c, 0xe8, 0x80, 0x7f, 0x78, 0x6, 0x15, 0x0,
    0x78, 0x6, 0x43, 0x0, 0xfe, 0xa4, 0x0, 0xf8,
    0xb0, 0x3, 0xf8, 0xd4, 0x3, 0x70, 0x1, 0x40,
    0x34, 0x0, 0x7f, 0x12, 0x80, 0x7f, 0x13, 0x0,
    0x7f, 0x48, 0x6, 0x41, 0x40, 0xc, 0x26, 0x1,
    0xfc, 0xa0, 0x19, 0xfe, 0xc0, 0x36, 0x80, 0x7f,
    0x19, 0x0, 0x65, 0x30, 0xc, 0xe0, 0x1f, 0xee,
    0x0, 0xd0, 0x8, 0x60, 0x13, 0x0, 0x7f, 0x90,
    0x3, 0x1e, 0x80, 0x6f, 0x0, 0xff, 0xe3, 0x59,
    0x91, 0x14, 0x3, 0xfd, 0x80, 0x1b, 0x18, 0x3,
    0x28, 0x7, 0xff, 0x19, 0xf3, 0x75, 0x0, 0x1f,
    0xe6, 0x0, 0xce, 0x20, 0x18, 0x40, 0x3f, 0xfa,
    0xa4, 0x1, 0x84, 0x3, 0x8c, 0x3, 0xff, 0xaa,
    0x20, 0x18, 0xc0, 0x3f, 0xfb, 0x62, 0x1, 0xc2,
    0x1, 0x8c, 0x3, 0xff, 0xaa, 0x60, 0x18, 0xdc,
    0x3, 0x30, 0x7, 0xff, 0x54, 0x40, 0x30, 0x90,
    0x6, 0x30, 0xf, 0xfe, 0xaa, 0x80, 0x66, 0xf0,
    0xd, 0xa0, 0x1f, 0xfc, 0x67, 0xdd, 0xa0, 0x3,
    0xfd, 0x80, 0x1b, 0x54, 0x3, 0x28, 0x7, 0xf8,
    0x40, 0x3e, 0xb2, 0x29, 0x40, 0x3f, 0xc8, 0x1,
    0x8c, 0xc2, 0x1, 0x94, 0x3, 0xfb, 0x80, 0x33,
    0x82, 0x18, 0x4, 0xc0, 0x1f, 0xc8, 0x20, 0x19,
    0x1, 0xc0, 0x34, 0x80, 0x7f, 0x20, 0x6, 0x8f,
    0xb0, 0xd, 0xa0, 0x1f, 0xd0, 0x1, 0x94, 0x1,
    0xa0, 0x18, 0xd0, 0x3, 0xf1, 0x30, 0x7, 0xf1,
    0x30, 0x7, 0xe3, 0x30, 0x6, 0xe0, 0x2, 0x18,
    0x6, 0x90, 0xf, 0xe9, 0x50, 0xf, 0x8b, 0x0,
    0x3f, 0xb8, 0x3, 0x12, 0x0, 0x50, 0x1, 0x8a,
    0x40, 0x3f, 0xaa, 0x88, 0x20, 0x27, 0x3a, 0x20,
    0x1f, 0xa4, 0x80, 0x34, 0x0, 0x64, 0x30, 0xc,
    0xce, 0x1, 0xfc, 0xb7, 0xdf, 0xd8, 0xc0, 0x1f,
    0xcc, 0xc0, 0xc, 0x6a, 0x1, 0xdc, 0x1, 0xd0,
    0xe0, 0x1f, 0xfc, 0xb6, 0x90, 0xe, 0xe0, 0xf,
    0x14, 0x80, 0x74, 0x48, 0x7, 0xff, 0x26, 0x64,
    0x1, 0xd2, 0x40, 0x1f, 0x33, 0x80, 0x73, 0x6a,
    0x0, 0x7f, 0xf1, 0x53, 0x58, 0x3, 0x99, 0x80,
    0x1f, 0xd0, 0xa0, 0x1c, 0x57, 0x88, 0x1, 0xff,
    0xc1, 0x4c, 0xb2, 0x0, 0xe5, 0x90, 0xf, 0xfa,
    0x9c, 0x3, 0xc7, 0x7f, 0x4c, 0x62, 0x1, 0x9,
    0xb5, 0x7d, 0x98, 0x7, 0x9a, 0x80, 0x3f, 0xf8,
    0x31, 0x20, 0x1f, 0x96, 0x73, 0xbf, 0xee, 0xc9,
    0x50, 0xf, 0xd3, 0x20, 0xf, 0xfe, 0x1b, 0x6a,
    0x0, 0x7f, 0xf2, 0xcf, 0x58, 0x3, 0xff, 0x8a,
    0x57, 0x46, 0x1, 0xff, 0xc7, 0x2a, 0xc2, 0x0,
    0xff, 0xe4, 0x2e, 0x5a, 0x80, 0x7f, 0xf0, 0xd6,
    0xf5, 0x40, 0x3f, 0xf9, 0x89, 0x5f, 0x70, 0xa4,
    0x20, 0x10, 0x92, 0xc5, 0xfd, 0x20, 0x7, 0xff,
    0x4,

    /* U+00AA "ª" */
    0x0, 0xe5, 0xbe, 0xff, 0x6d, 0x20, 0x7, 0xe2,
    0xda, 0x41, 0x0, 0x12, 0xde, 0x10, 0x7, 0x16,
    0x10, 0x7, 0xe3, 0xc2, 0x0, 0xde, 0x20, 0x1f,
    0xe1, 0x90, 0x9, 0x48, 0x3, 0xff, 0x80, 0x86,
    0x0, 0xc0, 0xe, 0x6e, 0xd3, 0x0, 0xe4, 0x0,
    0x70, 0x8e, 0x39, 0x12, 0xf0, 0xe, 0xe0, 0x3,
    0xf7, 0x6c, 0x0, 0x8c, 0x3, 0xff, 0xa2, 0xb5,
    0xbd, 0xff, 0x0, 0x7f, 0x27, 0x52, 0x90, 0x80,
    0x7f, 0xc7, 0x62, 0x1, 0xff, 0xc3, 0x80, 0xf,
    0xfe, 0x2a, 0x0, 0x74, 0xf7, 0xf8, 0x3, 0xe2,
    0x0, 0xe5, 0x61, 0x0, 0xfe, 0x10, 0xe, 0x30,
    0x8, 0xc0, 0x3e, 0x10, 0xe, 0x73, 0x3, 0xe0,
    0xf, 0x88, 0x3, 0x87, 0x3f, 0x8, 0x3, 0xf1,
    0x80, 0x7f, 0xf1, 0x60, 0x3, 0xff, 0x8a, 0x94,
    0x1, 0xff, 0xc5, 0x5e, 0x73, 0x0, 0xb, 0x73,
    0x2a, 0xea, 0x0, 0xc3, 0x19, 0xfe, 0xe9, 0x19,
    0xaa, 0xc6, 0x1, 0xff, 0xd9, 0x2f, 0xff, 0xfe,
    0x1f, 0x3, 0x0, 0x7f, 0xf0, 0xc4, 0x40, 0x1f,
    0xfc, 0x66, 0x0, 0xff, 0xe1, 0x88, 0x80,

    /* U+00AB "«" */
    0x0, 0xe2, 0xef, 0xff, 0x18, 0x17, 0x7f, 0xf8,
    0xc0, 0x3a, 0x44, 0x3, 0x88, 0xc2, 0x4, 0x3,
    0x88, 0xc0, 0x31, 0xa0, 0x7, 0xa4, 0x9, 0x40,
    0x3d, 0x0, 0x1d, 0xe0, 0x1e, 0x34, 0x9, 0x0,
    0xf1, 0xa8, 0x6, 0x43, 0x0, 0xf7, 0x81, 0xa0,
    0x7, 0xa0, 0x3, 0xa0, 0x3, 0xc8, 0x61, 0xe0,
    0x1e, 0x44, 0x0, 0x65, 0x30, 0xf, 0x48, 0x21,
    0x80, 0x7a, 0x40, 0x3a, 0x0, 0x3c, 0xc4, 0x12,
    0x1, 0xe5, 0x20, 0xc, 0xc4, 0x1, 0xe8, 0x5,
    0x20, 0xf, 0x58, 0x7, 0x40, 0x7, 0x9c, 0x42,
    0x0, 0x3c, 0xe2, 0x1, 0x90, 0x40, 0x3d, 0x40,
    0x64, 0x1, 0xea, 0x0, 0xe4, 0x10, 0xf, 0x50,
    0x18, 0x80, 0x7a, 0x80, 0x3d, 0x0, 0x1e, 0x71,
    0x8, 0x0, 0xf3, 0x88, 0x7, 0x31, 0x0, 0x7a,
    0x1, 0x88, 0x3, 0xd0, 0x1, 0xe8, 0x0, 0xf3,
    0x10, 0x48, 0x7, 0x98, 0x80, 0x39, 0x4c, 0x3,
    0xd2, 0x8, 0x60, 0x1e, 0x90, 0xf, 0x40, 0x7,
    0x90, 0xc3, 0xc0, 0x3c, 0x86, 0x1, 0xc8, 0x60,
    0x1e, 0xf0, 0x34, 0x0, 0xf7, 0x80, 0x7b, 0xc0,
    0x3c, 0x68, 0x10, 0x1, 0xe3, 0x50, 0xe, 0x34,
    0x0, 0xf4, 0x81, 0xa8, 0x7, 0xa0, 0x3, 0xd2,
    0x20, 0x1c, 0x46, 0x10, 0x20, 0x1c, 0x46,

    /* U+00AC "¬" */
    0x5f, 0xff, 0xfe, 0x5c, 0xe8, 0x7, 0xff, 0x2c,
    0x80, 0x3f, 0xff, 0xe0, 0x1f, 0xfc, 0xdd, 0x0,
    0xff, 0xe6, 0x2f, 0xff, 0xff, 0x14, 0x3, 0xc2,
    0x1, 0xff, 0xff, 0x0, 0xff, 0xef, 0xd4, 0x47,
    0x80,

    /* U+00AD "­" */
    0x16, 0x6f, 0xfe, 0x22, 0x3, 0x4c, 0xff, 0xf1,
    0x2c, 0x3c, 0x3, 0xff, 0xfe, 0x1, 0xff, 0xc7,
    0xd0, 0xf, 0xfe, 0x21, 0x0,

    /* U+00AE "®" */
    0x0, 0xfc, 0x2d, 0x5b, 0xfe, 0xed, 0xa6, 0x10,
    0xf, 0xfe, 0x10, 0xcf, 0x4a, 0x90, 0x0, 0x49,
    0x67, 0xa4, 0x40, 0x3f, 0xe5, 0xe6, 0x0, 0xff,
    0x9b, 0xd4, 0x3, 0xf9, 0xe8, 0x3, 0xff, 0x84,
    0x34, 0xe0, 0x1f, 0x34, 0x0, 0x62, 0x8c, 0xff,
    0x76, 0x41, 0x0, 0x68, 0x50, 0xe, 0x29, 0x0,
    0xd3, 0xae, 0x60, 0x1, 0x37, 0xd8, 0x0, 0xd4,
    0x40, 0x1a, 0x40, 0x21, 0xd6, 0x0, 0xfe, 0x7c,
    0x0, 0xd2, 0x1, 0x1a, 0x0, 0x5a, 0x40, 0x3f,
    0xfd, 0x86, 0x0, 0x3b, 0x0, 0x90, 0x80, 0x16,
    0x1, 0x39, 0x80, 0x8, 0x3, 0x8f, 0xc, 0x0,
    0x8c, 0x1, 0x50, 0x1, 0x40, 0x29, 0x0, 0xf2,
    0x6c, 0x0, 0x20, 0x2, 0xb0, 0x9, 0x0, 0x4,
    0x0, 0x31, 0x0, 0xf0, 0x93, 0x80, 0x18, 0x2,
    0x22, 0x0, 0xc, 0x4, 0x2, 0x60, 0xf, 0x9d,
    0xd6, 0x0, 0x70, 0xc, 0xe0, 0x1f, 0x8c, 0x3,
    0xe2, 0x84, 0x0, 0x48, 0x7, 0xe1, 0x10, 0x4,
    0x40, 0x1f, 0x8, 0x80, 0x14, 0x60, 0x18, 0x40,
    0x21, 0x1, 0x0, 0x30, 0x7, 0xc9, 0x0, 0xc,
    0x0, 0xe5, 0x0, 0x8, 0x1, 0x40, 0x4, 0x40,
    0xf, 0x9c, 0x0, 0xc0, 0x18, 0xc4, 0x0, 0xa0,
    0xc, 0x0, 0xac, 0x3, 0xe1, 0x40, 0x2, 0x80,
    0x52, 0x1, 0x68, 0x1, 0x80, 0x26, 0x30, 0x1,
    0x19, 0x60, 0x79, 0x10, 0xc0, 0x8, 0xa0, 0x13,
    0x80, 0x5, 0x80, 0x2d, 0x20, 0x1c, 0xd6, 0x4,
    0xdd, 0x30, 0x1d, 0x80, 0x4c, 0x20, 0x14, 0x8,
    0x0, 0x75, 0x40, 0x3f, 0x9b, 0x0, 0x21, 0x80,
    0xc, 0x36, 0x1, 0xab, 0x5c, 0xc4, 0x4, 0xdf,
    0x64, 0x3, 0x50, 0x80, 0x72, 0xc8, 0x6, 0x28,
    0xce, 0xfe, 0xc8, 0x20, 0xd, 0x48, 0x1, 0xf3,
    0x58, 0x80, 0x7f, 0xf0, 0x46, 0xd4, 0x3, 0xf9,
    0x3d, 0x80, 0x3f, 0xe7, 0xf4, 0x0, 0xff, 0x86,
    0x7a, 0x54, 0x80, 0x22, 0x5a, 0xe8, 0x10, 0xf,
    0x0,

    /* U+00AF "¯" */
    0x5f, 0xff, 0xfe, 0x7, 0x9, 0x0, 0x7f, 0xf0,
    0x4, 0xc0, 0x3f, 0xfc, 0x24, 0x1, 0xff, 0xc0,
    0x13,

    /* U+00B0 "°" */
    0x0, 0xf9, 0xab, 0x7f, 0xdd, 0x6e, 0x20, 0x1f,
    0xf2, 0xf4, 0xa9, 0x0, 0x5, 0x23, 0xa0, 0x3,
    0xfa, 0x68, 0x40, 0x3f, 0x9f, 0x4, 0x3, 0xd4,
    0xc0, 0x1f, 0xfc, 0x3, 0xc0, 0xe, 0x65, 0x0,
    0xff, 0xe1, 0x15, 0x0, 0x43, 0x20, 0x1c, 0x77,
    0xfe, 0xc5, 0x0, 0xe5, 0x40, 0x4, 0x80, 0x72,
    0xe2, 0x0, 0xe, 0xa0, 0x3, 0xa0, 0x0, 0xa0,
    0x18, 0x68, 0x3, 0xce, 0x80, 0x18, 0xc4, 0x8,
    0x3, 0x38, 0x7, 0xed, 0x0, 0xe5, 0x10, 0xe,
    0xe0, 0xf, 0xc4, 0x1, 0xc2, 0x1, 0xee, 0x0,
    0xfc, 0x40, 0x1e, 0x10, 0xe, 0x70, 0xf, 0xda,
    0x1, 0xc2, 0x6, 0x1, 0x86, 0x80, 0x3c, 0xc8,
    0x1, 0xca, 0x16, 0x1, 0xcb, 0x88, 0x0, 0x3a,
    0x90, 0xe, 0x41, 0x6, 0x0, 0xf1, 0xdf, 0xfb,
    0x14, 0x3, 0xde, 0x0, 0x19, 0x0, 0xff, 0xe2,
    0x2a, 0x0, 0x4c, 0xc0, 0xf, 0xfe, 0x11, 0x50,
    0x7, 0x4b, 0x0, 0x7f, 0xf0, 0xf, 0x0, 0x3e,
    0x9a, 0x10, 0xf, 0xe7, 0xc1, 0x0, 0xfc, 0xbd,
    0x2a, 0x20, 0x1, 0x48, 0xe8, 0x0, 0xe0,

    /* U+00B1 "±" */
    0x0, 0xfe, 0x8f, 0xfe, 0xb0, 0xf, 0xfe, 0x31,
    0x80, 0x73, 0x0, 0x7f, 0xff, 0xc0, 0x3f, 0xff,
    0xe0, 0x1f, 0xfc, 0xc3, 0x0, 0xfe, 0x5f, 0xff,
    0xc8, 0x1, 0xc3, 0xff, 0xfa, 0x74, 0x3, 0xff,
    0x96, 0x40, 0x1f, 0xff, 0xfe, 0x0, 0xff, 0xe5,
    0x93, 0x7f, 0xfe, 0x40, 0xe, 0x1f, 0xff, 0xd2,
    0x1, 0xff, 0xc3, 0x30, 0xf, 0xff, 0xf8, 0x7,
    0xff, 0xfc, 0x3, 0xff, 0x8c, 0x60, 0x1c, 0xc0,
    0x1f, 0xfc, 0x68, 0xff, 0xeb, 0x0, 0xff, 0xff,
    0x80, 0x7f, 0xf5, 0x97, 0xff, 0xff, 0x97, 0x1a,
    0x1, 0xff, 0xcb, 0x30, 0xf, 0xff, 0xf8, 0x7,
    0xff, 0x37, 0x40, 0x3f, 0xf9, 0x64,

    /* U+00B2 "²" */
    0x0, 0xc7, 0x3b, 0xfe, 0xeb, 0x60, 0xf, 0xa7,
    0x18, 0x80, 0x2, 0x93, 0xc6, 0x1, 0xa9, 0x80,
    0x3f, 0xe, 0x10, 0x1, 0x54, 0x1, 0xff, 0x48,
    0x2, 0x40, 0x3f, 0xf8, 0x8, 0x20, 0x60, 0x18,
    0x73, 0x90, 0x3, 0x90, 0x80, 0x39, 0x8c, 0x7c,
    0x3, 0x8c, 0x40, 0x3b, 0xc0, 0xc, 0x1, 0xc2,
    0x40, 0x1c, 0x40, 0x6, 0x0, 0xe1, 0x17, 0xff,
    0x28, 0x3, 0x40, 0x38, 0xc0, 0x3f, 0x98, 0x3,
    0x90, 0x3, 0xf4, 0x0, 0x71, 0x88, 0x7, 0xc4,
    0xe0, 0x1d, 0x40, 0x1f, 0xb8, 0x3, 0x89, 0x80,
    0x3e, 0x93, 0x0, 0xe9, 0x0, 0xf9, 0x58, 0x3,
    0x99, 0x0, 0x3c, 0x74, 0x1, 0xc5, 0x20, 0x1e,
    0x1d, 0x0, 0xf7, 0x0, 0x7d, 0xa2, 0x1, 0xd0,
    0x60, 0x1e, 0x93, 0x0, 0xe5, 0x70, 0xf, 0x3b,
    0x0, 0x70, 0xd0, 0x7, 0xd0, 0x1, 0xe1, 0xff,
    0xf6, 0x8, 0x7, 0xff, 0x8, 0xc0, 0x3f, 0xfa,
    0x82, 0x20, 0xf, 0xfe, 0x9, 0x80,

    /* U+00B3 "³" */
    0x9, 0xff, 0xff, 0xe0, 0x70, 0x1, 0x40, 0x3f,
    0xf8, 0x2, 0x40, 0x1f, 0xfd, 0x55, 0x0, 0xff,
    0xe0, 0x98, 0x4f, 0xff, 0x90, 0x3, 0x98, 0x40,
    0x3e, 0x94, 0x0, 0xc7, 0x20, 0x1f, 0x3b, 0x0,
    0x61, 0xd0, 0xf, 0x96, 0x0, 0x3b, 0x44, 0x3,
    0xc9, 0x40, 0x1c, 0x86, 0x1, 0xf5, 0x0, 0x79,
    0x34, 0x80, 0x3d, 0x20, 0x1f, 0x17, 0x80, 0x79,
    0xdc, 0x1, 0xf1, 0x30, 0x7, 0xa2, 0xb7, 0xd4,
    0x3, 0x50, 0x7, 0xca, 0x41, 0x0, 0x18, 0xc0,
    0x3f, 0xc4, 0x1, 0xc4, 0x1, 0xfe, 0x10, 0xc,
    0xc0, 0x68, 0x91, 0x80, 0x7f, 0x8f, 0x2e, 0xec,
    0x40, 0x8, 0x40, 0x3f, 0xe2, 0x0, 0x10, 0x7,
    0x38, 0x80, 0x76, 0x80, 0x10, 0x3, 0x88, 0x80,
    0x1c, 0x97, 0x32, 0x0, 0xe1, 0x5, 0x0, 0xe4,
    0x60, 0xe, 0x50, 0x4, 0x0, 0x7f, 0xf0, 0x24,
    0x0, 0x56, 0x1, 0xfe, 0x93, 0x0, 0x93, 0x50,
    0x3, 0xc5, 0x6c, 0x1, 0xc5, 0x7d, 0x51, 0x9,
    0xdd, 0x20, 0x4,

    /* U+00B4 "´" */
    0x0, 0xc8, 0xcd, 0xe0, 0xc, 0x97, 0x33, 0xd0,
    0x20, 0x14, 0x80, 0x7a, 0x84, 0x1, 0x4, 0x1,
    0xce, 0x80, 0x2, 0x70, 0xe, 0x48, 0x0, 0xa4,
    0x3, 0x8a, 0x80, 0x25, 0x40, 0xe, 0xe1, 0x0,
    0xb8, 0x3, 0xa8, 0xc0, 0x30,

    /* U+00B5 "µ" */
    0x7f, 0xff, 0xb8, 0x3, 0x87, 0xbf, 0xfe, 0x6d,
    0x0, 0xf8, 0x44, 0x1, 0x88, 0x40, 0x3e, 0xe0,
    0xf, 0xff, 0xf8, 0x7, 0xff, 0xfc, 0x3, 0xff,
    0xfe, 0x1, 0xff, 0xff, 0x0, 0xff, 0xff, 0x80,
    0x7f, 0xff, 0xc0, 0x3f, 0xfb, 0x64, 0x1, 0x98,
    0x3, 0xff, 0x8d, 0x60, 0x1b, 0x80, 0x3f, 0xf8,
    0xce, 0xa0, 0x7, 0x40, 0xf, 0xfe, 0x3d, 0x7f,
    0xa0, 0x3, 0xff, 0xfe, 0x1, 0xff, 0xe1, 0x90,
    0xf, 0xfe, 0x49, 0x63, 0x80, 0x7e, 0xe0, 0xf,
    0xe6, 0x9c, 0xd3, 0x1f, 0xff, 0xcc, 0x1, 0xfd,
    0xc, 0x60, 0x1f, 0xff, 0xf0, 0xf, 0xff, 0xf8,
    0x7, 0xff, 0xfc, 0x2, 0xd0, 0xf, 0x84, 0x40,
    0x1f, 0xfc, 0x20,

    /* U+00B6 "¶" */
    0x0, 0xfc, 0xd5, 0xbf, 0xff, 0xfc, 0x4e, 0x0,
    0xf9, 0xfe, 0x54, 0x80, 0x3f, 0xf8, 0x82, 0x40,
    0x18, 0x72, 0x0, 0x3f, 0xf9, 0xa3, 0x86, 0x1,
    0xff, 0xce, 0xc2, 0x0, 0xff, 0xe7, 0x41, 0x0,
    0x7f, 0xf3, 0x85, 0xc0, 0x3f, 0xf9, 0xf2, 0x1,
    0xff, 0xc3, 0x59, 0x93, 0x0, 0x7f, 0x30, 0x7,
    0xff, 0xf, 0xd9, 0x96, 0x1, 0xf8, 0xc4, 0x3,
    0xff, 0x9e, 0xa0, 0x1f, 0xfd, 0xf, 0x0, 0xff,
    0xe8, 0x10, 0x7, 0xff, 0xfc, 0x3, 0xfe, 0x10,
    0xf, 0xfe, 0x81, 0x80, 0x7f, 0xf4, 0x38, 0x3,
    0xff, 0xa0, 0x60, 0x1f, 0xfd, 0x4, 0x0, 0xff,
    0xe8, 0xa8, 0x7, 0xff, 0x42, 0x40, 0x3f, 0xfa,
    0x6, 0xa0, 0x1f, 0xfd, 0x8, 0x10, 0xf, 0xfe,
    0x79, 0x50, 0x7, 0xff, 0x41, 0x2c, 0x3, 0xff,
    0xa0, 0x9a, 0x80, 0x1f, 0xfc, 0xf2, 0xbc, 0x61,
    0x0, 0xff, 0xe7, 0x1c, 0xf0, 0x7, 0xff, 0xfc,
    0x3, 0xff, 0xfe, 0x1, 0xff, 0xff, 0x0, 0xff,
    0xff, 0x80, 0x7f, 0xff, 0xc0, 0x3f, 0xff, 0xe0,
    0x1f, 0xff, 0xf0, 0xf, 0xff, 0xf8, 0x7, 0xff,
    0xfc, 0x3, 0xff, 0xfe, 0x1, 0xff, 0xca, 0x30,
    0xf, 0xf5, 0xcc, 0xf9, 0x40, 0x5, 0x53, 0x3d,
    0x42,

    /* U+00B7 "·" */
    0x0, 0x2e, 0x7f, 0xb1, 0x40, 0x29, 0xa3, 0x0,
    0x1d, 0x48, 0x23, 0x0, 0x79, 0x97, 0xc0, 0x3f,
    0x73, 0x0, 0x7e, 0x60, 0xf, 0xf3, 0x80, 0x7e,
    0x6e, 0x0, 0xfd, 0xe8, 0xe0, 0x1e, 0x74, 0x8,
    0xa3, 0x0, 0x1d, 0x40, 0x0,

    /* U+00B8 "¸" */
    0xb, 0xff, 0xd4, 0x1, 0xa4, 0x40, 0x25, 0x80,
    0x8, 0xb4, 0x3, 0x39, 0x80, 0x46, 0xa0, 0x1b,
    0xc0, 0x37, 0x0, 0x63, 0x10, 0x9, 0xc0, 0x39,
    0x40, 0x29, 0x0, 0xe2, 0x1c, 0xe5, 0x0, 0xe2,
    0x53, 0x10, 0xf, 0x29, 0x0, 0x7c, 0x83, 0xc0,
    0x1e, 0x1a, 0xb, 0x52, 0x1, 0x38, 0xe1, 0x0,

    /* U+00B9 "¹" */
    0x2, 0xbf, 0xfe, 0x71, 0xd4, 0x0, 0xed, 0x30,
    0xf, 0xfe, 0x29, 0x80, 0x7e, 0x1e, 0xe0, 0x7,
    0xc2, 0x20, 0xf, 0xff, 0xf8, 0x7, 0xff, 0xfc,
    0x3, 0xff, 0x92, 0x40, 0x1b, 0x40,

    /* U+00BA "º" */
    0x0, 0xe5, 0xad, 0xff, 0x75, 0xb0, 0x7, 0xe2,
    0xda, 0x52, 0x0, 0xa, 0x4f, 0x20, 0x7, 0x16,
    0x90, 0x7, 0xe1, 0xb4, 0x0, 0xde, 0x1, 0xff,
    0xc0, 0xa0, 0x9, 0x8, 0x3, 0xff, 0x80, 0x2c,
    0x0, 0xc0, 0xe, 0x3d, 0xe5, 0x0, 0xec, 0x0,
    0x10, 0x7, 0x71, 0xd, 0x0, 0x73, 0x0, 0x4,
    0x3, 0x88, 0x2, 0x30, 0xf, 0xff, 0xf8, 0x7,
    0xff, 0xb8, 0x40, 0x38, 0x80, 0x23, 0x0, 0xf8,
    0xc0, 0x3b, 0x88, 0x68, 0x3, 0x98, 0x1, 0xa0,
    0x1c, 0x7b, 0xca, 0x1, 0xd8, 0x0, 0x42, 0x0,
    0xff, 0xe0, 0xb, 0x0, 0x5c, 0x1, 0xff, 0xc0,
    0xb0, 0xc, 0x78, 0x20, 0x1f, 0x86, 0x94, 0x3,
    0x8f, 0xa5, 0x4, 0x0, 0x29, 0x1e, 0xa0, 0x1f,
    0x9a, 0xfb, 0xfd, 0xd6, 0xe2, 0x1, 0xff, 0xdd,
    0xdf, 0xff, 0xfe, 0x19, 0x1, 0x0, 0x7f, 0xf0,
    0xd8, 0x3, 0xff, 0x8e, 0x40, 0x1f, 0xfc, 0x36,

    /* U+00BB "»" */
    0xcf, 0xff, 0x40, 0x2, 0xff, 0xfd, 0x0, 0x1d,
    0x40, 0x1e, 0x72, 0xd, 0x0, 0xf3, 0x90, 0x6,
    0x62, 0x0, 0xf4, 0x3, 0x10, 0x7, 0xa4, 0x3,
    0xa0, 0x3, 0xca, 0x41, 0x20, 0x1e, 0x43, 0x0,
    0xca, 0x60, 0x1e, 0x90, 0x44, 0x0, 0x7a, 0x0,
    0x3a, 0x0, 0x3c, 0x86, 0x10, 0x1, 0xe4, 0x40,
    0x6, 0x44, 0x0, 0x7b, 0xc0, 0xd4, 0x3, 0xd0,
    0x1, 0xd2, 0x1, 0xe3, 0x40, 0x80, 0xf, 0x1a,
    0x80, 0x62, 0x60, 0xf, 0x40, 0x13, 0x0, 0x7a,
    0x0, 0x3a, 0x0, 0x3c, 0x6a, 0x10, 0x1, 0xe2,
    0x60, 0xc, 0x2a, 0x1, 0xef, 0x1, 0x50, 0xf,
    0x68, 0x6, 0x15, 0x0, 0xf7, 0x80, 0xa8, 0x7,
    0xb4, 0x3, 0x40, 0x7, 0x89, 0x42, 0x0, 0x3c,
    0x4c, 0x1, 0x13, 0x0, 0x7a, 0x40, 0x98, 0x3,
    0xd0, 0x1, 0xa4, 0x3, 0xc6, 0x81, 0x0, 0x1e,
    0x35, 0x0, 0x8d, 0x0, 0x3d, 0xe0, 0x6a, 0x1,
    0xe8, 0x0, 0xde, 0x1, 0xe4, 0x30, 0x80, 0xf,
    0x1a, 0x0, 0x4a, 0x60, 0x1e, 0x90, 0x44, 0x0,
    0x7b, 0xc0, 0x34, 0x0, 0x79, 0x48, 0x24, 0x3,
    0xc8, 0x60, 0x13, 0x10, 0x7, 0xa0, 0x18, 0x80,
    0x3d, 0x20, 0x1a, 0x80, 0x3c, 0xe4, 0x1a, 0x1,
    0xe6, 0x20, 0xc,

    /* U+00BC "¼" */
    0x2, 0xbf, 0xfe, 0x70, 0xf, 0xfe, 0x46, 0x7f,
    0xf1, 0x0, 0x7e, 0x1d, 0x40, 0xe, 0xd0, 0xf,
    0xfe, 0x3b, 0x98, 0x6, 0x32, 0x0, 0xfc, 0x60,
    0x1f, 0xfc, 0xe1, 0x80, 0xe, 0xe0, 0xf, 0xfe,
    0xc5, 0x0, 0x73, 0x90, 0x7, 0xf1, 0x80, 0x7f,
    0xf3, 0x51, 0x0, 0x18, 0x60, 0x3, 0xfc, 0x3d,
    0xc0, 0xf, 0xfe, 0x5c, 0x80, 0x75, 0x80, 0x7f,
    0xf0, 0x4, 0x40, 0x1f, 0xfc, 0xa8, 0x20, 0xc,
    0x8a, 0x1, 0xff, 0xd7, 0x27, 0x0, 0xe9, 0x0,
    0xff, 0xec, 0x48, 0x7, 0x39, 0x0, 0x7f, 0xf5,
    0xd5, 0x0, 0x31, 0x40, 0x7, 0xff, 0x62, 0xc0,
    0x3a, 0x40, 0x3f, 0xfb, 0x10, 0x20, 0x19, 0x10,
    0x1, 0xff, 0xd7, 0x27, 0x0, 0xe9, 0x0, 0xff,
    0xec, 0x48, 0x7, 0x41, 0x0, 0x7f, 0xf5, 0xd5,
    0x0, 0x31, 0x38, 0x7, 0xff, 0x62, 0xc0, 0x3a,
    0x40, 0x3f, 0xfb, 0x12, 0x20, 0x19, 0x50, 0x3,
    0xff, 0xae, 0x4c, 0x1, 0xd6, 0x1, 0xcd, 0xff,
    0xca, 0x1, 0xff, 0xcc, 0xe0, 0xe, 0x81, 0x0,
    0xea, 0x0, 0xe6, 0x0, 0xff, 0xe5, 0xb1, 0x80,
    0x62, 0x70, 0xe, 0x13, 0x0, 0xc2, 0x60, 0x1f,
    0xfc, 0xa1, 0x80, 0xe, 0xe0, 0xf, 0x30, 0x7,
    0x38, 0x7, 0xff, 0x2e, 0x4, 0x3, 0x29, 0x80,
    0x7a, 0xc0, 0x3b, 0x40, 0x3f, 0xf9, 0x46, 0xc0,
    0x1d, 0x60, 0x1e, 0x13, 0x0, 0xe4, 0x0, 0xff,
    0xe5, 0x78, 0x7, 0x48, 0x80, 0x79, 0xc0, 0x39,
    0x0, 0x3f, 0xf9, 0x4c, 0x60, 0x18, 0xd8, 0x3,
    0xed, 0x0, 0xed, 0x0, 0xff, 0x88, 0x3, 0x68,
    0x6, 0x18, 0x0, 0xef, 0x0, 0xf8, 0x50, 0x3,
    0x9c, 0x3, 0xfe, 0xdf, 0xfc, 0xe0, 0x1a, 0x4,
    0x3, 0x31, 0x80, 0x7c, 0xe0, 0x1c, 0x62, 0x1,
    0xff, 0xc8, 0x36, 0x0, 0xc3, 0x0, 0x1f, 0xb4,
    0x3, 0x90, 0x1b, 0xff, 0x70, 0x7, 0xff, 0xb,
    0x80, 0x3a, 0x4, 0x3, 0xf2, 0x0, 0x75, 0x87,
    0x0, 0x61, 0x10, 0x7, 0xff, 0x1, 0xc8, 0x3,
    0x1b, 0x0, 0x7e, 0x50, 0xe, 0x13, 0x0, 0xff,
    0xe3, 0x8c, 0x0, 0x77, 0x80, 0x7f, 0x78, 0x7,
    0x38, 0x7, 0xff, 0x22, 0xc0, 0x39, 0x8c, 0x3,
    0xf9, 0x40, 0x3b, 0x0, 0x2, 0x1, 0xff, 0xc4,
    0x45, 0x0, 0xc3, 0x20, 0x1f, 0xc8, 0x1, 0xea,
    0xff, 0x30, 0x7, 0x75, 0x80, 0x7f, 0x48, 0x7,
    0x58, 0x7, 0xf8, 0x80, 0x3f, 0xf8, 0x8a, 0x1,
    0xf9, 0xc8, 0x3, 0x1a, 0x80, 0x7f, 0xf5, 0xc6,
    0x0, 0x3b, 0x80, 0x3f, 0xfb, 0x16, 0x1, 0xce,
    0x40, 0x1f, 0xf1, 0x0, 0x7f, 0xf1, 0x14, 0x3,
    0xc8, 0xa0, 0x18, 0x60, 0x3, 0xff, 0x80, 0x9f,
    0xff, 0xcc, 0x1, 0xdd, 0x60, 0x1e, 0x90, 0xe,
    0xb0, 0xf, 0xfe, 0x58, 0x80, 0x7f, 0xf0, 0x1c,
    0x80, 0x32, 0x28, 0x7, 0xff, 0x5c, 0xa0, 0x3,
    0xa4, 0x3, 0xff, 0xb1, 0x20, 0x1c, 0xe4, 0x1,
    0xff, 0xd7, 0x24, 0x0, 0xc5, 0x0, 0x1f, 0xfc,
    0xde, 0x0, 0xc2, 0x20,

    /* U+00BD "½" */
    0x2, 0xbf, 0xfe, 0x70, 0xf, 0xfe, 0x46, 0x7f,
    0xf1, 0x0, 0x7c, 0x3a, 0x80, 0x1d, 0xa0, 0x1f,
    0xfc, 0x77, 0x30, 0xc, 0x64, 0x1, 0xf1, 0x80,
    0x7f, 0xf3, 0x86, 0x0, 0x3b, 0x80, 0x3f, 0xfa,
    0xf4, 0x1, 0xce, 0x40, 0x1f, 0x8c, 0x3, 0xff,
    0x9a, 0x88, 0x0, 0xc3, 0x0, 0x1f, 0xc3, 0xdc,
    0x0, 0xff, 0xe5, 0xc8, 0x7, 0x58, 0x7, 0xfc,
    0x22, 0x0, 0xff, 0xe5, 0x41, 0x0, 0x64, 0x50,
    0xf, 0xfe, 0xb1, 0x38, 0x7, 0x48, 0x7, 0xff,
    0x5e, 0x40, 0x39, 0xc8, 0x3, 0xff, 0xac, 0xa8,
    0x1, 0x8a, 0x0, 0x3f, 0xfa, 0xf6, 0x1, 0xd2,
    0x1, 0xff, 0xd7, 0x81, 0x0, 0xc8, 0x80, 0xf,
    0xfe, 0xb1, 0x38, 0x7, 0x48, 0x7, 0xff, 0x5e,
    0x40, 0x3a, 0x8, 0x3, 0xff, 0xac, 0xa8, 0x1,
    0x89, 0xc0, 0x3f, 0xfa, 0xf6, 0x1, 0xd2, 0x1,
    0xff, 0xd7, 0x91, 0x0, 0xca, 0x80, 0x1f, 0xfd,
    0x62, 0x60, 0xe, 0xb0, 0xc, 0x2f, 0x9d, 0xfd,
    0x90, 0x40, 0x1f, 0xfc, 0xae, 0x0, 0xe8, 0x10,
    0x9, 0x7a, 0xc, 0x40, 0x4d, 0xf5, 0xc0, 0x3f,
    0xf9, 0xc, 0x60, 0x18, 0x9c, 0x2, 0x5a, 0x0,
    0xfe, 0x87, 0x0, 0xff, 0xe3, 0xc, 0x0, 0x77,
    0x0, 0x43, 0x60, 0x1f, 0xf4, 0x8, 0x7, 0xff,
    0x16, 0x4, 0x3, 0x29, 0x80, 0x4e, 0x20, 0x1f,
    0xfc, 0x6, 0x0, 0xff, 0xe2, 0x1b, 0x0, 0x75,
    0x80, 0x6c, 0x0, 0xe8, 0xf8, 0x0, 0xed, 0x0,
    0xff, 0xe2, 0x78, 0x7, 0x48, 0x80, 0x66, 0x0,
    0xc2, 0xe0, 0xe2, 0x1, 0x98, 0x3, 0xff, 0x86,
    0xc6, 0x1, 0x8d, 0x80, 0x38, 0x40, 0x31, 0x0,
    0x46, 0x1, 0x84, 0x3, 0x10, 0x6, 0xd0, 0xc,
    0x30, 0x1, 0xde, 0x1, 0xe6, 0x0, 0xcc, 0x1,
    0x10, 0x6, 0x10, 0xd, 0xbf, 0xf9, 0xc0, 0x34,
    0x8, 0x6, 0x63, 0x0, 0xf5, 0xff, 0xea, 0x0,
    0x18, 0x7, 0x30, 0x7, 0xff, 0x4, 0xd8, 0x3,
    0xc, 0x0, 0x7f, 0xf0, 0xe4, 0x3, 0xb4, 0x3,
    0xff, 0x83, 0xc0, 0x1d, 0x2, 0x1, 0xff, 0xc2,
    0x35, 0x0, 0xe5, 0x0, 0xff, 0xe0, 0x39, 0x0,
    0x63, 0x60, 0xf, 0xfe, 0x1f, 0x80, 0x72, 0x10,
    0x7, 0xfc, 0x30, 0x1, 0xde, 0x1, 0xff, 0xc3,
    0x73, 0x0, 0xe8, 0x0, 0xff, 0xe0, 0x58, 0x7,
    0x31, 0x80, 0x7f, 0xf0, 0x92, 0x0, 0x39, 0x8c,
    0x3, 0xfe, 0x45, 0x0, 0xc3, 0x20, 0x1f, 0xfc,
    0x21, 0xa0, 0xe, 0x19, 0x0, 0xff, 0xe0, 0x48,
    0x7, 0x58, 0x7, 0xff, 0xf, 0x44, 0x3, 0xa8,
    0x3, 0xff, 0x80, 0xe4, 0x1, 0x8d, 0x40, 0x3f,
    0xf8, 0x52, 0x60, 0x1c, 0xe8, 0x1, 0xff, 0xc,
    0x0, 0x77, 0x0, 0x7f, 0xf0, 0x9d, 0x80, 0x38,
    0xe0, 0x3, 0xff, 0x81, 0x60, 0x1c, 0xe4, 0x1,
    0xff, 0xc1, 0x48, 0x0, 0xe1, 0xd0, 0xf, 0xfe,
    0x2, 0x28, 0x6, 0x18, 0x0, 0xff, 0xe0, 0x95,
    0x80, 0x7a, 0x84, 0x3, 0xff, 0x81, 0x20, 0x1d,
    0x60, 0x1f, 0xfc, 0x28, 0x0, 0xfa, 0xff, 0xfc,
    0x40, 0x1c, 0xe4, 0x1, 0x91, 0x40, 0x3f, 0xf8,
    0x42, 0x1, 0xff, 0xc2, 0x60, 0xc, 0x50, 0x1,
    0xd2, 0x1, 0xff, 0xd7, 0x90, 0xe, 0x72, 0x0,
    0xff, 0xeb, 0x12, 0x0, 0x62, 0x80, 0xf, 0xfe,
    0x21, 0x0, 0x7f, 0xf0, 0x98,

    /* U+00BE "¾" */
    0x9, 0xff, 0xff, 0xe0, 0x70, 0x7, 0xff, 0x14,
    0x7b, 0xff, 0x80, 0x3f, 0xca, 0x1, 0xff, 0xc0,
    0x12, 0x0, 0xff, 0xe2, 0x50, 0x80, 0x67, 0x0,
    0xff, 0xee, 0x22, 0x0, 0x30, 0xc0, 0x7, 0xff,
    0x72, 0x40, 0x3a, 0xc0, 0x3f, 0xe5, 0x0, 0xff,
    0xe0, 0x98, 0x7, 0xff, 0xa, 0x8, 0x3, 0x22,
    0x80, 0x7f, 0xd3, 0xff, 0xe4, 0x0, 0xe6, 0x10,
    0xf, 0xfe, 0x9, 0x38, 0x7, 0x48, 0x7, 0xff,
    0x1a, 0x50, 0x3, 0x1c, 0x80, 0x7f, 0xf0, 0xa4,
    0x3, 0x9c, 0x80, 0x3f, 0xf8, 0xae, 0xc0, 0x18,
    0x74, 0x3, 0xff, 0x84, 0xa8, 0x1, 0x8a, 0x0,
    0x3f, 0xf8, 0xab, 0x0, 0x1d, 0xa2, 0x1, 0xff,
    0xc2, 0xb0, 0xe, 0x90, 0xf, 0xfe, 0x2a, 0x50,
    0x7, 0x21, 0x80, 0x7f, 0xf0, 0xa0, 0x40, 0x32,
    0xa0, 0x7, 0xff, 0x16, 0x80, 0x3c, 0x9a, 0x40,
    0x1f, 0xfc, 0x2, 0x70, 0xe, 0xb0, 0xf, 0xfe,
    0x34, 0x80, 0x7c, 0x5e, 0x1, 0xff, 0xc0, 0x90,
    0xe, 0x81, 0x0, 0xff, 0xe3, 0x3b, 0x80, 0x3e,
    0x26, 0x0, 0xff, 0x2a, 0x0, 0x62, 0x70, 0xf,
    0xfe, 0x44, 0x56, 0xfa, 0x80, 0x6a, 0x0, 0xff,
    0x58, 0x7, 0x48, 0x7, 0xff, 0x29, 0x48, 0x20,
    0x3, 0x18, 0x7, 0xf4, 0x88, 0x6, 0x54, 0x0,
    0xff, 0xe6, 0x90, 0x7, 0x10, 0x7, 0xc6, 0xc0,
    0x1d, 0x60, 0x1f, 0xfc, 0xf1, 0x0, 0xcc, 0x1,
    0xf7, 0x80, 0x74, 0x8, 0x7, 0xff, 0x18, 0xd1,
    0x23, 0x0, 0xff, 0xe2, 0x31, 0x80, 0x62, 0x70,
    0xe, 0x9f, 0xfe, 0x10, 0xf, 0x1e, 0x5d, 0xd8,
    0x80, 0x10, 0x80, 0x7f, 0x86, 0x0, 0x3b, 0x80,
    0x3c, 0xc0, 0x1c, 0x20, 0x1f, 0xfc, 0x2, 0x0,
    0x10, 0x7, 0x38, 0x7, 0x40, 0x80, 0x65, 0x30,
    0xe, 0x50, 0xe, 0x50, 0xf, 0x84, 0x3, 0xb4,
    0x0, 0x80, 0x1c, 0x40, 0x18, 0xd8, 0x3, 0xd,
    0x80, 0x7b, 0xc0, 0x3b, 0x0, 0x3e, 0x20, 0xe,
    0x4b, 0x99, 0x0, 0x70, 0x80, 0x6f, 0x0, 0xe8,
    0x10, 0xf, 0x28, 0x7, 0x38, 0x7, 0xe5, 0x0,
    0xe4, 0x60, 0xe, 0x50, 0xc, 0xc6, 0x1, 0x8d,
    0x80, 0x3c, 0x80, 0x1c, 0x62, 0x1, 0xfa, 0x0,
    0x3f, 0xf8, 0x12, 0x1, 0xc, 0x0, 0x77, 0x80,
    0x7d, 0xc0, 0x1d, 0x60, 0x1f, 0xc5, 0x60, 0x1f,
    0xe9, 0x30, 0xa, 0xc4, 0x3, 0x31, 0x80, 0x7c,
    0x80, 0x1c, 0xa0, 0x1f, 0xe4, 0xd4, 0x0, 0xf1,
    0x5b, 0x0, 0x46, 0xa0, 0x18, 0x60, 0x3, 0xe4,
    0x10, 0xc, 0x24, 0x1, 0xff, 0x15, 0xf5, 0x44,
    0x27, 0x74, 0x80, 0x1b, 0x80, 0x3a, 0x4, 0x3,
    0xed, 0x0, 0xe7, 0x0, 0xff, 0xe1, 0xa, 0xbb,
    0x98, 0x80, 0x39, 0xc8, 0x3, 0x1b, 0x0, 0x7e,
    0x70, 0xe, 0xd0, 0x9f, 0xfd, 0x60, 0x1f, 0xfc,
    0x51, 0x80, 0xe, 0xf0, 0xf, 0xc8, 0x20, 0x1c,
    0x80, 0xa0, 0x19, 0x40, 0x3f, 0xf8, 0xb6, 0x1,
    0xcc, 0x60, 0x1f, 0xb4, 0x3, 0x90, 0x3, 0xff,
    0x98, 0x8a, 0x1, 0x86, 0x40, 0x3f, 0x9c, 0x3,
    0xb4, 0x3, 0xff, 0x99, 0x20, 0x1d, 0x60, 0x1f,
    0xc6, 0x20, 0x1c, 0x80, 0x1f, 0xfc, 0xb7, 0x20,
    0xc, 0x6a, 0x1, 0xfd, 0x60, 0x1e, 0xdf, 0xf1,
    0x80, 0x61, 0xf8, 0x0, 0xff, 0xe0, 0xc, 0x0,
    0x77, 0x0, 0x7f, 0x84, 0x3, 0xff, 0x88, 0x40,
    0x1f, 0xfc, 0xb, 0x0, 0xe7, 0x20, 0xf, 0xf1,
    0x80, 0x7f, 0xf4, 0x11, 0x40, 0x30, 0xc0, 0x7,
    0xff, 0x72, 0x40, 0x3a, 0xc0, 0x3f, 0xf8, 0x1a,
    0x1, 0xff, 0xc4, 0x20, 0xf, 0xf4, 0x10, 0x6,
    0x45, 0x0, 0xff, 0xe0, 0x3f, 0xff, 0xf1, 0x80,
    0x61, 0xf8, 0x0, 0xfe, 0x27, 0x0, 0xe9, 0x0,
    0xff, 0xee, 0x48, 0x7, 0x39, 0x0, 0x7f, 0xf6,
    0xd5, 0x0, 0x31, 0x40, 0x7, 0xff, 0x72, 0xc0,
    0x3a, 0x40, 0x3f, 0xfb, 0x8a, 0x20, 0x19, 0x50,
    0x3, 0xff, 0x9a, 0xc0, 0x19, 0x40, 0x0,

    /* U+00BF "¿" */
    0x0, 0xff, 0x15, 0x77, 0xec, 0x8, 0x7, 0xff,
    0x18, 0xf1, 0x44, 0x9, 0xf0, 0x40, 0x3f, 0xf8,
    0xbc, 0x20, 0x1c, 0x56, 0x1, 0xff, 0xc4, 0x42,
    0x0, 0xf9, 0x44, 0x3, 0xff, 0x86, 0x60, 0x1f,
    0xc4, 0x1, 0xff, 0xdd, 0x20, 0xf, 0xe2, 0x0,
    0xff, 0xe1, 0xa8, 0x80, 0x7c, 0xa2, 0x1, 0xff,
    0xc4, 0xa0, 0xf, 0x15, 0x80, 0x7f, 0xf1, 0x53,
    0x54, 0x40, 0x9f, 0x4, 0x3, 0xff, 0x8c, 0x55,
    0xdf, 0xb0, 0x20, 0x1f, 0xff, 0xf0, 0xf, 0xfe,
    0x4c, 0xee, 0xfb, 0x18, 0x3, 0xff, 0x8a, 0xc4,
    0x5e, 0x3d, 0x0, 0xff, 0xef, 0x8, 0x7, 0xe1,
    0x0, 0xff, 0xe2, 0x48, 0x7, 0xe3, 0x0, 0xff,
    0xe1, 0x9b, 0x80, 0x7e, 0xe0, 0xf, 0xfe, 0x11,
    0xe8, 0x7, 0xf2, 0x80, 0x7f, 0xf0, 0x53, 0x4,
    0x3, 0xf2, 0x10, 0x7, 0xff, 0x1, 0x6c, 0x3,
    0xf8, 0x68, 0x3, 0xff, 0x80, 0xd4, 0x1, 0xfe,
    0xa1, 0x0, 0xff, 0x96, 0x40, 0x3f, 0xd4, 0x80,
    0x1f, 0xf0, 0xd0, 0x7, 0xfa, 0xd4, 0x3, 0xff,
    0x81, 0x0, 0x1f, 0xec, 0x40, 0xf, 0xfe, 0x0,
    0xb0, 0x7, 0xf6, 0x18, 0x7, 0xff, 0x5, 0xc0,
    0x3f, 0xac, 0xc0, 0x3f, 0xf8, 0x58, 0x1, 0xf9,
    0x90, 0x3, 0xff, 0x86, 0xc0, 0x1f, 0xac, 0x3,
    0xc9, 0x33, 0xf3, 0x80, 0x80, 0x7e, 0x20, 0xf,
    0x7b, 0x37, 0xd0, 0x1, 0xff, 0xcf, 0x10, 0xf,
    0xc2, 0x1, 0xe5, 0x0, 0xf8, 0x41, 0xc0, 0x3f,
    0x30, 0x7, 0x18, 0x80, 0x7c, 0x41, 0x80, 0x1f,
    0xa4, 0x80, 0x21, 0xe0, 0xf, 0xc8, 0x8, 0x1,
    0xf8, 0x76, 0x5e, 0x7c, 0x80, 0x3f, 0x50, 0x19,
    0x80, 0x3f, 0x9a, 0x18, 0x40, 0x3f, 0x21, 0x0,
    0x20, 0x3, 0xff, 0x93, 0x0, 0x12, 0x28, 0x7,
    0xff, 0x1e, 0xc, 0x3, 0x51, 0x80, 0x7f, 0xf1,
    0x5d, 0xc0, 0x1e, 0xc5, 0x0, 0xff, 0xe1, 0xcc,
    0x0, 0x7e, 0xaa, 0x10, 0x7, 0xfc, 0xba, 0xc0,
    0x1f, 0xe5, 0xdc, 0x73, 0x20, 0x0, 0x92, 0xcf,
    0x51, 0x0, 0x78,

    /* U+00C0 "À" */
    0x0, 0xf0, 0xb3, 0x79, 0x0, 0x3f, 0xf9, 0x47,
    0x33, 0xeb, 0x30, 0xf, 0xfe, 0x49, 0x50, 0x7,
    0xbc, 0x3, 0xff, 0x94, 0xac, 0x1, 0xc6, 0xc0,
    0x1f, 0xfc, 0xa9, 0x30, 0xe, 0x91, 0x0, 0xff,
    0xe5, 0x68, 0x80, 0x75, 0x80, 0x7f, 0xf2, 0x86,
    0x80, 0x39, 0x50, 0x3, 0xff, 0x94, 0x92, 0x1,
    0xdc, 0x1, 0xff, 0xcb, 0x6f, 0xfe, 0xa0, 0xf,
    0xff, 0xf8, 0x7, 0xff, 0x67, 0x7f, 0xff, 0x68,
    0x7, 0xff, 0x1c, 0xc8, 0x3, 0xf1, 0x10, 0x3,
    0xff, 0x8c, 0xa0, 0x1f, 0xe7, 0x0, 0xff, 0xe3,
    0x60, 0x7, 0xfb, 0x0, 0x3f, 0xf8, 0xce, 0x1,
    0xfe, 0x50, 0xf, 0xfe, 0x28, 0x90, 0x7, 0xf8,
    0xc0, 0x3f, 0xf8, 0xaa, 0x1, 0xff, 0xc0, 0x30,
    0xf, 0xfe, 0x26, 0x0, 0x7f, 0xf0, 0x10, 0x3,
    0xff, 0x88, 0x60, 0x1f, 0xfc, 0xd, 0x0, 0xff,
    0xe2, 0x20, 0x7, 0xff, 0x1, 0x0, 0x3f, 0xf8,
    0x64, 0x1, 0xff, 0xc1, 0x11, 0x0, 0x7f, 0xf0,
    0x90, 0x3, 0xff, 0x84, 0x80, 0x1f, 0xfc, 0x2f,
    0x0, 0xf3, 0x0, 0x7d, 0xa0, 0x1f, 0xfc, 0x24,
    0x0, 0xf6, 0x10, 0x7, 0x90, 0x3, 0xff, 0x84,
    0x40, 0x1e, 0x77, 0x0, 0x78, 0xc0, 0x3f, 0xf8,
    0x28, 0x1, 0xf1, 0x68, 0x7, 0xc6, 0x1, 0xff,
    0xc0, 0x30, 0xf, 0x10, 0x18, 0x7, 0xca, 0x1,
    0xff, 0xc0, 0xc0, 0xf, 0x38, 0x30, 0x7, 0xd8,
    0x1, 0xff, 0xc0, 0x50, 0xf, 0x10, 0x10, 0x7,
    0xce, 0x1, 0xff, 0x10, 0x80, 0x7b, 0x40, 0x6,
    0x1, 0xe2, 0x10, 0xf, 0xf3, 0x80, 0x7c, 0xe0,
    0x5, 0x0, 0xf9, 0x40, 0x3f, 0xd8, 0x1, 0xf1,
    0x0, 0x3c, 0x3, 0xec, 0x0, 0xff, 0x28, 0x7,
    0x88, 0x2, 0x50, 0xf, 0x8c, 0x3, 0xfc, 0x60,
    0x1e, 0x70, 0x8, 0x80, 0x3e, 0x50, 0xf, 0xe3,
    0x0, 0xfb, 0x40, 0x21, 0x10, 0x7, 0x84, 0x80,
    0x3f, 0x20, 0x7, 0xc4, 0x1, 0x94, 0x3, 0xe4,
    0x0, 0xfd, 0xa0, 0x1f, 0x38, 0x6, 0x30, 0xf,
    0xbc, 0x3, 0xf2, 0x0, 0x7c, 0x40, 0x1b, 0x40,
    0x3e, 0x50, 0xf, 0x84, 0x40, 0x1e, 0x20, 0xe,
    0x60, 0xf, 0x8c, 0x3, 0xe4, 0x0, 0xf8, 0xbf,
    0xfb, 0x0, 0x3f, 0x18, 0x7, 0xb4, 0x3, 0xff,
    0x94, 0x80, 0x1e, 0x40, 0xf, 0xfe, 0x56, 0x80,
    0x78, 0xc0, 0x3f, 0xf9, 0x48, 0x1, 0xc6, 0x1,
    0xff, 0xcb, 0x11, 0x0, 0x64, 0x0, 0xff, 0xe6,
    0x20, 0x6, 0xd0, 0xf, 0xfe, 0x66, 0x80, 0x64,
    0x0, 0xf9, 0xff, 0xff, 0x10, 0x7, 0xc8, 0x1,
    0x8, 0x80, 0x3e, 0xd0, 0xf, 0xce, 0x1, 0xf1,
    0x80, 0x48, 0x1, 0xf9, 0xc0, 0x3f, 0x68, 0x7,
    0xe3, 0x0, 0x68, 0x7, 0xe2, 0x0, 0xfc, 0x40,
    0x1f, 0x94, 0x0, 0x80, 0x1f, 0x10, 0x7, 0xf3,
    0x80, 0x7e, 0xc0, 0x1, 0x80, 0x7c, 0xe0, 0x1f,
    0xc4, 0x1, 0xf9, 0xc0, 0x40, 0x3f, 0x60, 0x7,
    0xf9, 0x0, 0x3e, 0x20,

    /* U+00C1 "Á" */
    0x0, 0xff, 0xe1, 0xb3, 0x79, 0x40, 0x3f, 0xf9,
    0x53, 0x3f, 0x80, 0x3f, 0xf9, 0x26, 0xc0, 0x1c,
    0x3a, 0x1, 0xff, 0xc9, 0xf0, 0xf, 0x50, 0x80,
    0x7f, 0xf2, 0x18, 0xc0, 0x3a, 0x10, 0x3, 0xff,
    0x90, 0x30, 0x1, 0xca, 0xe0, 0x1f, 0xfc, 0x98,
    0x10, 0xc, 0x54, 0x1, 0xff, 0xca, 0x70, 0xc,
    0x3e, 0x1, 0xff, 0xcb, 0xef, 0xfd, 0xc4, 0x1,
    0xff, 0xff, 0x0, 0xff, 0xec, 0xef, 0xff, 0xed,
    0x0, 0xff, 0xe3, 0x99, 0x0, 0x7e, 0x22, 0x0,
    0x7f, 0xf1, 0x94, 0x3, 0xfc, 0xe0, 0x1f, 0xfc,
    0x6c, 0x0, 0xff, 0x60, 0x7, 0xff, 0x19, 0xc0,
    0x3f, 0xca, 0x1, 0xff, 0xc5, 0x12, 0x0, 0xff,
    0x18, 0x7, 0xff, 0x15, 0x40, 0x3f, 0xf8, 0x6,
    0x1, 0xff, 0xc4, 0xc0, 0xf, 0xfe, 0x2, 0x0,
    0x7f, 0xf1, 0xc, 0x3, 0xff, 0x81, 0xa0, 0x1f,
    0xfc, 0x44, 0x0, 0xff, 0xe0, 0x20, 0x7, 0xff,
    0xc, 0x80, 0x3f, 0xf8, 0x22, 0x20, 0xf, 0xfe,
    0x12, 0x0, 0x7f, 0xf0, 0x90, 0x3, 0xff, 0x85,
    0xe0, 0x1e, 0x60, 0xf, 0xb4, 0x3, 0xff, 0x84,
    0x80, 0x1e, 0xc2, 0x0, 0xf2, 0x0, 0x7f, 0xf0,
    0x88, 0x3, 0xce, 0xe0, 0xf, 0x18, 0x7, 0xff,
    0x5, 0x0, 0x3e, 0x2d, 0x0, 0xf8, 0xc0, 0x3f,
    0xf8, 0x6, 0x1, 0xe2, 0x3, 0x0, 0xf9, 0x40,
    0x3f, 0xf8, 0x18, 0x1, 0xe7, 0x6, 0x0, 0xfb,
    0x0, 0x3f, 0xf8, 0xa, 0x1, 0xe2, 0x2, 0x0,
    0xf9, 0xc0, 0x3f, 0xe2, 0x10, 0xf, 0x68, 0x0,
    0xc0, 0x3c, 0x42, 0x1, 0xfe, 0x70, 0xf, 0x9c,
    0x0, 0xa0, 0x1f, 0x28, 0x7, 0xfb, 0x0, 0x3e,
    0x20, 0x7, 0x80, 0x7d, 0x80, 0x1f, 0xe5, 0x0,
    0xf1, 0x0, 0x4a, 0x1, 0xf1, 0x80, 0x7f, 0x8c,
    0x3, 0xce, 0x1, 0x10, 0x7, 0xca, 0x1, 0xfc,
    0x60, 0x1f, 0x68, 0x4, 0x22, 0x0, 0xf0, 0x90,
    0x7, 0xe4, 0x0, 0xf8, 0x80, 0x32, 0x80, 0x7c,
    0x80, 0x1f, 0xb4, 0x3, 0xe7, 0x0, 0xc6, 0x1,
    0xf7, 0x80, 0x7e, 0x40, 0xf, 0x88, 0x3, 0x68,
    0x7, 0xca, 0x1, 0xf0, 0x88, 0x3, 0xc4, 0x1,
    0xcc, 0x1, 0xf1, 0x80, 0x7c, 0x80, 0x1f, 0x17,
    0xff, 0x60, 0x7, 0xe3, 0x0, 0xf6, 0x80, 0x7f,
    0xf2, 0x90, 0x3, 0xc8, 0x1, 0xff, 0xca, 0xd0,
    0xf, 0x18, 0x7, 0xff, 0x29, 0x0, 0x38, 0xc0,
    0x3f, 0xf9, 0x62, 0x20, 0xc, 0x80, 0x1f, 0xfc,
    0xc4, 0x0, 0xda, 0x1, 0xff, 0xcc, 0xd0, 0xc,
    0x80, 0x1f, 0x3f, 0xff, 0xe2, 0x0, 0xf9, 0x0,
    0x21, 0x10, 0x7, 0xda, 0x1, 0xf9, 0xc0, 0x3e,
    0x30, 0x9, 0x0, 0x3f, 0x38, 0x7, 0xed, 0x0,
    0xfc, 0x60, 0xd, 0x0, 0xfc, 0x40, 0x1f, 0x88,
    0x3, 0xf2, 0x80, 0x10, 0x3, 0xe2, 0x0, 0xfe,
    0x70, 0xf, 0xd8, 0x0, 0x30, 0xf, 0x9c, 0x3,
    0xf8, 0x80, 0x3f, 0x38, 0x8, 0x7, 0xec, 0x0,
    0xff, 0x20, 0x7, 0xc4, 0x0,

    /* U+00C2 "Â" */
    0x0, 0xff, 0x23, 0x37, 0xe2, 0x0, 0xff, 0xe3,
    0xa5, 0xcc, 0xfe, 0xc1, 0x0, 0xff, 0xe3, 0x50,
    0x7, 0xf0, 0xd8, 0x7, 0xff, 0x16, 0x44, 0x3,
    0xfc, 0xaa, 0x0, 0xff, 0xe1, 0x9b, 0x0, 0x73,
    0x20, 0x7, 0x58, 0x80, 0x7f, 0xf0, 0xb8, 0x3,
    0x86, 0x24, 0x3, 0x86, 0xc0, 0x3f, 0xf8, 0x2e,
    0x40, 0x1d, 0x22, 0x4c, 0x1, 0xca, 0xa0, 0xf,
    0xfe, 0x4, 0x80, 0x71, 0xb8, 0x2, 0x8, 0x3,
    0xa0, 0x3, 0xff, 0x81, 0xdf, 0xfd, 0x80, 0x10,
    0xef, 0xff, 0x68, 0x7, 0xff, 0xfc, 0x3, 0xff,
    0xa7, 0xbf, 0xff, 0xb4, 0x3, 0xff, 0x8e, 0x64,
    0x1, 0xf8, 0x88, 0x1, 0xff, 0xc6, 0x50, 0xf,
    0xf3, 0x80, 0x7f, 0xf1, 0xb0, 0x3, 0xfd, 0x80,
    0x1f, 0xfc, 0x67, 0x0, 0xff, 0x28, 0x7, 0xff,
    0x14, 0x48, 0x3, 0xfc, 0x60, 0x1f, 0xfc, 0x55,
    0x0, 0xff, 0xe0, 0x18, 0x7, 0xff, 0x13, 0x0,
    0x3f, 0xf8, 0x8, 0x1, 0xff, 0xc4, 0x30, 0xf,
    0xfe, 0x6, 0x80, 0x7f, 0xf1, 0x10, 0x3, 0xff,
    0x80, 0x80, 0x1f, 0xfc, 0x32, 0x0, 0xff, 0xe0,
    0x88, 0x80, 0x3f, 0xf8, 0x48, 0x1, 0xff, 0xc2,
    0x40, 0xf, 0xfe, 0x17, 0x80, 0x79, 0x80, 0x3e,
    0xd0, 0xf, 0xfe, 0x12, 0x0, 0x7b, 0x8, 0x3,
    0xc8, 0x1, 0xff, 0xc2, 0x20, 0xf, 0x3b, 0x80,
    0x3c, 0x60, 0x1f, 0xfc, 0x14, 0x0, 0xf8, 0xb4,
    0x3, 0xe3, 0x0, 0xff, 0xe0, 0x18, 0x7, 0x88,
    0xc, 0x3, 0xe5, 0x0, 0xff, 0xe0, 0x60, 0x7,
    0x9c, 0x18, 0x3, 0xec, 0x0, 0xff, 0xe0, 0x28,
    0x7, 0x88, 0x8, 0x3, 0xe7, 0x0, 0xff, 0x88,
    0x40, 0x3d, 0xa0, 0x3, 0x0, 0xf1, 0x8, 0x7,
    0xf9, 0xc0, 0x3e, 0x70, 0x2, 0x80, 0x7c, 0xa0,
    0x1f, 0xec, 0x0, 0xf8, 0x80, 0x1e, 0x1, 0xf6,
    0x0, 0x7f, 0x94, 0x3, 0xc4, 0x1, 0x28, 0x7,
    0xc6, 0x1, 0xfe, 0x30, 0xf, 0x38, 0x4, 0x40,
    0x1f, 0x28, 0x7, 0xf1, 0x80, 0x7d, 0xa0, 0x10,
    0x88, 0x3, 0xc2, 0x40, 0x1f, 0x90, 0x3, 0xe2,
    0x0, 0xca, 0x1, 0xf2, 0x0, 0x7e, 0xd0, 0xf,
    0x9c, 0x3, 0x18, 0x7, 0xde, 0x1, 0xf9, 0x0,
    0x3e, 0x20, 0xd, 0xa0, 0x1f, 0x28, 0x7, 0xc2,
    0x20, 0xf, 0x10, 0x7, 0x30, 0x7, 0xc6, 0x1,
    0xf2, 0x0, 0x7c, 0x5f, 0xfd, 0x80, 0x1f, 0x8c,
    0x3, 0xda, 0x1, 0xff, 0xca, 0x40, 0xf, 0x20,
    0x7, 0xff, 0x2b, 0x40, 0x3c, 0x60, 0x1f, 0xfc,
    0xa4, 0x0, 0xe3, 0x0, 0xff, 0xe5, 0x88, 0x80,
    0x32, 0x0, 0x7f, 0xf3, 0x10, 0x3, 0x68, 0x7,
    0xff, 0x33, 0x40, 0x32, 0x0, 0x7c, 0xff, 0xff,
    0x88, 0x3, 0xe4, 0x0, 0x84, 0x40, 0x1f, 0x68,
    0x7, 0xe7, 0x0, 0xf8, 0xc0, 0x24, 0x0, 0xfc,
    0xe0, 0x1f, 0xb4, 0x3, 0xf1, 0x80, 0x34, 0x3,
    0xf1, 0x0, 0x7e, 0x20, 0xf, 0xca, 0x0, 0x40,
    0xf, 0x88, 0x3, 0xf9, 0xc0, 0x3f, 0x60, 0x0,
    0xc0, 0x3e, 0x70, 0xf, 0xe2, 0x0, 0xfc, 0xe0,
    0x20, 0x1f, 0xb0, 0x3, 0xfc, 0x80, 0x1f, 0x10,
    0x0,

    /* U+00C3 "Ã" */
    0x0, 0xfe, 0x2a, 0xdf, 0xea, 0x40, 0xe, 0x85,
    0x0, 0xff, 0xe1, 0xbe, 0xa9, 0x0, 0xad, 0xe2,
    0x80, 0xcb, 0xd5, 0x0, 0x3f, 0xf8, 0x2b, 0x0,
    0x1f, 0x1d, 0x7f, 0x30, 0x1, 0x74, 0x3, 0xff,
    0x81, 0x0, 0x1f, 0xfc, 0x46, 0x0, 0xff, 0xe8,
    0xd, 0x0, 0x7f, 0xf0, 0x31, 0x40, 0xb, 0xdc,
    0x92, 0x0, 0xf1, 0x60, 0x80, 0x7f, 0xf0, 0x6,
    0xa8, 0xd4, 0x22, 0x6d, 0xb4, 0x10, 0x39, 0xd2,
    0x0, 0xff, 0xe1, 0xac, 0x80, 0x72, 0x5f, 0x7e,
    0x30, 0x7, 0xff, 0xfc, 0x3, 0xff, 0xe7, 0xbf,
    0xff, 0xb4, 0x3, 0xff, 0x8e, 0x64, 0x1, 0xf8,
    0x88, 0x1, 0xff, 0xc6, 0x50, 0xf, 0xf3, 0x80,
    0x7f, 0xf1, 0xb0, 0x3, 0xfd, 0x80, 0x1f, 0xfc,
    0x67, 0x0, 0xff, 0x28, 0x7, 0xff, 0x14, 0x48,
    0x3, 0xfc, 0x60, 0x1f, 0xfc, 0x55, 0x0, 0xff,
    0xe0, 0x18, 0x7, 0xff, 0x13, 0x0, 0x3f, 0xf8,
    0x8, 0x1, 0xff, 0xc4, 0x30, 0xf, 0xfe, 0x6,
    0x80, 0x7f, 0xf1, 0x10, 0x3, 0xff, 0x80, 0x80,
    0x1f, 0xfc, 0x32, 0x0, 0xff, 0xe0, 0x88, 0x80,
    0x3f, 0xf8, 0x48, 0x1, 0xff, 0xc2, 0x40, 0xf,
    0xfe, 0x17, 0x80, 0x79, 0x80, 0x3e, 0xd0, 0xf,
    0xfe, 0x12, 0x0, 0x7b, 0x8, 0x3, 0xc8, 0x1,
    0xff, 0xc2, 0x20, 0xf, 0x3b, 0x80, 0x3c, 0x60,
    0x1f, 0xfc, 0x14, 0x0, 0xf8, 0xb4, 0x3, 0xe3,
    0x0, 0xff, 0xe0, 0x18, 0x7, 0x88, 0xc, 0x3,
    0xe5, 0x0, 0xff, 0xe0, 0x60, 0x7, 0x9c, 0x18,
    0x3, 0xec, 0x0, 0xff, 0xe0, 0x28, 0x7, 0x88,
    0x8, 0x3, 0xe7, 0x0, 0xff, 0x88, 0x40, 0x3d,
    0xa0, 0x3, 0x0, 0xf1, 0x8, 0x7, 0xf9, 0xc0,
    0x3e, 0x70, 0x2, 0x80, 0x7c, 0xa0, 0x1f, 0xec,
    0x0, 0xf8, 0x80, 0x1e, 0x1, 0xf6, 0x0, 0x7f,
    0x94, 0x3, 0xc4, 0x1, 0x28, 0x7, 0xc6, 0x1,
    0xfe, 0x30, 0xf, 0x38, 0x4, 0x40, 0x1f, 0x28,
    0x7, 0xf1, 0x80, 0x7d, 0xa0, 0x10, 0x88, 0x3,
    0xc2, 0x40, 0x1f, 0x90, 0x3, 0xe2, 0x0, 0xca,
    0x1, 0xf2, 0x0, 0x7e, 0xd0, 0xf, 0x9c, 0x3,
    0x18, 0x7, 0xde, 0x1, 0xf9, 0x0, 0x3e, 0x20,
    0xd, 0xa0, 0x1f, 0x28, 0x7, 0xc2, 0x20, 0xf,
    0x10, 0x7, 0x30, 0x7, 0xc6, 0x1, 0xf2, 0x0,
    0x7c, 0x5f, 0xfd, 0x80, 0x1f, 0x8c, 0x3, 0xda,
    0x1, 0xff, 0xca, 0x40, 0xf, 0x20, 0x7, 0xff,
    0x2b, 0x40, 0x3c, 0x60, 0x1f, 0xfc, 0xa4, 0x0,
    0xe3, 0x0, 0xff, 0xe5, 0x88, 0x80, 0x32, 0x0,
    0x7f, 0xf3, 0x10, 0x3, 0x68, 0x7, 0xff, 0x33,
    0x40, 0x32, 0x0, 0x7c, 0xff, 0xff, 0x88, 0x3,
    0xe4, 0x0, 0x84, 0x40, 0x1f, 0x68, 0x7, 0xe7,
    0x0, 0xf8, 0xc0, 0x24, 0x0, 0xfc, 0xe0, 0x1f,
    0xb4, 0x3, 0xf1, 0x80, 0x34, 0x3, 0xf1, 0x0,
    0x7e, 0x20, 0xf, 0xca, 0x0, 0x40, 0xf, 0x88,
    0x3, 0xf9, 0xc0, 0x3f, 0x60, 0x0, 0xc0, 0x3e,
    0x70, 0xf, 0xe2, 0x0, 0xfc, 0xe0, 0x20, 0x1f,
    0xb0, 0x3, 0xfc, 0x80, 0x1f, 0x10, 0x0,

    /* U+00C4 "Ä" */
    0x0, 0xf1, 0xdf, 0x7e, 0xb8, 0x7, 0xc, 0x6f,
    0xf5, 0x10, 0x7, 0xfc, 0xb8, 0x82, 0x5, 0x18,
    0x1, 0xe, 0x39, 0x0, 0xae, 0xa0, 0x7, 0xf0,
    0xd0, 0x7, 0x8e, 0x0, 0x16, 0x40, 0x1e, 0xa0,
    0xf, 0xe6, 0x0, 0xfc, 0xc0, 0x5, 0x0, 0xf8,
    0x54, 0x3, 0xf7, 0x0, 0x7e, 0x11, 0x18, 0x7,
    0xf6, 0x80, 0x7f, 0xf6, 0xb8, 0x3, 0xf0, 0x88,
    0xc0, 0x3f, 0xb4, 0x3, 0xf3, 0x0, 0x7e, 0x60,
    0x2, 0x80, 0x7c, 0x2a, 0x1, 0xf8, 0x68, 0x3,
    0xc9, 0x0, 0xb, 0x20, 0xf, 0x68, 0x7, 0xf9,
    0x71, 0x4, 0xa, 0x2c, 0x2, 0x1d, 0x72, 0x1,
    0x5d, 0x30, 0xf, 0xf8, 0xef, 0xbf, 0x5c, 0x3,
    0xd1, 0xbf, 0xd4, 0x40, 0x1f, 0xff, 0xf0, 0xf,
    0xfe, 0x9e, 0xff, 0xfe, 0xd0, 0xf, 0xfe, 0x39,
    0x90, 0x7, 0xe2, 0x20, 0x7, 0xff, 0x19, 0x40,
    0x3f, 0xce, 0x1, 0xff, 0xc6, 0xc0, 0xf, 0xf6,
    0x0, 0x7f, 0xf1, 0x9c, 0x3, 0xfc, 0xa0, 0x1f,
    0xfc, 0x51, 0x20, 0xf, 0xf1, 0x80, 0x7f, 0xf1,
    0x54, 0x3, 0xff, 0x80, 0x60, 0x1f, 0xfc, 0x4c,
    0x0, 0xff, 0xe0, 0x20, 0x7, 0xff, 0x10, 0xc0,
    0x3f, 0xf8, 0x1a, 0x1, 0xff, 0xc4, 0x40, 0xf,
    0xfe, 0x2, 0x0, 0x7f, 0xf0, 0xc8, 0x3, 0xff,
    0x82, 0x22, 0x0, 0xff, 0xe1, 0x20, 0x7, 0xff,
    0x9, 0x0, 0x3f, 0xf8, 0x5e, 0x1, 0xe6, 0x0,
    0xfb, 0x40, 0x3f, 0xf8, 0x48, 0x1, 0xec, 0x20,
    0xf, 0x20, 0x7, 0xff, 0x8, 0x80, 0x3c, 0xee,
    0x0, 0xf1, 0x80, 0x7f, 0xf0, 0x50, 0x3, 0xe2,
    0xd0, 0xf, 0x8c, 0x3, 0xff, 0x80, 0x60, 0x1e,
    0x20, 0x30, 0xf, 0x94, 0x3, 0xff, 0x81, 0x80,
    0x1e, 0x70, 0x60, 0xf, 0xb0, 0x3, 0xff, 0x80,
    0xa0, 0x1e, 0x20, 0x20, 0xf, 0x9c, 0x3, 0xfe,
    0x21, 0x0, 0xf6, 0x80, 0xc, 0x3, 0xc4, 0x20,
    0x1f, 0xe7, 0x0, 0xf9, 0xc0, 0xa, 0x1, 0xf2,
    0x80, 0x7f, 0xb0, 0x3, 0xe2, 0x0, 0x78, 0x7,
    0xd8, 0x1, 0xfe, 0x50, 0xf, 0x10, 0x4, 0xa0,
    0x1f, 0x18, 0x7, 0xf8, 0xc0, 0x3c, 0xe0, 0x11,
    0x0, 0x7c, 0xa0, 0x1f, 0xc6, 0x1, 0xf6, 0x80,
    0x42, 0x20, 0xf, 0x9, 0x0, 0x7e, 0x40, 0xf,
    0x88, 0x3, 0x28, 0x7, 0xc8, 0x1, 0xfb, 0x40,
    0x3e, 0x70, 0xc, 0x60, 0x1f, 0x78, 0x7, 0xe4,
    0x0, 0xf8, 0x80, 0x36, 0x80, 0x7c, 0xa0, 0x1f,
    0x8, 0x80, 0x3c, 0x40, 0x1c, 0xc0, 0x1f, 0x18,
    0x7, 0xc8, 0x1, 0xf1, 0x7f, 0xf6, 0x0, 0x7e,
    0x30, 0xf, 0x68, 0x7, 0xff, 0x29, 0x0, 0x3c,
    0x80, 0x1f, 0xfc, 0xad, 0x0, 0xf1, 0x80, 0x7f,
    0xf2, 0x90, 0x3, 0x8c, 0x3, 0xff, 0x96, 0x22,
    0x0, 0xc8, 0x1, 0xff, 0xcc, 0x40, 0xd, 0xa0,
    0x1f, 0xfc, 0xcd, 0x0, 0xc8, 0x1, 0xf3, 0xff,
    0xfe, 0x20, 0xf, 0x90, 0x2, 0x11, 0x0, 0x7d,
    0xa0, 0x1f, 0x9c, 0x3, 0xe3, 0x0, 0x90, 0x3,
    0xf3, 0x80, 0x7e, 0xd0, 0xf, 0xc6, 0x0, 0xd0,
    0xf, 0xc4, 0x1, 0xf8, 0x80, 0x3f, 0x28, 0x1,
    0x0, 0x3e, 0x20, 0xf, 0xe7, 0x0, 0xfd, 0x80,
    0x3, 0x0, 0xf9, 0xc0, 0x3f, 0x88, 0x3, 0xf3,
    0x80, 0x80, 0x7e, 0xc0, 0xf, 0xf2, 0x0, 0x7c,
    0x40,

    /* U+00C5 "Å" */
    0x0, 0xff, 0x8a, 0x77, 0xfd, 0xb2, 0x60, 0x1f,
    0xfc, 0x99, 0xd6, 0x20, 0x1, 0x36, 0x48, 0x7,
    0xff, 0x1e, 0xd8, 0x3, 0xf3, 0x58, 0x7, 0xff,
    0x15, 0xd0, 0x3, 0xfc, 0x90, 0x1, 0xff, 0xc3,
    0x18, 0x0, 0xff, 0xe0, 0x38, 0x80, 0x7f, 0xf0,
    0x90, 0x3, 0xd, 0x77, 0x28, 0x40, 0x33, 0x80,
    0x7f, 0xf0, 0xb4, 0x3, 0x52, 0x88, 0x97, 0x40,
    0x37, 0x80, 0x7f, 0xf0, 0x84, 0x3, 0x20, 0x6,
    0x30, 0xc, 0x60, 0x1f, 0xfc, 0x21, 0x0, 0xc8,
    0x1, 0x8c, 0x3, 0x18, 0x7, 0xff, 0xb, 0x40,
    0x35, 0x28, 0x89, 0x74, 0x3, 0x78, 0x7, 0xff,
    0x9, 0x0, 0x30, 0xd7, 0x72, 0x84, 0x3, 0x38,
    0x7, 0xff, 0x8, 0x60, 0x3, 0xff, 0x80, 0xe2,
    0x1, 0xff, 0xc3, 0x74, 0x0, 0xff, 0x24, 0x0,
    0x7f, 0xf1, 0x6d, 0x80, 0x3f, 0x35, 0x80, 0x7f,
    0xf1, 0xe7, 0x18, 0x80, 0x4, 0xd9, 0x20, 0x1f,
    0xfc, 0x93, 0x9d, 0xff, 0x6c, 0x98, 0x7, 0xff,
    0xfc, 0x3, 0xff, 0xb1, 0xbf, 0xff, 0xb4, 0x3,
    0xff, 0x8e, 0x64, 0x1, 0xf8, 0x88, 0x1, 0xff,
    0xc6, 0x50, 0xf, 0xf3, 0x80, 0x7f, 0xf1, 0xb0,
    0x3, 0xfd, 0x80, 0x1f, 0xfc, 0x67, 0x0, 0xff,
    0x28, 0x7, 0xff, 0x14, 0x48, 0x3, 0xfc, 0x60,
    0x1f, 0xfc, 0x55, 0x0, 0xff, 0xe0, 0x18, 0x7,
    0xff, 0x13, 0x0, 0x3f, 0xf8, 0x8, 0x1, 0xff,
    0xc4, 0x30, 0xf, 0xfe, 0x6, 0x80, 0x7f, 0xf1,
    0x10, 0x3, 0xff, 0x80, 0x80, 0x1f, 0xfc, 0x32,
    0x0, 0xff, 0xe0, 0x88, 0x80, 0x3f, 0xf8, 0x48,
    0x1, 0xff, 0xc2, 0x40, 0xf, 0xfe, 0x17, 0x80,
    0x79, 0x80, 0x3e, 0xd0, 0xf, 0xfe, 0x12, 0x0,
    0x7b, 0x8, 0x3, 0xc8, 0x1, 0xff, 0xc2, 0x20,
    0xf, 0x3b, 0x80, 0x3c, 0x60, 0x1f, 0xfc, 0x14,
    0x0, 0xf8, 0xb4, 0x3, 0xe3, 0x0, 0xff, 0xe0,
    0x18, 0x7, 0x88, 0xc, 0x3, 0xe5, 0x0, 0xff,
    0xe0, 0x60, 0x7, 0x9c, 0x18, 0x3, 0xec, 0x0,
    0xff, 0xe0, 0x28, 0x7, 0x88, 0x8, 0x3, 0xe7,
    0x0, 0xff, 0x88, 0x40, 0x3d, 0xa0, 0x3, 0x0,
    0xf1, 0x8, 0x7, 0xf9, 0xc0, 0x3e, 0x70, 0x2,
    0x80, 0x7c, 0xa0, 0x1f, 0xec, 0x0, 0xf8, 0x80,
    0x1e, 0x1, 0xf6, 0x0, 0x7f, 0x94, 0x3, 0xc4,
    0x1, 0x28, 0x7, 0xc6, 0x1, 0xfe, 0x30, 0xf,
    0x38, 0x4, 0x40, 0x1f, 0x28, 0x7, 0xf1, 0x80,
    0x7d, 0xa0, 0x10, 0x88, 0x3, 0xc2, 0x40, 0x1f,
    0x90, 0x3, 0xe2, 0x0, 0xca, 0x1, 0xf2, 0x0,
    0x7e, 0xd0, 0xf, 0x9c, 0x3, 0x18, 0x7, 0xde,
    0x1, 0xf9, 0x0, 0x3e, 0x20, 0xd, 0xa0, 0x1f,
    0x28, 0x7, 0xc2, 0x20, 0xf, 0x10, 0x7, 0x30,
    0x7, 0xc6, 0x1, 0xf2, 0x0, 0x7c, 0x5f, 0xfd,
    0x80, 0x1f, 0x8c, 0x3, 0xda, 0x1, 0xff, 0xca,
    0x40, 0xf, 0x20, 0x7, 0xff, 0x2b, 0x40, 0x3c,
    0x60, 0x1f, 0xfc, 0xa4, 0x0, 0xe3, 0x0, 0xff,
    0xe5, 0x88, 0x80, 0x32, 0x0, 0x7f, 0xf3, 0x10,
    0x3, 0x68, 0x7, 0xff, 0x33, 0x40, 0x32, 0x0,
    0x7c, 0xff, 0xff, 0x88, 0x3, 0xe4, 0x0, 0x84,
    0x40, 0x1f, 0x68, 0x7, 0xe7, 0x0, 0xf8, 0xc0,
    0x24, 0x0, 0xfc, 0xe0, 0x1f, 0xb4, 0x3, 0xf1,
    0x80, 0x34, 0x3, 0xf1, 0x0, 0x7e, 0x20, 0xf,
    0xca, 0x0, 0x40, 0xf, 0x88, 0x3, 0xf9, 0xc0,
    0x3f, 0x60, 0x0, 0xc0, 0x3e, 0x70, 0xf, 0xe2,
    0x0, 0xfc, 0xe0, 0x20, 0x1f, 0xb0, 0x3, 0xfc,
    0x80, 0x1f, 0x10, 0x0,

    /* U+00C6 "Æ" */
    0x0, 0xff, 0xe3, 0x3f, 0xff, 0xff, 0x37, 0x80,
    0x3f, 0xf8, 0xf2, 0x1, 0xff, 0xcd, 0x12, 0x0,
    0xff, 0xe2, 0xa8, 0x80, 0x7f, 0xf8, 0x24, 0x3,
    0xff, 0xc0, 0x66, 0x0, 0xff, 0xf0, 0x50, 0x7,
    0xff, 0x80, 0x58, 0x3, 0xff, 0xa0, 0x60, 0x1f,
    0xfc, 0x36, 0x0, 0xff, 0xe1, 0xbc, 0xcf, 0xff,
    0x2, 0x84, 0x3, 0xff, 0x87, 0x40, 0x1f, 0xfc,
    0x3b, 0x66, 0xff, 0xe0, 0x28, 0x7, 0xff, 0xd,
    0x8, 0x3, 0xff, 0xc1, 0xe0, 0x1f, 0xfe, 0x2,
    0x40, 0xf, 0x84, 0x3, 0xff, 0xb1, 0x40, 0x1f,
    0x1b, 0x80, 0x7f, 0xf6, 0x18, 0x3, 0xea, 0x0,
    0xff, 0xec, 0x30, 0x80, 0x7c, 0xc0, 0x1f, 0xfd,
    0x8a, 0x0, 0xf9, 0x80, 0x3f, 0xfb, 0x6, 0x60,
    0xf, 0xa8, 0x3, 0xff, 0xb1, 0x20, 0x1f, 0x19,
    0x80, 0x3f, 0xd6, 0xcd, 0xf0, 0x80, 0x7f, 0xf1,
    0x5, 0x40, 0x3e, 0xa0, 0xf, 0xf9, 0xe6, 0x7e,
    0x80, 0xf, 0xfe, 0x23, 0x0, 0x7e, 0x60, 0xf,
    0xfe, 0x39, 0x80, 0x7f, 0xf1, 0x24, 0x3, 0xe6,
    0x0, 0xff, 0xec, 0x20, 0x80, 0x7d, 0x40, 0x1f,
    0xfd, 0x8f, 0x0, 0xf8, 0x8c, 0x3, 0xff, 0xae,
    0x48, 0x1, 0xf5, 0x80, 0x7f, 0xf6, 0x2c, 0x3,
    0xf3, 0x0, 0x7f, 0xf2, 0x74, 0x3, 0xff, 0x84,
    0xc0, 0x1f, 0x30, 0x7, 0xff, 0xb, 0x3f, 0xfe,
    0x70, 0xf, 0xfe, 0xb, 0x0, 0x7e, 0xa0, 0xf,
    0xfe, 0xc5, 0x80, 0x7c, 0x46, 0x1, 0xff, 0xd7,
    0x32, 0x0, 0xfa, 0x80, 0x3c, 0x60, 0x1f, 0xfd,
    0x19, 0x0, 0xfd, 0x1f, 0xfe, 0x50, 0xf, 0xfe,
    0x80, 0xa8, 0x7, 0xff, 0x81, 0x80, 0x3f, 0xfc,
    0x32, 0x1, 0xff, 0xe0, 0x51, 0x0, 0xff, 0xf0,
    0x48, 0x7, 0xff, 0x80, 0x8c, 0x3, 0xff, 0x9d,
    0x6c, 0xdf, 0xfc, 0x5, 0x0, 0xd6, 0x1, 0xfa,
    0x3f, 0xff, 0x94, 0x3, 0xf3, 0xcc, 0xff, 0xf0,
    0x28, 0x40, 0x26, 0x0, 0xfc, 0xc0, 0x1f, 0xfd,
    0x43, 0x0, 0x30, 0x7, 0xe5, 0x10, 0xf, 0xfe,
    0xbd, 0x80, 0x7e, 0xe0, 0xf, 0xfe, 0xba, 0x10,
    0x7, 0xc2, 0x80, 0x1f, 0xfd, 0x7e, 0x0, 0xfc,
    0xc0, 0x1f, 0xfd, 0x84, 0x0, 0xf8, 0x68, 0x3,
    0xfe, 0xd0, 0xf, 0xfe, 0x48, 0x90,

    /* U+00C7 "Ç" */
    0x0, 0xf8, 0x9e, 0xf7, 0xbf, 0xb6, 0xdc, 0x80,
    0x3f, 0xf8, 0x7, 0x7b, 0x8, 0x42, 0x2, 0x49,
    0x1b, 0x66, 0x1, 0xfd, 0x18, 0x80, 0x1f, 0xf2,
    0x63, 0x80, 0x7d, 0x4e, 0x1, 0xff, 0xc3, 0x8a,
    0x0, 0xe8, 0x50, 0xf, 0xfe, 0x2a, 0xb8, 0x4,
    0x6e, 0x1, 0xff, 0xc7, 0x82, 0x0, 0x40, 0x7,
    0xff, 0x26, 0x0, 0x90, 0x3, 0xf0, 0xbc, 0x30,
    0x80, 0x7e, 0x51, 0x40, 0xf, 0xc5, 0xf0, 0xf3,
    0xe2, 0x1, 0xf9, 0x30, 0x3, 0xf4, 0x88, 0x4,
    0x36, 0x1, 0xfb, 0x18, 0x3, 0xf2, 0x0, 0x72,
    0x80, 0x7e, 0x21, 0x0, 0xf8, 0x80, 0x3e, 0x10,
    0xf, 0x9c, 0xc0, 0x3f, 0xf9, 0x62, 0x1, 0xff,
    0xc4, 0x95, 0x5f, 0xac, 0x3, 0xff, 0x88, 0xf5,
    0x5f, 0x30, 0x7, 0xff, 0xfc, 0x3, 0xff, 0xfe,
    0x1, 0xff, 0xff, 0x0, 0xff, 0xff, 0x80, 0x7f,
    0xff, 0xc0, 0x3f, 0xf8, 0x82, 0x89, 0xf0, 0x80,
    0x7f, 0xf1, 0x32, 0xef, 0xed, 0x30, 0xf, 0xfe,
    0x19, 0x80, 0x7c, 0x22, 0x0, 0xf8, 0xc0, 0x3e,
    0x10, 0xf, 0x99, 0x80, 0x1f, 0x8, 0x80, 0x38,
    0x80, 0x3f, 0xe, 0x80, 0x7e, 0x80, 0xe, 0x80,
    0xf, 0xd8, 0xa0, 0x1f, 0x9a, 0x48, 0xa, 0x54,
    0x3, 0xf2, 0x11, 0x80, 0x7e, 0x6d, 0xfd, 0x60,
    0xf, 0xc6, 0x41, 0xe0, 0x1f, 0xfc, 0x99, 0x0,
    0x1b, 0x0, 0x7f, 0xf1, 0xd1, 0x40, 0x29, 0x40,
    0xf, 0xfe, 0x29, 0x50, 0x7, 0x5b, 0x0, 0x7f,
    0xf0, 0xcb, 0x4, 0x3, 0xd3, 0x66, 0x1, 0xff,
    0xc0, 0x7d, 0x10, 0xf, 0xc9, 0x98, 0x72, 0x0,
    0xf1, 0xbf, 0x40, 0x7, 0xff, 0x0, 0xe3, 0x50,
    0x3, 0x26, 0x40, 0x80, 0x7f, 0xf1, 0x2c, 0x40,
    0x24, 0x60, 0xf, 0xfe, 0x3d, 0x0, 0x68, 0x10,
    0xf, 0xfe, 0x32, 0x8, 0x4, 0x2e, 0x1, 0xff,
    0xc7, 0x30, 0xd, 0x80, 0x1f, 0xfc, 0x62, 0x20,
    0x6, 0x60, 0xf, 0xfe, 0x23, 0x5e, 0x80, 0x73,
    0x0, 0x7f, 0xf1, 0x2d, 0x0, 0x3c, 0x40, 0x1f,
    0xfc, 0x42, 0x0, 0xfa, 0x80, 0x3f, 0xf8, 0x62,
    0x1, 0xf4, 0x90, 0x7, 0xff, 0xc, 0x58, 0x80,
    0x4, 0xd8, 0xc0, 0x1f, 0x80,

    /* U+00C8 "È" */
    0x0, 0xcc, 0xde, 0x50, 0xf, 0xfe, 0x2d, 0xcc,
    0xf5, 0x30, 0x7, 0xff, 0x13, 0x80, 0x3d, 0x2,
    0x1, 0xff, 0xc3, 0x39, 0x0, 0xe1, 0xb0, 0xf,
    0xfe, 0x23, 0x30, 0x3, 0x94, 0xc0, 0x3f, 0xf8,
    0x92, 0x60, 0x1d, 0xc0, 0x1f, 0xfc, 0x5d, 0x10,
    0xc, 0x4e, 0x1, 0xff, 0xc4, 0x1a, 0x0, 0xea,
    0x0, 0xff, 0xe2, 0xa7, 0xff, 0x68, 0x7, 0xff,
    0xfc, 0x3, 0xc5, 0xff, 0xff, 0xca, 0x56, 0x0,
    0xff, 0xe5, 0x10, 0x7, 0xff, 0xfc, 0x3, 0xff,
    0xd4, 0x93, 0x3f, 0xfc, 0x16, 0x0, 0xfe, 0xc6,
    0x6f, 0xfe, 0x8, 0x80, 0x7f, 0xff, 0xc0, 0x3f,
    0xff, 0xe0, 0x1f, 0xfe, 0x7c, 0x66, 0xf9, 0x0,
    0x3f, 0xf8, 0x69, 0x33, 0xf5, 0x80, 0x7f, 0xff,
    0xc0, 0x3f, 0xff, 0x4, 0x1, 0xff, 0xc3, 0x8f,
    0xff, 0xb4, 0x3, 0xff, 0xfe, 0x1, 0xff, 0xff,
    0x0, 0xff, 0xff, 0x80, 0x7b, 0x19, 0xbf, 0xf8,
    0x22, 0x1, 0xfc, 0x93, 0x3f, 0xfc, 0x16, 0x0,
    0xff, 0xff, 0x80, 0x7f, 0xf8, 0x58, 0x3, 0xff,
    0x94, 0x40,

    /* U+00C9 "É" */
    0x0, 0xff, 0xe0, 0x2b, 0x37, 0x80, 0x3f, 0xf8,
    0x8b, 0x53, 0x3d, 0x0, 0x1f, 0xfc, 0x4b, 0x0,
    0xf6, 0x80, 0x7f, 0xf0, 0xe4, 0x40, 0x3a, 0xc,
    0x3, 0xff, 0x84, 0x4c, 0x1, 0xca, 0xe0, 0x1f,
    0xfc, 0x3e, 0x0, 0xe2, 0xa0, 0xf, 0xfe, 0x1b,
    0x18, 0x7, 0x78, 0x7, 0xff, 0x12, 0x80, 0x3a,
    0xc8, 0x3, 0xff, 0x89, 0x9f, 0xfc, 0x80, 0x1f,
    0xff, 0xf0, 0xf, 0x17, 0xff, 0xff, 0x29, 0x58,
    0x3, 0xff, 0x94, 0x40, 0x1f, 0xff, 0xf0, 0xf,
    0xff, 0x52, 0x4c, 0xff, 0xf0, 0x58, 0x3, 0xfb,
    0x19, 0xbf, 0xf8, 0x22, 0x1, 0xff, 0xff, 0x0,
    0xff, 0xff, 0x80, 0x7f, 0xf9, 0xf1, 0x9b, 0xe4,
    0x0, 0xff, 0xe1, 0xa4, 0xcf, 0xd6, 0x1, 0xff,
    0xff, 0x0, 0xff, 0xfc, 0x10, 0x7, 0xff, 0xe,
    0x3f, 0xfe, 0xd0, 0xf, 0xff, 0xf8, 0x7, 0xff,
    0xfc, 0x3, 0xff, 0xfe, 0x1, 0xec, 0x66, 0xff,
    0xe0, 0x88, 0x7, 0xf2, 0x4c, 0xff, 0xf0, 0x58,
    0x3, 0xff, 0xfe, 0x1, 0xff, 0xe1, 0x60, 0xf,
    0xfe, 0x51, 0x0,

    /* U+00CA "Ê" */
    0x0, 0xf8, 0xd9, 0xbf, 0x18, 0x7, 0xff, 0x4,
    0xb2, 0x67, 0xf6, 0x18, 0x7, 0xff, 0x3, 0x80,
    0x3f, 0xdc, 0x1, 0xff, 0x31, 0x80, 0x7f, 0x8a,
    0x0, 0x3f, 0x86, 0x0, 0x38, 0xdc, 0x3, 0x9c,
    0xc0, 0x3f, 0x58, 0x80, 0x77, 0xc0, 0x80, 0x77,
    0x0, 0x7c, 0x8a, 0x1, 0xca, 0x61, 0x0, 0x1c,
    0x50, 0x1, 0xe8, 0x0, 0xe2, 0xb0, 0x3, 0x20,
    0x7, 0x38, 0x7, 0xb3, 0xff, 0xb4, 0x40, 0x2b,
    0xff, 0xf0, 0x7, 0xff, 0xfc, 0xbf, 0xff, 0xf9,
    0x4a, 0xc0, 0x1f, 0xfc, 0xa2, 0x0, 0xff, 0xff,
    0x80, 0x7f, 0xfa, 0x92, 0x67, 0xff, 0x82, 0xc0,
    0x1f, 0xd8, 0xcd, 0xff, 0xc1, 0x10, 0xf, 0xff,
    0xf8, 0x7, 0xff, 0xfc, 0x3, 0xff, 0xcf, 0x8c,
    0xdf, 0x20, 0x7, 0xff, 0xd, 0x26, 0x7e, 0xb0,
    0xf, 0xff, 0xf8, 0x7, 0xff, 0xe0, 0x80, 0x3f,
    0xf8, 0x71, 0xff, 0xf6, 0x80, 0x7f, 0xff, 0xc0,
    0x3f, 0xff, 0xe0, 0x1f, 0xff, 0xf0, 0xf, 0x63,
    0x37, 0xff, 0x4, 0x40, 0x3f, 0x92, 0x67, 0xff,
    0x82, 0xc0, 0x1f, 0xff, 0xf0, 0xf, 0xff, 0xb,
    0x0, 0x7f, 0xf2, 0x88,

    /* U+00CB "Ë" */
    0x0, 0x8a, 0xbb, 0xfa, 0x44, 0x3, 0x9f, 0x7f,
    0xd6, 0x80, 0x1c, 0x7a, 0xa2, 0x2, 0xde, 0x40,
    0x15, 0xc1, 0x0, 0x12, 0xd8, 0x3, 0x70, 0x7,
    0x86, 0x40, 0xe, 0x80, 0x1e, 0x92, 0x0, 0x21,
    0x0, 0x7c, 0x82, 0x14, 0x1, 0xfa, 0x80, 0x4,
    0x1, 0xfc, 0xa0, 0x40, 0x1f, 0x8c, 0x3, 0xff,
    0x9c, 0x40, 0x1f, 0xca, 0x4, 0x1, 0xf8, 0xc0,
    0x8, 0x40, 0x1f, 0x20, 0x85, 0x0, 0x7e, 0xa0,
    0xb, 0xc4, 0x3, 0x8a, 0x80, 0xe, 0x80, 0x1e,
    0x92, 0x0, 0x8b, 0xd8, 0x40, 0x5f, 0x4, 0x2,
    0xb9, 0x20, 0x2, 0x63, 0x0, 0x70, 0xcf, 0x7f,
    0x40, 0x80, 0x73, 0x6f, 0xfa, 0xcc, 0x3, 0xff,
    0xfe, 0x5f, 0xff, 0xfc, 0xa5, 0x60, 0xf, 0xfe,
    0x51, 0x0, 0x7f, 0xff, 0xc0, 0x3f, 0xfd, 0x49,
    0x33, 0xff, 0xc1, 0x60, 0xf, 0xec, 0x66, 0xff,
    0xe0, 0x88, 0x7, 0xff, 0xfc, 0x3, 0xff, 0xfe,
    0x1, 0xff, 0xe7, 0xc6, 0x6f, 0x90, 0x3, 0xff,
    0x86, 0x93, 0x3f, 0x58, 0x7, 0xff, 0xfc, 0x3,
    0xff, 0xf0, 0x40, 0x1f, 0xfc, 0x38, 0xff, 0xfb,
    0x40, 0x3f, 0xff, 0xe0, 0x1f, 0xff, 0xf0, 0xf,
    0xff, 0xf8, 0x7, 0xb1, 0x9b, 0xff, 0x82, 0x20,
    0x1f, 0xc9, 0x33, 0xff, 0xc1, 0x60, 0xf, 0xff,
    0xf8, 0x7, 0xff, 0x85, 0x80, 0x3f, 0xf9, 0x44,

    /* U+00CC "Ì" */
    0x6, 0x6f, 0x28, 0x7, 0xd7, 0x33, 0xd4, 0xc0,
    0x1e, 0xe0, 0xf, 0x40, 0x80, 0x71, 0xc8, 0x7,
    0xc, 0x0, 0x79, 0x98, 0x1, 0xcc, 0x60, 0x1e,
    0x93, 0x0, 0xee, 0x0, 0xfb, 0x84, 0x3, 0x13,
    0x80, 0x78, 0xa8, 0x3, 0xa8, 0x3, 0xe4, 0xff,
    0xed, 0x0, 0xff, 0xf2, 0x17, 0xff, 0xe5, 0x0,
    0xcc, 0x1, 0xf8, 0x80, 0x3f, 0xff, 0xe0, 0x1f,
    0xff, 0xf0, 0xf, 0xff, 0xf8, 0x7, 0xff, 0xfc,
    0x3, 0xff, 0xfe, 0x1, 0xff, 0xff, 0x0, 0xff,
    0xff, 0x80, 0x7f, 0xf6, 0xd8, 0x3, 0xf1, 0x0,

    /* U+00CD "Í" */
    0x0, 0xe5, 0x66, 0xf0, 0x7, 0x3d, 0x4c, 0xf5,
    0x80, 0x61, 0x80, 0xf, 0x78, 0x6, 0xb0, 0xf,
    0x51, 0x0, 0x48, 0xa0, 0x1c, 0xca, 0x1, 0xa4,
    0x3, 0x8e, 0x40, 0x33, 0x90, 0x6, 0x1d, 0x0,
    0xea, 0x0, 0xc3, 0xa2, 0x1, 0xdb, 0xff, 0xb8,
    0xc0, 0x3f, 0xfc, 0x5, 0xff, 0xf9, 0x40, 0x26,
    0x0, 0xfc, 0x40, 0x1f, 0xff, 0xf0, 0xf, 0xff,
    0xf8, 0x7, 0xff, 0xfc, 0x3, 0xff, 0xfe, 0x1,
    0xff, 0xff, 0x0, 0xff, 0xff, 0x80, 0x7f, 0xff,
    0x58, 0x3, 0xf1, 0x0, 0x40,

    /* U+00CE "Î" */
    0x0, 0xe3, 0x66, 0xfc, 0x60, 0x1f, 0xc7, 0x93,
    0x3f, 0xb0, 0x80, 0x3f, 0x78, 0x7, 0xfb, 0x80,
    0x3e, 0x73, 0x0, 0xff, 0x1b, 0x80, 0x71, 0x40,
    0x7, 0x23, 0x0, 0x74, 0x10, 0x6, 0x90, 0xf,
    0x4c, 0x8, 0x7, 0x70, 0x4, 0xa8, 0x1, 0xcc,
    0x43, 0x20, 0x1c, 0x6e, 0x0, 0x80, 0xe, 0x28,
    0x0, 0x39, 0x80, 0x74, 0x80, 0x37, 0xff, 0xb4,
    0x40, 0x2c, 0xff, 0xee, 0x0, 0xff, 0xfb, 0x17,
    0xff, 0xe5, 0x0, 0xff, 0x30, 0x7, 0xe2, 0x0,
    0xff, 0xff, 0x80, 0x7f, 0xff, 0xc0, 0x3f, 0xff,
    0xe0, 0x1f, 0xff, 0xf0, 0xf, 0xff, 0xf8, 0x7,
    0xff, 0xfc, 0x3, 0xff, 0xfe, 0x1, 0xff, 0xff,
    0x0, 0xff, 0xff, 0x80, 0x7f, 0xff, 0xc0, 0x3f,
    0xfe, 0xc, 0x1, 0xf8, 0x80, 0x38,

    /* U+00CF "Ï" */
    0x0, 0x15, 0x77, 0xec, 0x8, 0x7, 0x3e, 0xff,
    0x59, 0x80, 0x49, 0xaa, 0x20, 0x4f, 0x82, 0x1,
    0x64, 0x10, 0xa, 0x63, 0x0, 0x28, 0x3, 0xc5,
    0x60, 0x8, 0x30, 0xf, 0x48, 0xa8, 0x80, 0x7c,
    0xa2, 0xc, 0x1, 0xf9, 0x88, 0x3, 0xf8, 0x84,
    0x40, 0x1f, 0xb4, 0x3, 0xff, 0x94, 0x40, 0x1f,
    0xc6, 0x22, 0x0, 0xfd, 0xaa, 0x20, 0x1f, 0x28,
    0x1, 0x80, 0x3f, 0x30, 0x68, 0x7, 0x8a, 0xc0,
    0x10, 0x80, 0x1e, 0xa1, 0x3, 0xd5, 0x10, 0x27,
    0xd1, 0x0, 0xae, 0x8, 0x5, 0x31, 0x40, 0x22,
    0xae, 0xfd, 0x80, 0xf, 0x3e, 0xff, 0x59, 0x80,
    0x7f, 0xff, 0x8b, 0xff, 0xf2, 0x80, 0x7f, 0xf0,
    0x18, 0x3, 0xf1, 0x0, 0x7f, 0xff, 0xc0, 0x3f,
    0xff, 0xe0, 0x1f, 0xff, 0xf0, 0xf, 0xff, 0xf8,
    0x7, 0xff, 0xfc, 0x3, 0xff, 0xfe, 0x1, 0xff,
    0xff, 0x0, 0xff, 0xff, 0x80, 0x7f, 0xff, 0xc0,
    0x3f, 0xff, 0xe0, 0x1f, 0xff, 0xf0, 0xf, 0xff,
    0xbb, 0x0, 0x7e, 0x20, 0xf, 0x0,

    /* U+00D0 "Ð" */
    0x0, 0x1f, 0xff, 0xff, 0x3, 0xb6, 0xdc, 0xc0,
    0x3f, 0xcc, 0x1, 0xff, 0xc0, 0x12, 0x48, 0xcc,
    0x28, 0x7, 0xff, 0x38, 0xea, 0x80, 0x1f, 0xfc,
    0xf5, 0xc0, 0xf, 0xfe, 0x79, 0xd8, 0x7, 0xff,
    0x3d, 0x18, 0x3, 0xff, 0x9f, 0x0, 0x1f, 0xfc,
    0x15, 0x99, 0x43, 0x0, 0x7f, 0xa, 0x80, 0x7f,
    0xf0, 0x31, 0x98, 0xf3, 0xa2, 0x1, 0xfb, 0x0,
    0x3f, 0xf8, 0xa5, 0x60, 0x1f, 0x90, 0x3, 0xff,
    0x8c, 0xa2, 0x1, 0xf1, 0x0, 0x7f, 0xf1, 0xd4,
    0x3, 0xff, 0x9e, 0x20, 0x1f, 0x84, 0x3, 0xff,
    0xfe, 0x1, 0xff, 0xf5, 0x2f, 0xa0, 0xf, 0xd3,
    0xfe, 0x90, 0xf, 0xfe, 0xb, 0x0, 0x7f, 0xf0,
    0x48, 0x3, 0xff, 0xf2, 0xc0, 0x1f, 0xfc, 0x12,
    0x0, 0xff, 0xe0, 0x97, 0xd0, 0x7, 0xe9, 0xff,
    0x48, 0x7, 0xff, 0xfc, 0x3, 0xff, 0xfe, 0x1,
    0xff, 0xff, 0x0, 0x8, 0x7, 0xe1, 0x0, 0xff,
    0xe3, 0x28, 0x7, 0xff, 0x39, 0x44, 0x3, 0xe2,
    0x0, 0xff, 0xe2, 0x95, 0x80, 0x7e, 0x70, 0xf,
    0xfe, 0x6, 0x33, 0x53, 0xa2, 0x1, 0xfb, 0xc0,
    0x3f, 0xf8, 0xb, 0x33, 0x30, 0x7, 0xf0, 0xa8,
    0x7, 0xff, 0x3a, 0x0, 0x3f, 0xf9, 0xc8, 0xc0,
    0x1f, 0xfc, 0xd2, 0xb0, 0xf, 0xfe, 0x6a, 0xe8,
    0x7, 0xff, 0x30, 0xea, 0x80, 0x1f, 0x30, 0x7,
    0xff, 0x0, 0x49, 0x23, 0x30, 0xa0, 0x1e,

    /* U+00D1 "Ñ" */
    0x0, 0xfc, 0x75, 0xdf, 0xb4, 0x60, 0x1d, 0x8,
    0x1, 0xff, 0xc1, 0x8c, 0x51, 0x2, 0x5c, 0xc2,
    0x0, 0xd3, 0xdc, 0x80, 0x7f, 0xcc, 0xe0, 0x1f,
    0x1d, 0xff, 0x28, 0x1, 0xb0, 0x3, 0xfd, 0x0,
    0x1f, 0xfc, 0x45, 0x0, 0xfe, 0x10, 0xf, 0xfe,
    0x21, 0x48, 0x7, 0xf0, 0xfa, 0x0, 0x1b, 0xb9,
    0x2, 0x1, 0xe3, 0xc0, 0xf, 0xf8, 0x6e, 0x5e,
    0x44, 0x4f, 0xd4, 0x82, 0x23, 0x9c, 0x10, 0xf,
    0xfe, 0xb, 0x40, 0x7, 0x2d, 0xf7, 0x31, 0x80,
    0x3f, 0xff, 0xe0, 0x1f, 0xfe, 0x2, 0xff, 0xfe,
    0x40, 0xf, 0x9b, 0xff, 0xee, 0x6, 0x0, 0xfe,
    0xf0, 0xf, 0xb8, 0x3, 0xe1, 0x20, 0xf, 0xf2,
    0x0, 0x7f, 0xf4, 0x14, 0x3, 0xff, 0x9f, 0xe0,
    0x1f, 0xfc, 0xf5, 0x0, 0xff, 0xe8, 0x28, 0x7,
    0xff, 0x3f, 0xc0, 0x3f, 0xf9, 0xea, 0x1, 0xff,
    0xd0, 0x40, 0xf, 0xfe, 0x7e, 0x80, 0x7f, 0xf3,
    0xdc, 0x3, 0xff, 0x9e, 0x28, 0x1, 0xff, 0xcf,
    0xd0, 0xf, 0xfe, 0x7b, 0x80, 0x7f, 0xf3, 0xc5,
    0x0, 0x3f, 0xf9, 0xfa, 0x1, 0xff, 0xcf, 0x70,
    0xf, 0xfe, 0x49, 0x0, 0x70, 0x98, 0x7, 0xff,
    0x22, 0xc0, 0x3d, 0x61, 0xe0, 0x1f, 0xfc, 0x63,
    0x50, 0xe, 0x60, 0xf, 0xfe, 0x4f, 0x80, 0x70,
    0x98, 0x7, 0xff, 0x21, 0x40, 0x3d, 0x60, 0x1f,
    0xfc, 0x94, 0x0, 0xe5, 0x0, 0xff, 0xe4, 0xe8,
    0x7, 0x15, 0x80, 0x7f, 0xf2, 0x1c, 0x3, 0xc6,
    0x1, 0xff, 0xc8, 0x14, 0x0, 0xff, 0xe7, 0xe8,
    0x7, 0xff, 0x3d, 0xc0, 0x3f, 0xf9, 0xe2, 0x60,
    0x1f, 0xfc, 0xfb, 0x0, 0xff, 0xe5, 0x98, 0x4,
    0xc0, 0x1f, 0xfc, 0xf1, 0x30, 0xf, 0xfe, 0x7d,
    0x80, 0x7f, 0xf3, 0xd4, 0x3, 0xff, 0x9e, 0x44,
    0x0, 0xff, 0xe7, 0xa8, 0x7, 0xff, 0x3e, 0x80,
    0x3f, 0xf9, 0xe4, 0x40, 0xf, 0xfe, 0x7a, 0x80,
    0x7f, 0xf3, 0xec, 0x3, 0xff, 0x9e, 0x62, 0x1,
    0xfe, 0x60, 0xf, 0xc4, 0x1, 0xf4, 0x80, 0x7e,
    0x12,

    /* U+00D2 "Ò" */
    0x0, 0xc4, 0xcd, 0xe2, 0x0, 0xff, 0xe3, 0x24,
    0xcf, 0xbc, 0x3, 0xff, 0x8c, 0xca, 0x1, 0xc5,
    0x0, 0x1f, 0xfc, 0x6a, 0x20, 0xe, 0x72, 0x0,
    0xff, 0xe3, 0x78, 0x7, 0xa4, 0x3, 0xff, 0x8c,
    0x54, 0x1, 0xc8, 0xa0, 0x1f, 0xfc, 0x65, 0x70,
    0xe, 0xb0, 0xf, 0xfe, 0x3c, 0x20, 0x6, 0x15,
    0x0, 0xff, 0xe3, 0xdf, 0xff, 0x28, 0x7, 0xff,
    0xe4, 0x9a, 0xb7, 0xbf, 0xb6, 0xdc, 0xc0, 0x3f,
    0xf8, 0x27, 0x7b, 0x2a, 0x42, 0x2, 0x49, 0x19,
    0xaa, 0x1, 0xfe, 0x7c, 0x40, 0xf, 0xf8, 0xaa,
    0xc4, 0x3, 0xea, 0x80, 0xf, 0xfe, 0x1a, 0x60,
    0x80, 0x74, 0x28, 0x7, 0xff, 0x14, 0xb4, 0x3,
    0x1b, 0x80, 0x7f, 0xf1, 0xce, 0x0, 0x28, 0x0,
    0xff, 0xe4, 0xb8, 0x81, 0x20, 0x7, 0xf3, 0x43,
    0x90, 0x7, 0xf3, 0x2, 0x0, 0x7e, 0x1d, 0x97,
    0x8d, 0x40, 0xf, 0xd8, 0x18, 0x1, 0xfa, 0x88,
    0x3, 0x50, 0x7, 0xe4, 0x6, 0x0, 0xfc, 0x80,
    0x1c, 0x2a, 0x1, 0xf8, 0x44, 0x1, 0xf1, 0x0,
    0x7c, 0x40, 0x1f, 0x8c, 0xc0, 0x1f, 0xfc, 0xc1,
    0x0, 0xff, 0xff, 0x80, 0x7f, 0xff, 0xc0, 0x3f,
    0xff, 0xe0, 0x1f, 0xff, 0xf0, 0xf, 0xff, 0xf8,
    0x7, 0xff, 0xfc, 0x3, 0xff, 0xc0, 0x40, 0x1f,
    0x18, 0x7, 0xc2, 0x1, 0xf8, 0x5c, 0x3, 0xe1,
    0x10, 0x7, 0x94, 0x3, 0xf1, 0x18, 0x7, 0xe8,
    0x0, 0xe4, 0x30, 0xf, 0x84, 0x30, 0x3, 0xf3,
    0x48, 0x80, 0x1a, 0xc0, 0x3f, 0x38, 0x20, 0x80,
    0x7e, 0x6e, 0xff, 0x48, 0x7, 0xf6, 0x80, 0x24,
    0x3, 0xff, 0x92, 0x68, 0x0, 0x72, 0x0, 0xff,
    0xe4, 0x78, 0x6, 0xf1, 0x0, 0xff, 0xe3, 0x49,
    0x80, 0x62, 0xd1, 0x0, 0xff, 0xe2, 0x4b, 0x0,
    0x78, 0xfd, 0x0, 0x3f, 0xf8, 0x25, 0x8c, 0x1,
    0xf8, 0x6f, 0x14, 0x40, 0x3f, 0x25, 0x69, 0x80,
    0x7f, 0xc7, 0x5d, 0x95, 0x31, 0x35, 0x9f, 0x6a,
    0x1, 0xf0,

    /* U+00D3 "Ó" */
    0x0, 0xff, 0xe0, 0x13, 0x37, 0x8c, 0x3, 0xff,
    0x8d, 0xf3, 0x3e, 0x40, 0xf, 0xfe, 0x2b, 0x90,
    0x7, 0x23, 0x80, 0x7f, 0xf1, 0xa, 0x0, 0x38,
    0xa8, 0x3, 0xff, 0x8b, 0x20, 0x1e, 0xf1, 0x0,
    0xff, 0xe2, 0x22, 0x0, 0x3a, 0x88, 0x3, 0xff,
    0x8b, 0x20, 0x1c, 0xca, 0x1, 0xff, 0xc5, 0x42,
    0x0, 0xc9, 0x20, 0x1f, 0xfc, 0x64, 0xff, 0xeb,
    0x0, 0xff, 0xfd, 0x13, 0x56, 0xf7, 0xf6, 0xdb,
    0x98, 0x7, 0xff, 0x4, 0xef, 0x65, 0x48, 0x40,
    0x49, 0x23, 0x35, 0x40, 0x3f, 0xcf, 0x88, 0x1,
    0xff, 0x15, 0x58, 0x80, 0x7d, 0x50, 0x1, 0xff,
    0xc3, 0x4c, 0x10, 0xe, 0x85, 0x0, 0xff, 0xe2,
    0x96, 0x80, 0x63, 0x70, 0xf, 0xfe, 0x39, 0xc0,
    0x5, 0x0, 0x1f, 0xfc, 0x97, 0x10, 0x24, 0x0,
    0xfe, 0x68, 0x72, 0x0, 0xfe, 0x60, 0x40, 0xf,
    0xc3, 0xb2, 0xf1, 0xa8, 0x1, 0xfb, 0x3, 0x0,
    0x3f, 0x51, 0x0, 0x6a, 0x0, 0xfc, 0x80, 0xc0,
    0x1f, 0x90, 0x3, 0x85, 0x40, 0x3f, 0x8, 0x80,
    0x3e, 0x20, 0xf, 0x88, 0x3, 0xf1, 0x98, 0x3,
    0xff, 0x98, 0x20, 0x1f, 0xff, 0xf0, 0xf, 0xff,
    0xf8, 0x7, 0xff, 0xfc, 0x3, 0xff, 0xfe, 0x1,
    0xff, 0xff, 0x0, 0xff, 0xff, 0x80, 0x7f, 0xf8,
    0x8, 0x3, 0xe3, 0x0, 0xf8, 0x40, 0x3f, 0xb,
    0x80, 0x7c, 0x22, 0x0, 0xf2, 0x80, 0x7e, 0x23,
    0x0, 0xfd, 0x0, 0x1c, 0x86, 0x1, 0xf0, 0x86,
    0x0, 0x7e, 0x69, 0x10, 0x3, 0x58, 0x7, 0xe7,
    0x4, 0x10, 0xf, 0xcd, 0xdf, 0xe9, 0x0, 0xfe,
    0xd0, 0x4, 0x80, 0x7f, 0xf2, 0x4d, 0x0, 0xe,
    0x40, 0x1f, 0xfc, 0x8f, 0x0, 0xde, 0x20, 0x1f,
    0xfc, 0x69, 0x30, 0xc, 0x5a, 0x20, 0x1f, 0xfc,
    0x49, 0x60, 0xf, 0x1f, 0xa0, 0x7, 0xff, 0x4,
    0xb1, 0x80, 0x3f, 0xd, 0xe2, 0x88, 0x7, 0xe4,
    0xad, 0x30, 0xf, 0xf8, 0xeb, 0xb2, 0xa6, 0x26,
    0xb3, 0xed, 0x40, 0x3e,

    /* U+00D4 "Ô" */
    0x0, 0xfc, 0xcd, 0xfc, 0x1, 0xff, 0xc4, 0xa9,
    0x9f, 0xea, 0x0, 0xff, 0xe1, 0x2a, 0x80, 0x3f,
    0x95, 0x0, 0x3f, 0xf8, 0x36, 0x1, 0xff, 0x50,
    0x80, 0x7f, 0xd2, 0x20, 0x1d, 0x40, 0x1c, 0x36,
    0x1, 0xfe, 0x36, 0x0, 0xe5, 0x53, 0x80, 0x72,
    0xa0, 0x7, 0xf7, 0x0, 0x7a, 0xc2, 0x4, 0x3,
    0xa8, 0x40, 0x3e, 0x52, 0x0, 0xe9, 0x10, 0x5,
    0x80, 0x70, 0xb0, 0x7, 0xcb, 0xff, 0xe6, 0x0,
    0x97, 0xff, 0xce, 0x1, 0xff, 0xf3, 0x26, 0xad,
    0xef, 0xed, 0xb7, 0x30, 0xf, 0xfe, 0x9, 0xde,
    0xca, 0x90, 0x80, 0x92, 0x46, 0x6a, 0x80, 0x7f,
    0x9f, 0x10, 0x3, 0xfe, 0x2a, 0xb1, 0x0, 0xfa,
    0xa0, 0x3, 0xff, 0x86, 0x98, 0x20, 0x1d, 0xa,
    0x1, 0xff, 0xc5, 0x2d, 0x0, 0xc6, 0xe0, 0x1f,
    0xfc, 0x73, 0x80, 0xa, 0x0, 0x3f, 0xf9, 0x2e,
    0x20, 0x48, 0x1, 0xfc, 0xd0, 0xe4, 0x1, 0xfc,
    0xc0, 0x80, 0x1f, 0x87, 0x65, 0xe3, 0x50, 0x3,
    0xf6, 0x6, 0x0, 0x7e, 0xa2, 0x0, 0xd4, 0x1,
    0xf9, 0x1, 0x80, 0x3f, 0x20, 0x7, 0xa, 0x80,
    0x7e, 0x11, 0x0, 0x7c, 0x40, 0x1f, 0x10, 0x7,
    0xe3, 0x30, 0x7, 0xff, 0x30, 0x40, 0x3f, 0xff,
    0xe0, 0x1f, 0xff, 0xf0, 0xf, 0xff, 0xf8, 0x7,
    0xff, 0xfc, 0x3, 0xff, 0xfe, 0x1, 0xff, 0xff,
    0x0, 0xff, 0xf0, 0x10, 0x7, 0xc6, 0x1, 0xf0,
    0x80, 0x7e, 0x17, 0x0, 0xf8, 0x44, 0x1, 0xe5,
    0x0, 0xfc, 0x46, 0x1, 0xfa, 0x0, 0x39, 0xc,
    0x3, 0xe1, 0xc, 0x0, 0xfc, 0xd2, 0x20, 0x6,
    0xb0, 0xf, 0xce, 0x8, 0x20, 0x1f, 0x9b, 0xbf,
    0xd2, 0x1, 0xfd, 0xa0, 0x9, 0x0, 0xff, 0xe4,
    0x9a, 0x0, 0x1c, 0x80, 0x3f, 0xf9, 0x1e, 0x1,
    0xbc, 0x40, 0x3f, 0xf8, 0xd2, 0x60, 0x18, 0xb4,
    0x40, 0x3f, 0xf8, 0x92, 0xc0, 0x1e, 0x3f, 0x40,
    0xf, 0xfe, 0x9, 0x63, 0x0, 0x7e, 0x1b, 0xc5,
    0x10, 0xf, 0xc9, 0x5a, 0x60, 0x1f, 0xf1, 0xd7,
    0x65, 0x4c, 0x4d, 0x67, 0xda, 0x80, 0x7c,

    /* U+00D5 "Õ" */
    0x0, 0xf9, 0x6f, 0xbf, 0x60, 0x80, 0x30, 0xc9,
    0x0, 0x7f, 0xd7, 0x48, 0x20, 0x4f, 0xb4, 0x60,
    0x5a, 0xda, 0xc0, 0x1f, 0xd2, 0x80, 0x1f, 0x2e,
    0x7e, 0x98, 0x2, 0x60, 0x3, 0xe3, 0x60, 0xf,
    0xfe, 0x27, 0x0, 0x7f, 0xf3, 0x15, 0x80, 0x3e,
    0x3c, 0x20, 0x4, 0x7e, 0xb8, 0x7, 0xcb, 0x40,
    0x1f, 0xc7, 0xaf, 0x2e, 0x5, 0x1d, 0x26, 0x2,
    0x97, 0x40, 0x1f, 0xfc, 0x8, 0x60, 0xc, 0x2d,
    0x9f, 0xd6, 0x80, 0x1f, 0xff, 0xf0, 0xf, 0xfe,
    0x21, 0x35, 0x6f, 0x7f, 0x6d, 0xb9, 0x80, 0x7f,
    0xf0, 0x4e, 0xf6, 0x54, 0x84, 0x4, 0x92, 0x33,
    0x54, 0x3, 0xfc, 0xf8, 0x80, 0x1f, 0xf1, 0x55,
    0x88, 0x7, 0xd5, 0x0, 0x1f, 0xfc, 0x34, 0xc1,
    0x0, 0xe8, 0x50, 0xf, 0xfe, 0x29, 0x68, 0x6,
    0x37, 0x0, 0xff, 0xe3, 0x9c, 0x0, 0x50, 0x1,
    0xff, 0xc9, 0x71, 0x2, 0x40, 0xf, 0xe6, 0x87,
    0x20, 0xf, 0xe6, 0x4, 0x0, 0xfc, 0x3b, 0x2f,
    0x1a, 0x80, 0x1f, 0xb0, 0x30, 0x3, 0xf5, 0x10,
    0x6, 0xa0, 0xf, 0xc8, 0xc, 0x1, 0xf9, 0x0,
    0x38, 0x54, 0x3, 0xf0, 0x88, 0x3, 0xe2, 0x0,
    0xf8, 0x80, 0x3f, 0x19, 0x80, 0x3f, 0xf9, 0x82,
    0x1, 0xff, 0xff, 0x0, 0xff, 0xff, 0x80, 0x7f,
    0xff, 0xc0, 0x3f, 0xff, 0xe0, 0x1f, 0xff, 0xf0,
    0xf, 0xff, 0xf8, 0x7, 0xff, 0x80, 0x80, 0x3e,
    0x30, 0xf, 0x84, 0x3, 0xf0, 0xb8, 0x7, 0xc2,
    0x20, 0xf, 0x28, 0x7, 0xe2, 0x30, 0xf, 0xd0,
    0x1, 0xc8, 0x60, 0x1f, 0x8, 0x60, 0x7, 0xe6,
    0x91, 0x0, 0x35, 0x80, 0x7e, 0x70, 0x41, 0x0,
    0xfc, 0xdd, 0xfe, 0x90, 0xf, 0xed, 0x0, 0x48,
    0x7, 0xff, 0x24, 0xd0, 0x0, 0xe4, 0x1, 0xff,
    0xc8, 0xf0, 0xd, 0xe2, 0x1, 0xff, 0xc6, 0x93,
    0x0, 0xc5, 0xa2, 0x1, 0xff, 0xc4, 0x96, 0x0,
    0xf1, 0xfa, 0x0, 0x7f, 0xf0, 0x4b, 0x18, 0x3,
    0xf0, 0xde, 0x28, 0x80, 0x7e, 0x4a, 0xd3, 0x0,
    0xff, 0x8e, 0xbb, 0x2a, 0x62, 0x6b, 0x3e, 0xd4,
    0x3, 0xe0,

    /* U+00D6 "Ö" */
    0x0, 0xcf, 0xbf, 0xeb, 0x40, 0xe, 0x3b, 0xef,
    0xd8, 0x0, 0xfd, 0x70, 0x40, 0x4, 0xb7, 0x0,
    0x97, 0x10, 0x40, 0x9f, 0x0, 0x3c, 0xe8, 0x1,
    0xe8, 0x20, 0x1a, 0x0, 0xf1, 0xc8, 0x7, 0x50,
    0x7, 0xea, 0x7, 0x0, 0xfc, 0xc0, 0x1c, 0x40,
    0x1f, 0x8c, 0x3c, 0x3, 0xf8, 0x80, 0x3f, 0xfa,
    0x44, 0x1, 0xf8, 0xc3, 0xc0, 0x3f, 0x88, 0x3,
    0x58, 0x7, 0xea, 0x7, 0x10, 0xf, 0x9c, 0x3,
    0x99, 0x40, 0x3d, 0x24, 0x3, 0x40, 0x1e, 0x38,
    0x0, 0xf5, 0x49, 0x80, 0x12, 0xd8, 0x2, 0x4c,
    0x51, 0x2, 0x8c, 0x0, 0xfc, 0xd9, 0xfe, 0xb4,
    0x0, 0xe3, 0xae, 0xfd, 0x70, 0xf, 0xff, 0xa1,
    0x35, 0x6f, 0x7f, 0x6d, 0xb9, 0x80, 0x7f, 0xf0,
    0x4e, 0xf6, 0x54, 0x84, 0x4, 0x92, 0x33, 0x54,
    0x3, 0xfc, 0xf8, 0x80, 0x1f, 0xf1, 0x55, 0x88,
    0x7, 0xd5, 0x0, 0x1f, 0xfc, 0x34, 0xc1, 0x0,
    0xe8, 0x50, 0xf, 0xfe, 0x29, 0x68, 0x6, 0x37,
    0x0, 0xff, 0xe3, 0x9c, 0x0, 0x50, 0x1, 0xff,
    0xc9, 0x71, 0x2, 0x40, 0xf, 0xe6, 0x87, 0x20,
    0xf, 0xe6, 0x4, 0x0, 0xfc, 0x3b, 0x2f, 0x1a,
    0x80, 0x1f, 0xb0, 0x30, 0x3, 0xf5, 0x10, 0x6,
    0xa0, 0xf, 0xc8, 0xc, 0x1, 0xf9, 0x0, 0x38,
    0x54, 0x3, 0xf0, 0x88, 0x3, 0xe2, 0x0, 0xf8,
    0x80, 0x3f, 0x19, 0x80, 0x3f, 0xf9, 0x82, 0x1,
    0xff, 0xff, 0x0, 0xff, 0xff, 0x80, 0x7f, 0xff,
    0xc0, 0x3f, 0xff, 0xe0, 0x1f, 0xff, 0xf0, 0xf,
    0xff, 0xf8, 0x7, 0xff, 0x80, 0x80, 0x3e, 0x30,
    0xf, 0x84, 0x3, 0xf0, 0xb8, 0x7, 0xc2, 0x20,
    0xf, 0x28, 0x7, 0xe2, 0x30, 0xf, 0xd0, 0x1,
    0xc8, 0x60, 0x1f, 0x8, 0x60, 0x7, 0xe6, 0x91,
    0x0, 0x35, 0x80, 0x7e, 0x70, 0x41, 0x0, 0xfc,
    0xdd, 0xfe, 0x90, 0xf, 0xed, 0x0, 0x48, 0x7,
    0xff, 0x24, 0xd0, 0x0, 0xe4, 0x1, 0xff, 0xc8,
    0xf0, 0xd, 0xe2, 0x1, 0xff, 0xc6, 0x93, 0x0,
    0xc5, 0xa2, 0x1, 0xff, 0xc4, 0x96, 0x0, 0xf1,
    0xfa, 0x0, 0x7f, 0xf0, 0x4b, 0x18, 0x3, 0xf0,
    0xde, 0x28, 0x80, 0x7e, 0x4a, 0xd3, 0x0, 0xff,
    0x8e, 0xbb, 0x2a, 0x62, 0x6b, 0x3e, 0xd4, 0x3,
    0xe0,

    /* U+00D7 "×" */
    0x0, 0xd1, 0x40, 0x1f, 0xe2, 0xc4, 0x0, 0xf4,
    0x3a, 0xd8, 0x7, 0xe2, 0xc3, 0xb4, 0x0, 0xd0,
    0xe0, 0x4, 0xb0, 0xf, 0x16, 0x8, 0x2, 0xd0,
    0x1, 0xe, 0x1, 0x92, 0xc0, 0x31, 0x60, 0x80,
    0x6b, 0x42, 0x70, 0xf, 0x25, 0x80, 0xb, 0x4,
    0x3, 0xd2, 0x4e, 0x1, 0xf2, 0x59, 0x60, 0x80,
    0x7d, 0xc1, 0xe, 0x1, 0xf2, 0x68, 0x80, 0x7d,
    0x86, 0x0, 0x87, 0x0, 0xff, 0xe1, 0xe1, 0x80,
    0x68, 0x70, 0xf, 0xfe, 0xe, 0x18, 0x7, 0xa1,
    0xc0, 0x3f, 0xec, 0x30, 0xf, 0xd0, 0xa0, 0x1f,
    0xd4, 0x60, 0x1f, 0xc4, 0x80, 0x1f, 0xdc, 0x1,
    0xfc, 0x58, 0x20, 0x1f, 0xc9, 0x60, 0x1f, 0x16,
    0x8, 0x7, 0xfc, 0x96, 0x1, 0xc5, 0x82, 0x1,
    0xff, 0xc1, 0x4b, 0x0, 0x8b, 0x4, 0x3, 0xe5,
    0x0, 0xf9, 0x2c, 0x7, 0x4, 0x3, 0xec, 0xa7,
    0x0, 0xf9, 0x2c, 0x3, 0xfa, 0xcc, 0x21, 0xc0,
    0x3e, 0x11, 0x60, 0x80, 0x75, 0xa0, 0x5, 0xe,
    0x1, 0xc9, 0x40, 0x58, 0x20, 0x15, 0xa0, 0x7,
    0x43, 0x80, 0x49, 0x60, 0x11, 0x60, 0x85, 0xa0,
    0x7, 0xd0, 0xe0, 0x96, 0x1, 0xc5, 0xfa, 0x80,
    0x1f, 0xd1, 0x96, 0x1, 0x0,

    /* U+00D8 "Ø" */
    0x0, 0xff, 0xe4, 0x9b, 0x0, 0x7f, 0xf3, 0xbe,
    0x70, 0xc0, 0x3f, 0xf9, 0x68, 0x60, 0x79, 0x22,
    0x1, 0xfc, 0x4f, 0x7b, 0xdf, 0xed, 0xb7, 0x20,
    0xf0, 0xc, 0xda, 0x1, 0xf1, 0xde, 0xc2, 0x10,
    0x80, 0x9, 0x23, 0x74, 0x80, 0x1c, 0x80, 0x1e,
    0x8c, 0x40, 0xf, 0xf8, 0x80, 0x3d, 0x20, 0x1d,
    0x6e, 0x1, 0xff, 0xc7, 0x61, 0x0, 0xd2, 0x80,
    0x1f, 0xfc, 0x8b, 0x0, 0xc8, 0xc0, 0x1f, 0xfc,
    0x84, 0x20, 0xd, 0x0, 0x1f, 0xfc, 0x95, 0x0,
    0xc6, 0x60, 0xf, 0xc2, 0xd0, 0xe2, 0x1, 0xf8,
    0x58, 0x2, 0x40, 0xf, 0xc5, 0xf2, 0xf1, 0xc8,
    0x1, 0xfb, 0x40, 0x2c, 0x0, 0xfd, 0xc2, 0x1,
    0xa8, 0x3, 0xf2, 0x80, 0x4c, 0x1, 0xf0, 0x98,
    0x7, 0xa, 0x0, 0x7c, 0x20, 0x11, 0x80, 0x7c,
    0x40, 0x1f, 0x10, 0x7, 0xe1, 0x0, 0x8, 0x7,
    0xff, 0x30, 0xc0, 0x3f, 0xff, 0xe0, 0x1f, 0xff,
    0xf0, 0xf, 0xff, 0xf8, 0x7, 0xff, 0xfc, 0x3,
    0xff, 0xfe, 0x1, 0xff, 0xff, 0x0, 0xff, 0xff,
    0x80, 0x7f, 0x8, 0x7, 0xc2, 0x1, 0xf1, 0x80,
    0x7e, 0x30, 0x1, 0x0, 0x7c, 0x42, 0x1, 0xe7,
    0x0, 0xfc, 0x20, 0x6, 0x0, 0xfd, 0x20, 0x1c,
    0xa4, 0x1, 0xf1, 0x0, 0x58, 0x1, 0xf9, 0xe0,
    0x40, 0xd, 0x40, 0x1f, 0x94, 0x2, 0x70, 0xf,
    0xe7, 0xef, 0xf4, 0x80, 0x7f, 0x58, 0x4, 0x2c,
    0x1, 0xff, 0xc9, 0x43, 0x0, 0xca, 0x1, 0xff,
    0xc9, 0x90, 0xc, 0x66, 0x0, 0xff, 0xe4, 0x51,
    0x0, 0x69, 0x0, 0xff, 0xe4, 0x4a, 0x80, 0x62,
    0x50, 0xf, 0xfe, 0x31, 0x63, 0x0, 0x75, 0x0,
    0x7a, 0xd4, 0x3, 0xf9, 0x2f, 0x4c, 0x3, 0xd8,
    0x1, 0xce, 0x95, 0xf9, 0x51, 0x9, 0xac, 0xfb,
    0x40, 0xf, 0xc9, 0xca, 0x1, 0x48, 0x4, 0x6a,
    0xee, 0x65, 0x30, 0xf, 0xfe, 0x0, 0xd5, 0x93,
    0x88, 0x7, 0xff, 0x31, 0x36, 0x0, 0x3f, 0xf9,
    0x40,

    /* U+00D9 "Ù" */
    0x0, 0xc2, 0xcd, 0xe3, 0x0, 0xff, 0xe3, 0x14,
    0xcf, 0xb0, 0x40, 0x3f, 0xf8, 0xa7, 0x0, 0x1e,
    0xa0, 0xf, 0xfe, 0x33, 0xa0, 0x7, 0x22, 0x0,
    0x3f, 0xf8, 0xd4, 0x40, 0x1d, 0x20, 0x1f, 0xfc,
    0x61, 0xf0, 0xe, 0x28, 0x0, 0xff, 0xe3, 0x15,
    0x0, 0x73, 0x90, 0x7, 0xff, 0x19, 0x5c, 0x3,
    0xa8, 0x3, 0xff, 0x8f, 0x1f, 0xfd, 0x0, 0x1f,
    0xff, 0xf0, 0xf, 0xfe, 0xa, 0x7f, 0xfe, 0x20,
    0xf, 0x37, 0xff, 0xdc, 0x26, 0x1, 0xf9, 0x80,
    0x3d, 0xe0, 0x1f, 0x9, 0x80, 0x7f, 0xff, 0xc0,
    0x3f, 0xff, 0xe0, 0x1f, 0xff, 0xf0, 0xf, 0xff,
    0xf8, 0x7, 0xff, 0xfc, 0x3, 0xff, 0xfe, 0x1,
    0xff, 0xff, 0x0, 0xff, 0xff, 0x80, 0x7f, 0xff,
    0xc0, 0x3f, 0xff, 0xe0, 0x18, 0x40, 0x3f, 0xf9,
    0x86, 0x60, 0xf, 0xc4, 0x1, 0xe2, 0x0, 0xfc,
    0x2c, 0x1, 0xfb, 0xc0, 0x3c, 0xa0, 0x1f, 0x8,
    0x18, 0x7, 0xe6, 0x10, 0xc, 0xc2, 0x1, 0xf2,
    0x80, 0x10, 0x3, 0xf6, 0x18, 0x1, 0x64, 0x3,
    0xf6, 0x80, 0x38, 0x3, 0xf1, 0x67, 0xfa, 0x80,
    0x3f, 0x9c, 0x0, 0xa4, 0x1, 0xff, 0xc8, 0x61,
    0x0, 0xa4, 0x3, 0xff, 0x8e, 0x30, 0x1, 0x91,
    0xc0, 0x3f, 0xf8, 0xda, 0x20, 0x1d, 0xe, 0x1,
    0xff, 0xc3, 0x1b, 0x30, 0xf, 0xa2, 0x84, 0x3,
    0xff, 0x80, 0x78, 0x80, 0x1f, 0xcb, 0xd0, 0x40,
    0x1f, 0x92, 0xf0, 0x80, 0x3f, 0xf8, 0xf, 0xbd,
    0x73, 0x10, 0xab, 0xfb, 0x40, 0xf, 0x80,

    /* U+00DA "Ú" */
    0x0, 0xff, 0xe0, 0xb, 0x37, 0x90, 0x3, 0xff,
    0x8d, 0x53, 0x3e, 0xe0, 0xf, 0xfe, 0x2a, 0x20,
    0x3, 0x8a, 0x80, 0x3f, 0xf8, 0xb2, 0x1, 0xef,
    0x0, 0xff, 0xe2, 0xc1, 0x0, 0x75, 0x10, 0x7,
    0xff, 0x10, 0x9c, 0x3, 0x9d, 0x40, 0x3f, 0xf8,
    0xb2, 0x1, 0xc9, 0x0, 0x1f, 0xfc, 0x51, 0x40,
    0xc, 0x54, 0x1, 0xff, 0xc6, 0x1f, 0xfe, 0xd1,
    0x0, 0xff, 0xff, 0x80, 0x7f, 0xf0, 0x53, 0xff,
    0xf1, 0x0, 0x79, 0xbf, 0xfe, 0xe1, 0x30, 0xf,
    0xcc, 0x1, 0xef, 0x0, 0xf8, 0x4c, 0x3, 0xff,
    0xfe, 0x1, 0xff, 0xff, 0x0, 0xff, 0xff, 0x80,
    0x7f, 0xff, 0xc0, 0x3f, 0xff, 0xe0, 0x1f, 0xff,
    0xf0, 0xf, 0xff, 0xf8, 0x7, 0xff, 0xfc, 0x3,
    0xff, 0xfe, 0x1, 0xff, 0xff, 0x0, 0xc2, 0x1,
    0xff, 0xcc, 0x33, 0x0, 0x7e, 0x20, 0xf, 0x10,
    0x7, 0xe1, 0x60, 0xf, 0xde, 0x1, 0xe5, 0x0,
    0xf8, 0x40, 0xc0, 0x3f, 0x30, 0x80, 0x66, 0x10,
    0xf, 0x94, 0x0, 0x80, 0x1f, 0xb0, 0xc0, 0xb,
    0x20, 0x1f, 0xb4, 0x1, 0xc0, 0x1f, 0x8b, 0x3f,
    0xd4, 0x1, 0xfc, 0xe0, 0x5, 0x20, 0xf, 0xfe,
    0x43, 0x8, 0x5, 0x20, 0x1f, 0xfc, 0x71, 0x80,
    0xc, 0x8e, 0x1, 0xff, 0xc6, 0xd1, 0x0, 0xe8,
    0x70, 0xf, 0xfe, 0x18, 0xd9, 0x80, 0x7d, 0x14,
    0x20, 0x1f, 0xfc, 0x3, 0xc4, 0x0, 0xfe, 0x5e,
    0x82, 0x0, 0xfc, 0x97, 0x84, 0x1, 0xff, 0xc0,
    0x7d, 0xeb, 0x98, 0x85, 0x5f, 0xda, 0x0, 0x7c,

    /* U+00DB "Û" */
    0x0, 0xfc, 0xac, 0xdf, 0x84, 0x3, 0xff, 0x86,
    0xd5, 0x33, 0xfb, 0x0, 0x3f, 0xf8, 0x43, 0x20,
    0x1f, 0xc5, 0x0, 0x1f, 0xfc, 0x1a, 0x0, 0xff,
    0x9c, 0xc0, 0x3f, 0xe5, 0x40, 0xe, 0x82, 0x0,
    0xee, 0x0, 0xff, 0xd, 0x80, 0x71, 0x3c, 0x80,
    0x71, 0x40, 0x7, 0xf4, 0x8, 0x7, 0x40, 0x22,
    0x0, 0x39, 0xcc, 0x3, 0xe1, 0x60, 0xe, 0x55,
    0x0, 0x24, 0x40, 0x3a, 0x0, 0x3e, 0x1f, 0xff,
    0x50, 0x4, 0x5d, 0xff, 0xd6, 0x1, 0xff, 0xff,
    0x0, 0xf9, 0x3f, 0xff, 0x10, 0x7, 0x9b, 0xff,
    0xee, 0x13, 0x0, 0xfc, 0xc0, 0x1e, 0xf0, 0xf,
    0x84, 0xc0, 0x3f, 0xff, 0xe0, 0x1f, 0xff, 0xf0,
    0xf, 0xff, 0xf8, 0x7, 0xff, 0xfc, 0x3, 0xff,
    0xfe, 0x1, 0xff, 0xff, 0x0, 0xff, 0xff, 0x80,
    0x7f, 0xff, 0xc0, 0x3f, 0xff, 0xe0, 0x1f, 0xff,
    0xf0, 0xc, 0x20, 0x1f, 0xfc, 0xc3, 0x30, 0x7,
    0xe2, 0x0, 0xf1, 0x0, 0x7e, 0x16, 0x0, 0xfd,
    0xe0, 0x1e, 0x50, 0xf, 0x84, 0xc, 0x3, 0xf3,
    0x8, 0x6, 0x61, 0x0, 0xf9, 0x40, 0x8, 0x1,
    0xfb, 0xc, 0x0, 0xb2, 0x1, 0xfb, 0x40, 0x1c,
    0x1, 0xf8, 0xb3, 0xfd, 0x40, 0x1f, 0xce, 0x0,
    0x52, 0x0, 0xff, 0xe4, 0x30, 0x80, 0x52, 0x1,
    0xff, 0xc7, 0x18, 0x0, 0xc8, 0xe0, 0x1f, 0xfc,
    0x6d, 0x10, 0xe, 0x87, 0x0, 0xff, 0xe1, 0x8d,
    0x98, 0x7, 0xd1, 0x42, 0x1, 0xff, 0xc0, 0x3c,
    0x40, 0xf, 0xe5, 0xe8, 0x20, 0xf, 0xc9, 0x78,
    0x40, 0x1f, 0xfc, 0x7, 0xde, 0xb9, 0x88, 0x55,
    0xfd, 0xa0, 0x7, 0xc0,

    /* U+00DC "Ü" */
    0x0, 0xc9, 0x7f, 0xed, 0x60, 0xe, 0x19, 0xef,
    0xe9, 0x20, 0xf, 0x9e, 0xd0, 0x0, 0x53, 0x60,
    0x11, 0x7b, 0x8, 0xb, 0x61, 0x0, 0x71, 0xc0,
    0x7, 0x91, 0x80, 0x1c, 0x20, 0x1c, 0x3e, 0x1,
    0xd4, 0x1, 0xfa, 0x80, 0x8c, 0x3, 0xe2, 0x30,
    0xc, 0x40, 0x1f, 0x8c, 0x1c, 0x3, 0xf9, 0x40,
    0x3f, 0xfa, 0x44, 0x1, 0xf8, 0xc1, 0xc0, 0x3f,
    0x94, 0x3, 0x58, 0x7, 0xea, 0x2, 0x30, 0xf,
    0x8c, 0xc0, 0x18, 0xa4, 0x3, 0xca, 0xc0, 0xe,
    0x10, 0xe, 0x1e, 0x0, 0xf3, 0x5a, 0x0, 0xe,
    0x68, 0x2, 0x2f, 0x61, 0x1, 0x6f, 0x20, 0xf,
    0x92, 0xff, 0xd8, 0xc0, 0x1c, 0x33, 0xdf, 0xd2,
    0x20, 0x1f, 0xff, 0xf0, 0xf, 0x93, 0xff, 0xf1,
    0x0, 0x79, 0xbf, 0xfe, 0xe1, 0x30, 0xf, 0xcc,
    0x1, 0xef, 0x0, 0xf8, 0x4c, 0x3, 0xff, 0xfe,
    0x1, 0xff, 0xff, 0x0, 0xff, 0xff, 0x80, 0x7f,
    0xff, 0xc0, 0x3f, 0xff, 0xe0, 0x1f, 0xff, 0xf0,
    0xf, 0xff, 0xf8, 0x7, 0xff, 0xfc, 0x3, 0xff,
    0xfe, 0x1, 0xff, 0xff, 0x0, 0xc2, 0x1, 0xff,
    0xcc, 0x33, 0x0, 0x7e, 0x20, 0xf, 0x10, 0x7,
    0xe1, 0x60, 0xf, 0xde, 0x1, 0xe5, 0x0, 0xf8,
    0x40, 0xc0, 0x3f, 0x30, 0x80, 0x66, 0x10, 0xf,
    0x94, 0x0, 0x80, 0x1f, 0xb0, 0xc0, 0xb, 0x20,
    0x1f, 0xb4, 0x1, 0xc0, 0x1f, 0x8b, 0x3f, 0xd4,
    0x1, 0xfc, 0xe0, 0x5, 0x20, 0xf, 0xfe, 0x43,
    0x8, 0x5, 0x20, 0x1f, 0xfc, 0x71, 0x80, 0xc,
    0x8e, 0x1, 0xff, 0xc6, 0xd1, 0x0, 0xe8, 0x70,
    0xf, 0xfe, 0x18, 0xd9, 0x80, 0x7d, 0x14, 0x20,
    0x1f, 0xfc, 0x3, 0xc4, 0x0, 0xfe, 0x5e, 0x82,
    0x0, 0xfc, 0x97, 0x84, 0x1, 0xff, 0xc0, 0x7d,
    0xeb, 0x98, 0x85, 0x5f, 0xda, 0x0, 0x7c,

    /* U+00DD "Ý" */
    0x0, 0xff, 0xe0, 0x8b, 0x37, 0x90, 0x3, 0xff,
    0x8f, 0xb3, 0x3e, 0xc0, 0xf, 0xfe, 0x33, 0x18,
    0x7, 0x1c, 0x0, 0x7f, 0xf1, 0x46, 0x0, 0x38,
    0x74, 0x3, 0xff, 0x8d, 0x62, 0x1, 0xda, 0x20,
    0x1f, 0xfc, 0x53, 0x50, 0xe, 0x93, 0x0, 0xff,
    0xe3, 0x70, 0x7, 0x2b, 0x0, 0x7f, 0xf1, 0x8c,
    0x80, 0x31, 0xd0, 0x7, 0xff, 0x1c, 0xff, 0xfb,
    0x0, 0x3f, 0xff, 0xe0, 0x1f, 0xfc, 0x56, 0xff,
    0xfd, 0x0, 0x1f, 0x17, 0xff, 0xec, 0x50, 0xf,
    0xcc, 0x1, 0xf5, 0x0, 0x7e, 0x53, 0x10, 0xf,
    0x84, 0x80, 0x3c, 0x80, 0x1f, 0xb4, 0x18, 0x3,
    0xf2, 0x0, 0x78, 0xc0, 0x3e, 0x14, 0xb, 0x0,
    0xfd, 0x80, 0x1c, 0x80, 0x1f, 0x9c, 0x0, 0x64,
    0x1, 0xf2, 0x0, 0x76, 0x0, 0x7e, 0xa0, 0x9,
    0x40, 0x3e, 0x13, 0x0, 0xca, 0x1, 0xf1, 0x18,
    0x5, 0x40, 0x1f, 0x90, 0x2, 0x12, 0x0, 0xf9,
    0x40, 0x31, 0x18, 0x7, 0xd8, 0x1, 0x20, 0x7,
    0xea, 0x0, 0xeb, 0x0, 0xf9, 0x0, 0x2c, 0x0,
    0xf8, 0x88, 0x1, 0xcc, 0x1, 0xf8, 0xc0, 0x8,
    0x1, 0xf5, 0x0, 0x78, 0x4c, 0x3, 0xe4, 0x1,
    0x20, 0xf, 0x94, 0x3, 0xea, 0x0, 0xfa, 0xc1,
    0xc0, 0x3e, 0x32, 0x0, 0xf9, 0xc0, 0x3e, 0x30,
    0xc0, 0xf, 0xa8, 0x3, 0xf0, 0xa0, 0x7, 0xc8,
    0x80, 0xf, 0x9c, 0x3, 0xfb, 0x40, 0x3e, 0x81,
    0x0, 0xf2, 0x8, 0x7, 0xf3, 0x80, 0x7c, 0x60,
    0x1f, 0x68, 0x7, 0xf8, 0x50, 0x3, 0xff, 0x84,
    0xe0, 0x1f, 0xf7, 0x0, 0x7f, 0xf0, 0x50, 0x40,
    0x3f, 0xe5, 0x0, 0xff, 0xe0, 0xf0, 0x7, 0xff,
    0x5, 0x40, 0x3f, 0xf8, 0xa, 0x1, 0xff, 0xc1,
    0xe0, 0xf, 0xf9, 0x40, 0x3f, 0xf8, 0x48, 0x20,
    0x1f, 0xee, 0x0, 0xff, 0xe1, 0xb8, 0x7, 0xf0,
    0xa0, 0x7, 0xff, 0xf, 0x40, 0x3f, 0x9c, 0x3,
    0xff, 0x88, 0x82, 0x1, 0xfb, 0x40, 0x3f, 0xf8,
    0xaa, 0x1, 0xf9, 0x0, 0x3f, 0xff, 0xe0, 0x1f,
    0xff, 0xf0, 0xf, 0xff, 0xf8, 0x7, 0xff, 0xfc,
    0x3, 0xff, 0xfe, 0x1, 0xff, 0xe3, 0x30, 0xf,
    0x88, 0x3, 0xf8,

    /* U+00DE "Þ" */
    0x3f, 0xff, 0xc8, 0x1, 0xff, 0xc4, 0x60, 0xf,
    0xc4, 0x1, 0xff, 0xff, 0x0, 0xff, 0xff, 0x80,
    0x7f, 0xf4, 0xf1, 0x9b, 0x90, 0x80, 0x3f, 0xf8,
    0xcb, 0x33, 0xd7, 0xbd, 0x2, 0x1, 0xff, 0xcb,
    0x17, 0xe6, 0x0, 0xff, 0xe6, 0xcc, 0x80, 0x3f,
    0xf9, 0xad, 0x20, 0x1f, 0xfc, 0xd6, 0x50, 0xf,
    0xfe, 0x6d, 0x80, 0x7f, 0xf3, 0x45, 0x80, 0x3f,
    0xd3, 0xff, 0x6b, 0x80, 0x7f, 0x50, 0x7, 0xff,
    0x8, 0xa2, 0x40, 0x3f, 0x18, 0x80, 0x7f, 0xf0,
    0xd8, 0xc0, 0x3f, 0x28, 0x7, 0xff, 0x12, 0x80,
    0x3f, 0x10, 0x7, 0xff, 0x10, 0x80, 0x3f, 0x8,
    0x7, 0xff, 0x11, 0xc0, 0x3f, 0x78, 0x7, 0xff,
    0x11, 0x80, 0x3f, 0x78, 0x7, 0xff, 0x13, 0x40,
    0x3f, 0x8, 0x7, 0xff, 0x11, 0x80, 0x3f, 0x10,
    0x7, 0xff, 0xe, 0x84, 0x3, 0xf2, 0x0, 0x7f,
    0x63, 0x35, 0x1c, 0xa0, 0x1f, 0x90, 0x3, 0xfc,
    0xb3, 0x33, 0x88, 0x7, 0xf7, 0x0, 0x7f, 0xf3,
    0x9, 0x40, 0x3f, 0xf9, 0x92, 0x1, 0xff, 0xcc,
    0x84, 0x0, 0xff, 0xe5, 0xc3, 0x80, 0x7f, 0xf2,
    0x8f, 0x1c, 0x3, 0xff, 0x8e, 0x26, 0xd7, 0x86,
    0x1, 0xff, 0xc2, 0x9f, 0xfe, 0xec, 0x94, 0x0,
    0xff, 0xff, 0x80, 0x7f, 0xff, 0xc0, 0x3f, 0xfb,
    0x6c, 0x1, 0xf8, 0x80, 0x3f, 0xf8, 0x80,

    /* U+00DF "ß" */
    0x0, 0xf8, 0xe3, 0x3b, 0xfd, 0xd9, 0x2a, 0x1,
    0xff, 0xc1, 0x3c, 0xc3, 0x98, 0x80, 0x4, 0xda,
    0xb9, 0xc0, 0x3f, 0xcf, 0x86, 0x1, 0xfe, 0x18,
    0xd2, 0x0, 0xfa, 0x20, 0x1, 0xff, 0xc2, 0x2c,
    0x20, 0xe, 0x47, 0x0, 0xff, 0xe2, 0xf, 0x80,
    0x74, 0x80, 0x7f, 0xf1, 0x89, 0xc0, 0x25, 0x20,
    0xf, 0xfe, 0x3c, 0x8, 0x3, 0x80, 0x3f, 0xb,
    0xc1, 0x80, 0x7f, 0x20, 0x1, 0x0, 0x3e, 0x1f,
    0x87, 0xc6, 0x0, 0xfd, 0x80, 0x60, 0x1f, 0x98,
    0x40, 0x28, 0x0, 0xfc, 0xa0, 0xa0, 0x1f, 0xb0,
    0x3, 0xa, 0x0, 0x7c, 0x41, 0xc0, 0x1f, 0x98,
    0x3, 0x88, 0x3, 0xe1, 0x1, 0x0, 0xfc, 0x60,
    0x1c, 0x40, 0x1f, 0x8, 0x18, 0x7, 0xff, 0x9,
    0x40, 0x3e, 0x20, 0xf, 0xfe, 0x1c, 0x8, 0x7,
    0xca, 0x1, 0xff, 0xc0, 0x27, 0xb7, 0x0, 0xfd,
    0xa0, 0x1f, 0xfc, 0xe, 0x84, 0x0, 0xfc, 0x28,
    0x1, 0xff, 0xcb, 0xa0, 0xf, 0xfe, 0x5b, 0xa0,
    0x7, 0xff, 0x2a, 0x60, 0x3, 0xff, 0xc9, 0x30,
    0x1, 0xff, 0xc2, 0x50, 0xf, 0xe7, 0x60, 0xf,
    0xfe, 0xc, 0xfd, 0x90, 0x7, 0xd2, 0x20, 0x1f,
    0xfc, 0x24, 0xc0, 0xf, 0xd2, 0x1, 0xff, 0xc3,
    0x17, 0x0, 0xf9, 0x80, 0x3f, 0xf8, 0x96, 0x1,
    0xf0, 0x90, 0x7, 0xff, 0xc, 0xc0, 0x3f, 0x20,
    0x7, 0xff, 0x10, 0x40, 0x3e, 0xe0, 0xf, 0xfe,
    0x60, 0x80, 0x7f, 0xf1, 0x4, 0x3, 0xe3, 0x0,
    0xff, 0xe1, 0x88, 0x7, 0xe3, 0x0, 0xff, 0xe1,
    0xa0, 0x7, 0xe1, 0x0, 0xff, 0xe1, 0xc8, 0x7,
    0xee, 0x0, 0xff, 0xe1, 0x41, 0x80, 0x7e, 0x40,
    0xf, 0xf9, 0x5f, 0x1c, 0x3, 0xf0, 0x90, 0x7,
    0xf8, 0x6a, 0xc, 0x3, 0xfa, 0x40, 0x3f, 0xf9,
    0x62, 0xe0, 0x1f, 0xfc, 0xbb, 0x0, 0xff, 0xe5,
    0xba, 0x80, 0x7f, 0xf2, 0xa6, 0x0, 0x3f, 0xf9,
    0x2b, 0xac, 0x1, 0xb4, 0x3, 0xe1, 0x1c, 0x2,
    0x4b, 0x3d, 0x44, 0x1, 0xc0,

    /* U+00E0 "à" */
    0x0, 0xc4, 0xcd, 0xe3, 0x0, 0xff, 0xe2, 0xb4,
    0xcf, 0xb0, 0x40, 0x3f, 0xf8, 0x88, 0xe0, 0x1e,
    0xb0, 0xf, 0xfe, 0x2c, 0x20, 0x7, 0x2a, 0x0,
    0x7f, 0xf1, 0x68, 0x40, 0x3a, 0x40, 0x3f, 0xf8,
    0xa3, 0xa0, 0x1c, 0x4e, 0x1, 0xff, 0xc5, 0x39,
    0x0, 0xe8, 0x10, 0xf, 0xfe, 0x2b, 0x30, 0x3,
    0x98, 0x3, 0xff, 0x8d, 0x3f, 0xfc, 0xe0, 0x1f,
    0xfd, 0xf1, 0x46, 0x77, 0x32, 0x8, 0x7, 0xff,
    0xd, 0xb7, 0xae, 0x62, 0x13, 0x7d, 0x8c, 0x1,
    0xff, 0x27, 0x49, 0x0, 0x7e, 0x39, 0xe4, 0x0,
    0xfd, 0x16, 0x20, 0x1f, 0xfc, 0x1, 0xb8, 0x0,
    0xf3, 0xb8, 0x3, 0xff, 0x88, 0xf0, 0x1, 0x8e,
    0x0, 0x3f, 0xf8, 0xce, 0x60, 0x17, 0x80, 0x7f,
    0xf2, 0x3c, 0x0, 0x46, 0x1, 0xff, 0xc8, 0x32,
    0x5, 0x0, 0xfe, 0xaf, 0xf3, 0x80, 0x7f, 0x28,
    0x68, 0x7, 0xe8, 0x50, 0x4, 0x20, 0x7, 0xee,
    0x6, 0x0, 0xfc, 0xa0, 0x1b, 0xc0, 0x3f, 0x10,
    0x75, 0x57, 0xd6, 0x40, 0x19, 0x40, 0x3f, 0xc4,
    0xab, 0xf2, 0x0, 0x70, 0x80, 0x7f, 0xf7, 0x9,
    0xe7, 0x3b, 0x9f, 0xf8, 0x3, 0xff, 0x82, 0xb9,
    0xb0, 0xc6, 0x22, 0x0, 0xff, 0xe2, 0x5d, 0x18,
    0x7, 0xff, 0x26, 0xd0, 0x3, 0xff, 0x94, 0xc8,
    0x1, 0xff, 0xcb, 0xb0, 0xf, 0xfe, 0x59, 0x10,
    0x3, 0xf1, 0x57, 0x7f, 0xc0, 0x1f, 0xce, 0x1,
    0xf8, 0x71, 0x44, 0x3, 0xff, 0x80, 0x40, 0x1f,
    0x98, 0x40, 0x3f, 0xf8, 0x5e, 0x1, 0xfb, 0xc0,
    0x3f, 0xf9, 0x9c, 0x1, 0xca, 0x1, 0xfd, 0xe0,
    0x1f, 0x98, 0x80, 0x23, 0xb0, 0xf, 0xe1, 0x0,
    0xfe, 0xda, 0x8b, 0xc1, 0x0, 0xfe, 0x50, 0xf,
    0xf2, 0xba, 0x0, 0x7f, 0xc6, 0x20, 0x1f, 0xfc,
    0xc6, 0x0, 0xff, 0xe6, 0x41, 0x0, 0x7f, 0xf0,
    0x8, 0x3, 0xfe, 0xc3, 0x0, 0xff, 0x1e, 0x0,
    0x7f, 0xc3, 0x92, 0x40, 0x1e, 0x18, 0xc1, 0x20,
    0xf, 0x88, 0x3, 0x36, 0xea, 0xa2, 0x13, 0x7c,
    0xe0, 0xd, 0xff, 0xfa, 0x40,

    /* U+00E1 "á" */
    0x0, 0xff, 0xe0, 0xb, 0x37, 0x90, 0x3, 0xff,
    0x8b, 0x53, 0x3e, 0xd0, 0xf, 0xfe, 0x22, 0xa0,
    0x7, 0x1c, 0x80, 0x7f, 0xf1, 0x2c, 0x3, 0x87,
    0x80, 0x3f, 0xf8, 0x90, 0x20, 0x1d, 0x44, 0x1,
    0xff, 0xc3, 0x27, 0x0, 0xe7, 0x40, 0xf, 0xfe,
    0x24, 0x80, 0x72, 0x40, 0x7, 0xff, 0x10, 0x90,
    0x3, 0x1d, 0x0, 0x7f, 0xf1, 0x4b, 0xff, 0xb0,
    0x40, 0x3f, 0xfb, 0xe2, 0x8c, 0xee, 0x64, 0x10,
    0xf, 0xfe, 0x1b, 0x6f, 0x5c, 0xc4, 0x26, 0xfb,
    0x18, 0x3, 0xfe, 0x4e, 0x92, 0x0, 0xfc, 0x73,
    0xc8, 0x1, 0xfa, 0x2c, 0x40, 0x3f, 0xf8, 0x3,
    0x70, 0x1, 0xe7, 0x70, 0x7, 0xff, 0x11, 0xe0,
    0x3, 0x1c, 0x0, 0x7f, 0xf1, 0x9c, 0xc0, 0x2f,
    0x0, 0xff, 0xe4, 0x78, 0x0, 0x8c, 0x3, 0xff,
    0x90, 0x64, 0xa, 0x1, 0xfd, 0x5f, 0xe7, 0x0,
    0xfe, 0x50, 0xd0, 0xf, 0xd0, 0xa0, 0x8, 0x40,
    0xf, 0xdc, 0xc, 0x1, 0xf9, 0x40, 0x37, 0x80,
    0x7e, 0x20, 0xea, 0xaf, 0xac, 0x80, 0x32, 0x80,
    0x7f, 0x89, 0x57, 0xe4, 0x0, 0xe1, 0x0, 0xff,
    0xee, 0x13, 0xce, 0x77, 0x3f, 0xf0, 0x7, 0xff,
    0x5, 0x73, 0x61, 0x8c, 0x44, 0x1, 0xff, 0xc4,
    0xba, 0x30, 0xf, 0xfe, 0x4d, 0xa0, 0x7, 0xff,
    0x29, 0x90, 0x3, 0xff, 0x97, 0x60, 0x1f, 0xfc,
    0xb2, 0x20, 0x7, 0xe2, 0xae, 0xff, 0x80, 0x3f,
    0x9c, 0x3, 0xf0, 0xe2, 0x88, 0x7, 0xff, 0x0,
    0x80, 0x3f, 0x30, 0x80, 0x7f, 0xf0, 0xbc, 0x3,
    0xf7, 0x80, 0x7f, 0xf3, 0x38, 0x3, 0x94, 0x3,
    0xfb, 0xc0, 0x3f, 0x31, 0x0, 0x47, 0x60, 0x1f,
    0xc2, 0x1, 0xfd, 0xb5, 0x17, 0x82, 0x1, 0xfc,
    0xa0, 0x1f, 0xe5, 0x74, 0x0, 0xff, 0x8c, 0x40,
    0x3f, 0xf9, 0x8c, 0x1, 0xff, 0xcc, 0x82, 0x0,
    0xff, 0xe0, 0x10, 0x7, 0xfd, 0x86, 0x1, 0xfe,
    0x3c, 0x0, 0xff, 0x87, 0x24, 0x80, 0x3c, 0x31,
    0x82, 0x40, 0x1f, 0x10, 0x6, 0x6d, 0xd5, 0x44,
    0x26, 0xf9, 0xc0, 0x1b, 0xff, 0xf4, 0x80,

    /* U+00E2 "â" */
    0x0, 0xfc, 0xac, 0xdf, 0x84, 0x3, 0xff, 0x84,
    0xf5, 0x33, 0xfb, 0x0, 0x3f, 0xf8, 0x25, 0x0,
    0x1f, 0xc5, 0x0, 0x1f, 0xfc, 0x9, 0x0, 0xff,
    0x9c, 0xc0, 0x3f, 0xcc, 0x80, 0x1d, 0x4, 0x1,
    0xdc, 0x1, 0xfc, 0x30, 0x1, 0xc4, 0xf2, 0x1,
    0xc5, 0x0, 0x1f, 0xac, 0x40, 0x3a, 0x41, 0x10,
    0x1, 0xce, 0x60, 0x1e, 0x25, 0x0, 0xe6, 0x40,
    0x4, 0x88, 0x7, 0x48, 0x7, 0x8b, 0xff, 0xd2,
    0x1, 0x17, 0x7f, 0xf5, 0x0, 0x7f, 0xf6, 0x45,
    0x19, 0xdc, 0xc8, 0x20, 0x1f, 0xfc, 0x36, 0xde,
    0xb9, 0x88, 0x4d, 0xf6, 0x30, 0x7, 0xfc, 0x9d,
    0x24, 0x1, 0xf8, 0xe7, 0x90, 0x3, 0xf4, 0x58,
    0x80, 0x7f, 0xf0, 0x6, 0xe0, 0x3, 0xce, 0xe0,
    0xf, 0xfe, 0x23, 0xc0, 0x6, 0x38, 0x0, 0xff,
    0xe3, 0x39, 0x80, 0x5e, 0x1, 0xff, 0xc8, 0xf0,
    0x1, 0x18, 0x7, 0xff, 0x20, 0xc8, 0x14, 0x3,
    0xfa, 0xbf, 0xce, 0x1, 0xfc, 0xa1, 0xa0, 0x1f,
    0xa1, 0x40, 0x10, 0x80, 0x1f, 0xb8, 0x18, 0x3,
    0xf2, 0x80, 0x6f, 0x0, 0xfc, 0x41, 0xd5, 0x5f,
    0x59, 0x0, 0x65, 0x0, 0xff, 0x12, 0xaf, 0xc8,
    0x1, 0xc2, 0x1, 0xff, 0xdc, 0x27, 0x9c, 0xee,
    0x7f, 0xe0, 0xf, 0xfe, 0xa, 0xe6, 0xc3, 0x18,
    0x88, 0x3, 0xff, 0x89, 0x74, 0x60, 0x1f, 0xfc,
    0x9b, 0x40, 0xf, 0xfe, 0x53, 0x20, 0x7, 0xff,
    0x2e, 0xc0, 0x3f, 0xf9, 0x64, 0x40, 0xf, 0xc5,
    0x5d, 0xff, 0x0, 0x7f, 0x38, 0x7, 0xe1, 0xc5,
    0x10, 0xf, 0xfe, 0x1, 0x0, 0x7e, 0x61, 0x0,
    0xff, 0xe1, 0x78, 0x7, 0xef, 0x0, 0xff, 0xe6,
    0x70, 0x7, 0x28, 0x7, 0xf7, 0x80, 0x7e, 0x62,
    0x0, 0x8e, 0xc0, 0x3f, 0x84, 0x3, 0xfb, 0x6a,
    0x2f, 0x4, 0x3, 0xf9, 0x40, 0x3f, 0xca, 0xe8,
    0x1, 0xff, 0x18, 0x80, 0x7f, 0xf3, 0x18, 0x3,
    0xff, 0x99, 0x4, 0x1, 0xff, 0xc0, 0x20, 0xf,
    0xfb, 0xc, 0x3, 0xfc, 0x78, 0x1, 0xff, 0xe,
    0x49, 0x0, 0x78, 0x63, 0x4, 0x80, 0x3e, 0x20,
    0xc, 0xdb, 0xaa, 0x88, 0x4d, 0xf3, 0x80, 0x37,
    0xff, 0xe9,

    /* U+00E3 "ã" */
    0x0, 0xf8, 0xeb, 0xbf, 0x64, 0xc0, 0x3a, 0x50,
    0x3, 0xfd, 0x18, 0xa2, 0x4, 0xd9, 0x68, 0x3,
    0x4d, 0x70, 0x1, 0xf9, 0x9c, 0x3, 0xe4, 0xbf,
    0xe5, 0x0, 0x3d, 0x80, 0x7d, 0x0, 0x1f, 0xfc,
    0x42, 0x0, 0xf0, 0x80, 0x7f, 0xf1, 0xa, 0x40,
    0x3c, 0x3e, 0x80, 0x6, 0xee, 0x40, 0x80, 0x78,
    0xf0, 0x3, 0xf0, 0xdc, 0xbc, 0x88, 0x9f, 0xa9,
    0x4, 0x47, 0x58, 0x20, 0x1f, 0xe6, 0x80, 0xe,
    0x5b, 0xee, 0x62, 0x80, 0x7f, 0xfd, 0x5, 0x19,
    0xdc, 0xc8, 0x20, 0x1f, 0xfc, 0x36, 0xde, 0xb9,
    0x88, 0x4d, 0xf6, 0x30, 0x7, 0xfc, 0x9d, 0x24,
    0x1, 0xf8, 0xe7, 0x90, 0x3, 0xf4, 0x58, 0x80,
    0x7f, 0xf0, 0x6, 0xe0, 0x3, 0xce, 0xe0, 0xf,
    0xfe, 0x23, 0xc0, 0x6, 0x38, 0x0, 0xff, 0xe3,
    0x39, 0x80, 0x5e, 0x1, 0xff, 0xc8, 0xf0, 0x1,
    0x18, 0x7, 0xff, 0x20, 0xc8, 0x14, 0x3, 0xfa,
    0xbf, 0xce, 0x1, 0xfc, 0xa1, 0xa0, 0x1f, 0xa1,
    0x40, 0x10, 0x80, 0x1f, 0xb8, 0x18, 0x3, 0xf2,
    0x80, 0x6f, 0x0, 0xfc, 0x41, 0xd5, 0x5f, 0x59,
    0x0, 0x65, 0x0, 0xff, 0x12, 0xaf, 0xc8, 0x1,
    0xc2, 0x1, 0xff, 0xdc, 0x27, 0x9c, 0xee, 0x7f,
    0xe0, 0xf, 0xfe, 0xa, 0xe6, 0xc3, 0x18, 0x88,
    0x3, 0xff, 0x89, 0x74, 0x60, 0x1f, 0xfc, 0x9b,
    0x40, 0xf, 0xfe, 0x53, 0x20, 0x7, 0xff, 0x2e,
    0xc0, 0x3f, 0xf9, 0x64, 0x40, 0xf, 0xc5, 0x5d,
    0xff, 0x0, 0x7f, 0x38, 0x7, 0xe1, 0xc5, 0x10,
    0xf, 0xfe, 0x1, 0x0, 0x7e, 0x61, 0x0, 0xff,
    0xe1, 0x78, 0x7, 0xef, 0x0, 0xff, 0xe6, 0x70,
    0x7, 0x28, 0x7, 0xf7, 0x80, 0x7e, 0x62, 0x0,
    0x8e, 0xc0, 0x3f, 0x84, 0x3, 0xfb, 0x6a, 0x2f,
    0x4, 0x3, 0xf9, 0x40, 0x3f, 0xca, 0xe8, 0x1,
    0xff, 0x18, 0x80, 0x7f, 0xf3, 0x18, 0x3, 0xff,
    0x99, 0x4, 0x1, 0xff, 0xc0, 0x20, 0xf, 0xfb,
    0xc, 0x3, 0xfc, 0x78, 0x1, 0xff, 0xe, 0x49,
    0x0, 0x78, 0x63, 0x4, 0x80, 0x3e, 0x20, 0xc,
    0xdb, 0xaa, 0x88, 0x4d, 0xf3, 0x80, 0x37, 0xff,
    0xe9,

    /* U+00E4 "ä" */
    0x0, 0xcb, 0x9f, 0xec, 0x60, 0xe, 0x29, 0xef,
    0xe9, 0x10, 0xf, 0x45, 0x18, 0x0, 0xe6, 0x80,
    0x23, 0xc6, 0x10, 0x16, 0xf2, 0x0, 0xc8, 0xe0,
    0x1e, 0x55, 0x0, 0x38, 0x40, 0x38, 0x78, 0x3,
    0x70, 0x7, 0xee, 0x3, 0x20, 0xf, 0x8c, 0x80,
    0x26, 0x0, 0xfc, 0xa0, 0xa0, 0x1f, 0xce, 0x1,
    0xff, 0xd0, 0x60, 0xf, 0xca, 0xa, 0x1, 0xfc,
    0xe0, 0x14, 0x80, 0x7e, 0xe0, 0x33, 0x0, 0x7c,
    0x84, 0x1, 0x1c, 0x0, 0x79, 0x94, 0x1, 0xc2,
    0x1, 0xc3, 0x40, 0x1c, 0xf6, 0x60, 0x3, 0xa9,
    0x0, 0x8b, 0xd8, 0x40, 0x5b, 0xc4, 0x3, 0xc9,
    0x9f, 0xec, 0x50, 0xe, 0x19, 0xef, 0xe9, 0x10,
    0xf, 0xfe, 0xc8, 0xa3, 0x3b, 0x99, 0x4, 0x3,
    0xff, 0x86, 0xdb, 0xd7, 0x31, 0x9, 0xbe, 0xc6,
    0x0, 0xff, 0x93, 0xa4, 0x80, 0x3f, 0x1c, 0xf2,
    0x0, 0x7e, 0x8b, 0x10, 0xf, 0xfe, 0x0, 0xdc,
    0x0, 0x79, 0xdc, 0x1, 0xff, 0xc4, 0x78, 0x0,
    0xc7, 0x0, 0x1f, 0xfc, 0x67, 0x30, 0xb, 0xc0,
    0x3f, 0xf9, 0x1e, 0x0, 0x23, 0x0, 0xff, 0xe4,
    0x19, 0x2, 0x80, 0x7f, 0x57, 0xf9, 0xc0, 0x3f,
    0x94, 0x34, 0x3, 0xf4, 0x28, 0x2, 0x10, 0x3,
    0xf7, 0x3, 0x0, 0x7e, 0x50, 0xd, 0xe0, 0x1f,
    0x88, 0x3a, 0xab, 0xeb, 0x20, 0xc, 0xa0, 0x1f,
    0xe2, 0x55, 0xf9, 0x0, 0x38, 0x40, 0x3f, 0xfb,
    0x84, 0xf3, 0x9d, 0xcf, 0xfc, 0x1, 0xff, 0xc1,
    0x5c, 0xd8, 0x63, 0x11, 0x0, 0x7f, 0xf1, 0x2e,
    0x8c, 0x3, 0xff, 0x93, 0x68, 0x1, 0xff, 0xca,
    0x64, 0x0, 0xff, 0xe5, 0xd8, 0x7, 0xff, 0x2c,
    0x88, 0x1, 0xf8, 0xab, 0xbf, 0xe0, 0xf, 0xe7,
    0x0, 0xfc, 0x38, 0xa2, 0x1, 0xff, 0xc0, 0x20,
    0xf, 0xcc, 0x20, 0x1f, 0xfc, 0x2f, 0x0, 0xfd,
    0xe0, 0x1f, 0xfc, 0xce, 0x0, 0xe5, 0x0, 0xfe,
    0xf0, 0xf, 0xcc, 0x40, 0x11, 0xd8, 0x7, 0xf0,
    0x80, 0x7f, 0x6d, 0x45, 0xe0, 0x80, 0x7f, 0x28,
    0x7, 0xf9, 0x5d, 0x0, 0x3f, 0xe3, 0x10, 0xf,
    0xfe, 0x63, 0x0, 0x7f, 0xf3, 0x20, 0x80, 0x3f,
    0xf8, 0x4, 0x1, 0xff, 0x61, 0x80, 0x7f, 0x8f,
    0x0, 0x3f, 0xe1, 0xc9, 0x20, 0xf, 0xc, 0x60,
    0x90, 0x7, 0xc4, 0x1, 0x9b, 0x75, 0x51, 0x9,
    0xbe, 0x70, 0x6, 0xff, 0xfd, 0x20,

    /* U+00E5 "å" */
    0x0, 0xfe, 0x4a, 0xef, 0xf6, 0x40, 0x80, 0x7f,
    0xf0, 0xc6, 0xec, 0xa2, 0x0, 0x37, 0xe7, 0x0,
    0xff, 0xe0, 0x8e, 0x20, 0x7, 0xe8, 0x80, 0x7,
    0xff, 0x2, 0xc8, 0x3, 0xfc, 0xea, 0x1, 0xfe,
    0x35, 0x0, 0xff, 0xe0, 0x40, 0x7, 0xfa, 0xc0,
    0x31, 0x5f, 0xf4, 0x0, 0x62, 0x30, 0xf, 0xe3,
    0x0, 0xd8, 0x80, 0x2f, 0x20, 0x19, 0x40, 0x3f,
    0x9c, 0x2, 0x21, 0x0, 0xc8, 0x1, 0x84, 0x3,
    0xf9, 0xc0, 0x22, 0x10, 0xc, 0x80, 0x18, 0x40,
    0x3f, 0x8c, 0x3, 0x62, 0x0, 0xbc, 0x80, 0x65,
    0x0, 0xfe, 0xb0, 0xc, 0x57, 0xfd, 0x0, 0x18,
    0x8c, 0x3, 0xf8, 0xd4, 0x3, 0xff, 0x81, 0x0,
    0x1f, 0xf5, 0x90, 0x7, 0xf9, 0xd4, 0x3, 0xfe,
    0x1c, 0x40, 0xf, 0xd1, 0x0, 0xf, 0xfe, 0x8,
    0xdd, 0x94, 0x40, 0x4, 0xfc, 0xe0, 0x1f, 0xfc,
    0x44, 0xae, 0xff, 0x6c, 0x8, 0x7, 0xff, 0x78,
    0x51, 0x9d, 0xcc, 0x82, 0x1, 0xff, 0xc3, 0x6d,
    0xeb, 0x98, 0x84, 0xdf, 0x63, 0x0, 0x7f, 0xc9,
    0xd2, 0x40, 0x1f, 0x8e, 0x79, 0x0, 0x3f, 0x45,
    0x88, 0x7, 0xff, 0x0, 0x6e, 0x0, 0x3c, 0xee,
    0x0, 0xff, 0xe2, 0x3c, 0x0, 0x63, 0x80, 0xf,
    0xfe, 0x33, 0x98, 0x5, 0xe0, 0x1f, 0xfc, 0x8f,
    0x0, 0x11, 0x80, 0x7f, 0xf2, 0xc, 0x81, 0x40,
    0x3f, 0xab, 0xfc, 0xe0, 0x1f, 0xca, 0x1a, 0x1,
    0xfa, 0x14, 0x1, 0x8, 0x1, 0xfb, 0x81, 0x80,
    0x3f, 0x28, 0x6, 0xf0, 0xf, 0xc4, 0x1d, 0x55,
    0xf5, 0x90, 0x6, 0x50, 0xf, 0xf1, 0x2a, 0xfc,
    0x80, 0x1c, 0x20, 0x1f, 0xfd, 0xc2, 0x79, 0xce,
    0xe7, 0xfe, 0x0, 0xff, 0xe0, 0xae, 0x6c, 0x31,
    0x88, 0x80, 0x3f, 0xf8, 0x97, 0x46, 0x1, 0xff,
    0xc9, 0xb4, 0x0, 0xff, 0xe5, 0x32, 0x0, 0x7f,
    0xf2, 0xec, 0x3, 0xff, 0x96, 0x44, 0x0, 0xfc,
    0x55, 0xdf, 0xf0, 0x7, 0xf3, 0x80, 0x7e, 0x1c,
    0x51, 0x0, 0xff, 0xe0, 0x10, 0x7, 0xe6, 0x10,
    0xf, 0xfe, 0x17, 0x80, 0x7e, 0xf0, 0xf, 0xfe,
    0x67, 0x0, 0x72, 0x80, 0x7f, 0x78, 0x7, 0xe6,
    0x20, 0x8, 0xec, 0x3, 0xf8, 0x40, 0x3f, 0xb6,
    0xa2, 0xf0, 0x40, 0x3f, 0x94, 0x3, 0xfc, 0xae,
    0x80, 0x1f, 0xf1, 0x88, 0x7, 0xff, 0x31, 0x80,
    0x3f, 0xf9, 0x90, 0x40, 0x1f, 0xfc, 0x2, 0x0,
    0xff, 0xb0, 0xc0, 0x3f, 0xc7, 0x80, 0x1f, 0xf0,
    0xe4, 0x90, 0x7, 0x86, 0x30, 0x48, 0x3, 0xe2,
    0x0, 0xcd, 0xba, 0xa8, 0x84, 0xdf, 0x38, 0x3,
    0x7f, 0xfe, 0x90,

    /* U+00E6 "æ" */
    0x0, 0xfe, 0x25, 0x67, 0x65, 0x10, 0xf, 0xe2,
    0x56, 0x76, 0x52, 0x0, 0xff, 0xe1, 0x1c, 0xfe,
    0xd4, 0xc4, 0xd7, 0x62, 0x0, 0x61, 0x8e, 0xda,
    0x98, 0x9a, 0xde, 0x92, 0x0, 0xfe, 0x1a, 0xc6,
    0x0, 0xfc, 0x77, 0x61, 0x6, 0xe7, 0x10, 0xf,
    0x85, 0xb6, 0x0, 0x3e, 0x2f, 0x50, 0xf, 0xfe,
    0x2, 0x65, 0x48, 0x7, 0xff, 0x5, 0xf0, 0x3,
    0x87, 0x4, 0x3, 0xff, 0x84, 0x4a, 0x1, 0xff,
    0xc3, 0x3b, 0x0, 0xd4, 0x20, 0x1f, 0xfd, 0x54,
    0x60, 0x2, 0x20, 0x3, 0xff, 0xaf, 0x0, 0xe,
    0x0, 0xff, 0xec, 0xa, 0x82, 0x0, 0x7e, 0x3c,
    0xff, 0x40, 0x7, 0xfd, 0x1f, 0xea, 0x0, 0xfe,
    0xc0, 0x10, 0xf, 0x87, 0xc, 0x0, 0xea, 0x1,
    0xfc, 0xce, 0x0, 0x59, 0x0, 0xfc, 0x40, 0x64,
    0x5f, 0x48, 0x7, 0x48, 0x7, 0xf6, 0x80, 0x66,
    0x0, 0xfc, 0xc1, 0x9b, 0xbf, 0x38, 0x7, 0x10,
    0x7, 0xf3, 0x0, 0x70, 0x80, 0x7f, 0xff, 0xc0,
    0x3f, 0xf8, 0xe9, 0x15, 0xbd, 0xff, 0xb8, 0x3,
    0xfb, 0x7f, 0xf8, 0x40, 0x3f, 0xf8, 0xf, 0xd6,
    0xea, 0x42, 0x1, 0xff, 0xd3, 0x2d, 0x81, 0x0,
    0xff, 0xec, 0x61, 0x0, 0x7f, 0xf6, 0x60, 0x40,
    0x3f, 0xfb, 0x4c, 0x1, 0xff, 0xd9, 0x63, 0x10,
    0xf, 0xc5, 0x7f, 0xf7, 0x0, 0x7f, 0x6f, 0xff,
    0xff, 0x6, 0xd4, 0x3, 0xfb, 0x10, 0x3, 0xff,
    0xa0, 0x20, 0x1f, 0x98, 0x40, 0x3f, 0xfa, 0x3e,
    0x1, 0xfb, 0xc0, 0x3f, 0xf8, 0x6c, 0x1, 0xd5,
    0x97, 0x30, 0xca, 0x80, 0x1f, 0xfc, 0x43, 0x0,
    0xfe, 0xe0, 0xc, 0xaa, 0x34, 0x67, 0x9a, 0xb9,
    0xf0, 0xf, 0xde, 0x1, 0xc8, 0x1, 0xfc, 0xb0,
    0x0, 0x5a, 0x0, 0xfc, 0x22, 0x0, 0xfc, 0xc6,
    0x1, 0x24, 0x80, 0x7f, 0x9f, 0xfd, 0x40, 0x1f,
    0xd8, 0x80, 0x1f, 0xd9, 0x51, 0x96, 0x1, 0xff,
    0xcc, 0x42, 0x10, 0xf, 0xe5, 0x73, 0x0, 0xff,
    0xe6, 0x38, 0x2, 0x40, 0x3f, 0xfa, 0xe3, 0x0,
    0x7, 0x30, 0xf, 0xfe, 0x21, 0xc0, 0x7, 0xff,
    0xc, 0x70, 0x3, 0x62, 0x0, 0x7f, 0xf0, 0x9b,
    0x1e, 0x0, 0x3f, 0xf8, 0x27, 0x84, 0x1, 0xd7,
    0x64, 0x0, 0xfe, 0x38, 0xe9, 0x0, 0x3e, 0xb0,
    0x80, 0x7e, 0x3a, 0xc2, 0x0, 0xf9, 0x2f, 0xee,
    0x62, 0x2a, 0xcf, 0xc7, 0x10, 0xc, 0x53, 0xdb,
    0x51, 0x14, 0xdf, 0x62, 0x80, 0x70,

    /* U+00E7 "ç" */
    0x0, 0xfe, 0x35, 0x67, 0x72, 0xa0, 0x7, 0xff,
    0xc, 0xeb, 0xf2, 0xa6, 0x21, 0x57, 0xf8, 0xa0,
    0x1f, 0xe1, 0xbc, 0x50, 0xf, 0xe3, 0xad, 0x30,
    0xf, 0x8b, 0xd0, 0x3, 0xff, 0x82, 0x58, 0xc0,
    0x1c, 0x38, 0x20, 0x1f, 0xfc, 0x49, 0x50, 0xd,
    0x62, 0x1, 0xff, 0xc6, 0xb1, 0x0, 0x1a, 0x80,
    0x7f, 0xf1, 0xc6, 0x40, 0x16, 0x1, 0xff, 0xc9,
    0x60, 0x2, 0x80, 0x7e, 0x2d, 0xfe, 0x50, 0xf,
    0xc2, 0x40, 0x40, 0x1f, 0xbc, 0x80, 0x68, 0x80,
    0x3f, 0x30, 0x7, 0xf1, 0x90, 0x6, 0xa0, 0xf,
    0xc2, 0x20, 0xf, 0xcc, 0x1, 0xc2, 0x1, 0xff,
    0xcc, 0x77, 0xfe, 0x50, 0xf, 0xfe, 0x18, 0xc4,
    0x7e, 0x0, 0xff, 0xff, 0x80, 0x7f, 0xff, 0xc0,
    0x3f, 0xfb, 0xa5, 0x99, 0xf8, 0x80, 0x3f, 0xf8,
    0x68, 0x67, 0xf9, 0xc4, 0x3, 0xf3, 0x80, 0x77,
    0x0, 0x7f, 0xf1, 0x88, 0xc0, 0x33, 0x0, 0x7e,
    0x10, 0x40, 0xf, 0xda, 0x80, 0x58, 0x20, 0x1f,
    0x98, 0x30, 0x3, 0xf0, 0xdf, 0xe9, 0x80, 0x7e,
    0x12, 0x6, 0x0, 0xff, 0xe4, 0xb0, 0x0, 0x60,
    0x3, 0xff, 0x8e, 0x32, 0x1, 0x3a, 0x0, 0x7f,
    0xf1, 0xac, 0x40, 0x35, 0xa8, 0x7, 0xff, 0x12,
    0x94, 0x3, 0xd5, 0x42, 0x0, 0xff, 0xe0, 0x16,
    0x28, 0x7, 0xe5, 0xdb, 0x72, 0x0, 0xf0, 0xad,
    0xe9, 0x80, 0x7f, 0xc9, 0x1a, 0xa0, 0x18, 0x7a,
    0x90, 0x3, 0xff, 0x89, 0x46, 0x1, 0xc, 0x80,
    0x7f, 0xf1, 0xfc, 0x3, 0x31, 0x0, 0x7f, 0xf1,
    0x8c, 0xc0, 0x1a, 0xc0, 0x3f, 0xf8, 0xee, 0x1,
    0x90, 0x3, 0xff, 0x8c, 0x28, 0x1, 0x88, 0x3,
    0xff, 0x88, 0xb5, 0xe0, 0x1c, 0x40, 0x1f, 0xfc,
    0x4e, 0x51, 0x0, 0xe6, 0x0, 0xff, 0xe2, 0x30,
    0x7, 0xdc, 0x1, 0xff, 0xc4, 0x20, 0xf, 0x32,
    0x80, 0x7f, 0xf1, 0x20, 0xc4, 0x5, 0x6e, 0x40,
    0x3f, 0x0,

    /* U+00E8 "è" */
    0x0, 0xc6, 0xcd, 0xe1, 0x0, 0xff, 0xe2, 0xdc,
    0xcf, 0xb4, 0x3, 0xff, 0x8b, 0x6, 0x1, 0xc6,
    0xc0, 0x1f, 0xfc, 0x5d, 0x10, 0xe, 0x81, 0x0,
    0xff, 0xe2, 0xe, 0x80, 0x70, 0xc0, 0x7, 0xff,
    0x14, 0xe0, 0x3, 0x98, 0xc0, 0x3f, 0xf8, 0xae,
    0xa0, 0x1d, 0xc0, 0x1f, 0xfc, 0x6a, 0x30, 0xc,
    0x46, 0x1, 0xff, 0xc6, 0xcf, 0xfe, 0x30, 0xf,
    0xfe, 0xf9, 0xab, 0x3b, 0x94, 0xc0, 0x3f, 0xf8,
    0x67, 0x5f, 0x95, 0x31, 0xa, 0xcf, 0xb5, 0x0,
    0xff, 0xd, 0x62, 0x80, 0x7f, 0x25, 0x69, 0x0,
    0x7c, 0x5e, 0xa0, 0x1f, 0xfc, 0x12, 0xd4, 0x0,
    0xe1, 0xf1, 0x0, 0xff, 0xe2, 0x59, 0x80, 0x6b,
    0x20, 0xf, 0xfe, 0x37, 0x0, 0x44, 0xa0, 0x1f,
    0xfc, 0x72, 0x60, 0x5, 0x0, 0x7f, 0xf2, 0x68,
    0x0, 0xa0, 0x1f, 0x87, 0x3f, 0x90, 0x3, 0xf1,
    0x88, 0x10, 0x7, 0xea, 0x30, 0x1a, 0x0, 0xfe,
    0x20, 0xf, 0xe2, 0x40, 0x8, 0x58, 0x3, 0xf3,
    0x88, 0x7, 0xe6, 0x0, 0xee, 0x0, 0xfc, 0x20,
    0x1f, 0xc2, 0x1, 0xc2, 0x1, 0xff, 0xf8, 0x5f,
    0xfe, 0x90, 0xf, 0xff, 0xf8, 0x7, 0xff, 0x55,
    0x80, 0x3f, 0x97, 0xff, 0xff, 0x84, 0x60, 0x1f,
    0xfe, 0x61, 0x0, 0xfc, 0xc0, 0x1c, 0xdf, 0xff,
    0x84, 0x3, 0xf8, 0xc8, 0x3, 0x58, 0x7, 0xe1,
    0x2, 0x0, 0xfd, 0xe6, 0x3, 0x44, 0x1, 0xf0,
    0x80, 0x10, 0x3, 0xf1, 0x67, 0xf2, 0x80, 0x7e,
    0x40, 0x5, 0x0, 0x7f, 0xf2, 0x78, 0x0, 0x68,
    0x1, 0xff, 0xc7, 0x34, 0x0, 0xa4, 0x40, 0x3f,
    0xf8, 0xde, 0x1, 0x8b, 0x40, 0x3f, 0xf8, 0xb4,
    0x60, 0x1c, 0x7a, 0x60, 0x1f, 0xfc, 0x11, 0xb5,
    0x0, 0xf8, 0xb2, 0xd0, 0x3, 0xf8, 0xa7, 0x90,
    0x3, 0xfc, 0x97, 0xf9, 0x53, 0x10, 0x9b, 0xed,
    0x60, 0xf, 0x0,

    /* U+00E9 "é" */
    0x0, 0xff, 0xe0, 0x13, 0x37, 0x88, 0x3, 0xff,
    0x88, 0x39, 0x33, 0xe7, 0x0, 0xff, 0xe2, 0x40,
    0x80, 0x73, 0x28, 0x7, 0xff, 0xc, 0xd8, 0x3,
    0x8e, 0x40, 0x3f, 0xf8, 0x9e, 0x1, 0xc3, 0xa0,
    0x1f, 0xfc, 0x46, 0x30, 0xe, 0xa1, 0x0, 0xff,
    0xe1, 0x8c, 0x0, 0x74, 0x20, 0x7, 0xff, 0x11,
    0xc4, 0x3, 0x2b, 0x80, 0x7f, 0xf1, 0x5b, 0xff,
    0xa8, 0x3, 0xff, 0xc0, 0x6a, 0xce, 0xe5, 0x30,
    0xf, 0xfe, 0x19, 0xd7, 0xe5, 0x4c, 0x42, 0xb3,
    0xed, 0x40, 0x3f, 0xc3, 0x58, 0xa0, 0x1f, 0xc9,
    0x5a, 0x40, 0x1f, 0x17, 0xa8, 0x7, 0xff, 0x4,
    0xb5, 0x0, 0x38, 0x7c, 0x40, 0x3f, 0xf8, 0x96,
    0x60, 0x1a, 0xc8, 0x3, 0xff, 0x8d, 0xc0, 0x11,
    0x28, 0x7, 0xff, 0x1c, 0x98, 0x1, 0x40, 0x1f,
    0xfc, 0x9a, 0x0, 0x28, 0x7, 0xe1, 0xcf, 0xe4,
    0x0, 0xfc, 0x62, 0x4, 0x1, 0xfa, 0x8c, 0x6,
    0x80, 0x3f, 0x88, 0x3, 0xf8, 0x90, 0x2, 0x16,
    0x0, 0xfc, 0xe2, 0x1, 0xf9, 0x80, 0x3b, 0x80,
    0x3f, 0x8, 0x7, 0xf0, 0x80, 0x70, 0x80, 0x7f,
    0xfe, 0x17, 0xff, 0xa4, 0x3, 0xff, 0xfe, 0x1,
    0xff, 0xd5, 0x60, 0xf, 0xe5, 0xff, 0xff, 0xe1,
    0x18, 0x7, 0xff, 0x98, 0x40, 0x3f, 0x30, 0x7,
    0x37, 0xff, 0xe1, 0x0, 0xfe, 0x32, 0x0, 0xd6,
    0x1, 0xf8, 0x40, 0x80, 0x3f, 0x79, 0x80, 0xd1,
    0x0, 0x7c, 0x20, 0x4, 0x0, 0xfc, 0x59, 0xfc,
    0xa0, 0x1f, 0x90, 0x1, 0x40, 0x1f, 0xfc, 0x9e,
    0x0, 0x1a, 0x0, 0x7f, 0xf1, 0xcd, 0x0, 0x29,
    0x10, 0xf, 0xfe, 0x37, 0x80, 0x62, 0xd0, 0xf,
    0xfe, 0x2d, 0x18, 0x7, 0x1e, 0x98, 0x7, 0xff,
    0x4, 0x6d, 0x40, 0x3e, 0x2c, 0xb4, 0x0, 0xfe,
    0x29, 0xe4, 0x0, 0xff, 0x25, 0xfe, 0x54, 0xc4,
    0x26, 0xfb, 0x58, 0x3, 0xc0,

    /* U+00EA "ê" */
    0x0, 0xf8, 0x59, 0xbf, 0x80, 0x3f, 0xf8, 0x75,
    0x33, 0xfe, 0x0, 0xff, 0xe0, 0xaa, 0x0, 0x7f,
    0x32, 0x0, 0x7f, 0xc3, 0x60, 0x1f, 0xf5, 0x0,
    0x7f, 0xd6, 0x20, 0x1d, 0x40, 0x1c, 0x32, 0x1,
    0xfc, 0x8a, 0x1, 0xcc, 0xae, 0x1, 0xcc, 0x80,
    0x1f, 0xa4, 0x3, 0xd0, 0x12, 0x20, 0x1d, 0x40,
    0x1f, 0x31, 0x0, 0x74, 0x88, 0xc, 0x0, 0x70,
    0xb0, 0x7, 0x9b, 0xff, 0xcc, 0x1, 0x37, 0xff,
    0x98, 0x3, 0xff, 0xb2, 0x6a, 0xce, 0xe5, 0x30,
    0xf, 0xfe, 0x19, 0xd7, 0xe5, 0x4c, 0x42, 0xb3,
    0xed, 0x40, 0x3f, 0xc3, 0x58, 0xa0, 0x1f, 0xc9,
    0x5a, 0x40, 0x1f, 0x17, 0xa8, 0x7, 0xff, 0x4,
    0xb5, 0x0, 0x38, 0x7c, 0x40, 0x3f, 0xf8, 0x96,
    0x60, 0x1a, 0xc8, 0x3, 0xff, 0x8d, 0xc0, 0x11,
    0x28, 0x7, 0xff, 0x1c, 0x98, 0x1, 0x40, 0x1f,
    0xfc, 0x9a, 0x0, 0x28, 0x7, 0xe1, 0xcf, 0xe4,
    0x0, 0xfc, 0x62, 0x4, 0x1, 0xfa, 0x8c, 0x6,
    0x80, 0x3f, 0x88, 0x3, 0xf8, 0x90, 0x2, 0x16,
    0x0, 0xfc, 0xe2, 0x1, 0xf9, 0x80, 0x3b, 0x80,
    0x3f, 0x8, 0x7, 0xf0, 0x80, 0x70, 0x80, 0x7f,
    0xfe, 0x17, 0xff, 0xa4, 0x3, 0xff, 0xfe, 0x1,
    0xff, 0xd5, 0x60, 0xf, 0xe5, 0xff, 0xff, 0xe1,
    0x18, 0x7, 0xff, 0x98, 0x40, 0x3f, 0x30, 0x7,
    0x37, 0xff, 0xe1, 0x0, 0xfe, 0x32, 0x0, 0xd6,
    0x1, 0xf8, 0x40, 0x80, 0x3f, 0x79, 0x80, 0xd1,
    0x0, 0x7c, 0x20, 0x4, 0x0, 0xfc, 0x59, 0xfc,
    0xa0, 0x1f, 0x90, 0x1, 0x40, 0x1f, 0xfc, 0x9e,
    0x0, 0x1a, 0x0, 0x7f, 0xf1, 0xcd, 0x0, 0x29,
    0x10, 0xf, 0xfe, 0x37, 0x80, 0x62, 0xd0, 0xf,
    0xfe, 0x2d, 0x18, 0x7, 0x1e, 0x98, 0x7, 0xff,
    0x4, 0x6d, 0x40, 0x3e, 0x2c, 0xb4, 0x0, 0xfe,
    0x29, 0xe4, 0x0, 0xff, 0x25, 0xfe, 0x54, 0xc4,
    0x26, 0xfb, 0x58, 0x3, 0xc0,

    /* U+00EB "ë" */
    0x0, 0xcf, 0xbf, 0xeb, 0x40, 0xe, 0x3b, 0xef,
    0xd7, 0x0, 0xfa, 0xe0, 0x80, 0x9, 0x6c, 0x1,
    0x36, 0x20, 0x81, 0x46, 0x0, 0x73, 0xa0, 0x7,
    0xa4, 0x80, 0x64, 0x3, 0xc7, 0x0, 0x1a, 0x40,
    0x3f, 0x50, 0x30, 0x7, 0xe6, 0x0, 0xc2, 0x1,
    0xf8, 0x83, 0x40, 0x3f, 0x8, 0x80, 0x3f, 0xfa,
    0x4, 0x1, 0xf8, 0x83, 0x40, 0x3f, 0x8, 0x80,
    0x2a, 0x0, 0xfd, 0x20, 0xc0, 0x1f, 0x98, 0x3,
    0x3a, 0x0, 0x7a, 0x84, 0x6, 0x80, 0x3c, 0x90,
    0x1, 0xd7, 0x24, 0x0, 0x4c, 0x50, 0x9, 0x71,
    0x4, 0xa, 0x2c, 0x3, 0xe6, 0xdf, 0xf5, 0x98,
    0x7, 0x1d, 0xf7, 0xeb, 0x80, 0x7f, 0xf6, 0x8d,
    0x59, 0xdc, 0xa6, 0x1, 0xff, 0xc3, 0x3a, 0xfc,
    0xa9, 0x88, 0x56, 0x7d, 0xa8, 0x7, 0xf8, 0x6b,
    0x14, 0x3, 0xf9, 0x2b, 0x48, 0x3, 0xe2, 0xf5,
    0x0, 0xff, 0xe0, 0x96, 0xa0, 0x7, 0xf, 0x88,
    0x7, 0xff, 0x12, 0xcc, 0x3, 0x59, 0x0, 0x7f,
    0xf1, 0xb8, 0x2, 0x25, 0x0, 0xff, 0xe3, 0x93,
    0x0, 0x28, 0x3, 0xff, 0x93, 0x40, 0x5, 0x0,
    0xfc, 0x39, 0xfc, 0x80, 0x1f, 0x8c, 0x40, 0x80,
    0x3f, 0x51, 0x80, 0xd0, 0x7, 0xf1, 0x0, 0x7f,
    0x12, 0x0, 0x42, 0xc0, 0x1f, 0x9c, 0x40, 0x3f,
    0x30, 0x7, 0x70, 0x7, 0xe1, 0x0, 0xfe, 0x10,
    0xe, 0x10, 0xf, 0xff, 0xc2, 0xff, 0xf4, 0x80,
    0x7f, 0xff, 0xc0, 0x3f, 0xfa, 0xac, 0x1, 0xfc,
    0xbf, 0xff, 0xfc, 0x23, 0x0, 0xff, 0xf3, 0x8,
    0x7, 0xe6, 0x0, 0xe6, 0xff, 0xfc, 0x20, 0x1f,
    0xc6, 0x40, 0x1a, 0xc0, 0x3f, 0x8, 0x10, 0x7,
    0xef, 0x30, 0x1a, 0x20, 0xf, 0x84, 0x0, 0x80,
    0x1f, 0x8b, 0x3f, 0x94, 0x3, 0xf2, 0x0, 0x28,
    0x3, 0xff, 0x93, 0xc0, 0x3, 0x40, 0xf, 0xfe,
    0x39, 0xa0, 0x5, 0x22, 0x1, 0xff, 0xc6, 0xf0,
    0xc, 0x5a, 0x1, 0xff, 0xc5, 0xa3, 0x0, 0xe3,
    0xd3, 0x0, 0xff, 0xe0, 0x8d, 0xa8, 0x7, 0xc5,
    0x96, 0x80, 0x1f, 0xc5, 0x3c, 0x80, 0x1f, 0xe4,
    0xbf, 0xca, 0x98, 0x84, 0xdf, 0x6b, 0x0, 0x78,

    /* U+00EC "ì" */
    0x16, 0x6f, 0x18, 0x7, 0x8e, 0x67, 0xd8, 0x40,
    0x1c, 0x52, 0x1, 0xee, 0x0, 0xf3, 0x28, 0x7,
    0x1b, 0x0, 0x7a, 0x88, 0x3, 0xa0, 0x40, 0x3d,
    0xe2, 0x1, 0x86, 0x0, 0x3c, 0x54, 0x1, 0xcc,
    0x60, 0x1e, 0x48, 0x0, 0xea, 0x0, 0xf9, 0xff,
    0xfa, 0x40, 0x3f, 0xfa, 0xc9, 0xff, 0xf8, 0x80,
    0x36, 0x0, 0x7e, 0x10, 0xf, 0xff, 0xf8, 0x7,
    0xff, 0xfc, 0x3, 0xff, 0xfe, 0x1, 0xff, 0xff,
    0x0, 0xff, 0xff, 0x80, 0x7f, 0xf5, 0xf4, 0x3,
    0xf0, 0x80,

    /* U+00ED "í" */
    0x0, 0xc2, 0xcd, 0xe4, 0x0, 0xd7, 0x33, 0xee,
    0x0, 0x91, 0x40, 0x38, 0xa8, 0x2, 0x90, 0xf,
    0x78, 0x4, 0xe4, 0x1, 0xd4, 0x40, 0x1, 0x80,
    0xe, 0x65, 0x0, 0xa8, 0x3, 0x8e, 0x40, 0x21,
    0x40, 0xc, 0x5a, 0x1, 0x87, 0xff, 0xb4, 0x40,
    0x3f, 0xfa, 0x9, 0xff, 0xf8, 0x80, 0x18, 0x1,
    0xf8, 0x40, 0x3f, 0xff, 0xe0, 0x1f, 0xff, 0xf0,
    0xf, 0xff, 0xf8, 0x7, 0xff, 0xfc, 0x3, 0xff,
    0xcd, 0xa0, 0x1f, 0x84, 0x0,

    /* U+00EE "î" */
    0x0, 0xe5, 0x66, 0xfc, 0x40, 0x1f, 0x9a, 0xa6,
    0x7f, 0x78, 0x7, 0xc3, 0x20, 0x1f, 0xc5, 0x20,
    0x1e, 0xa0, 0xf, 0xf9, 0x8c, 0x3, 0x2a, 0x0,
    0x73, 0x98, 0x7, 0x70, 0x4, 0x36, 0x1, 0xc5,
    0x1e, 0x1, 0xc5, 0x20, 0x8, 0x10, 0xe, 0x80,
    0x35, 0x0, 0xe6, 0x31, 0x60, 0xe, 0x55, 0x0,
    0x20, 0x40, 0x3a, 0x7, 0xff, 0xd4, 0x1, 0x17,
    0x7f, 0xf5, 0x80, 0x7f, 0xf7, 0xd3, 0xff, 0xf1,
    0x0, 0x7f, 0x60, 0x7, 0xe1, 0x0, 0xff, 0xff,
    0x80, 0x7f, 0xff, 0xc0, 0x3f, 0xff, 0xe0, 0x1f,
    0xff, 0xf0, 0xf, 0xff, 0xf8, 0x7, 0xff, 0xfc,
    0x3, 0xff, 0xfe, 0x1, 0xff, 0xd7, 0xd0, 0xf,
    0xc2, 0x1, 0x80,

    /* U+00EF "ï" */
    0x0, 0x25, 0xff, 0xb5, 0xc0, 0x38, 0x67, 0xbf,
    0xa8, 0x80, 0x27, 0xb4, 0x0, 0x14, 0x58, 0x4,
    0x5e, 0xc2, 0x2, 0xb8, 0x60, 0x50, 0x1, 0xe4,
    0x70, 0x7, 0x8, 0x7, 0xf, 0x5, 0x80, 0x7e,
    0xa0, 0x23, 0x0, 0xf8, 0x8c, 0x80, 0x3f, 0x10,
    0x38, 0x7, 0xf2, 0x80, 0x7f, 0xf2, 0x8c, 0x3,
    0xf1, 0x3, 0x80, 0x7f, 0x2d, 0x0, 0x7e, 0xb0,
    0x24, 0x0, 0xf8, 0xcc, 0x52, 0x1, 0xe5, 0x60,
    0x5, 0x8, 0x7, 0xf, 0x0, 0x1a, 0xd0, 0x0,
    0x73, 0x40, 0x10, 0xfb, 0x8, 0xb, 0x79, 0x0,
    0x49, 0x7f, 0xec, 0x60, 0xe, 0x19, 0xef, 0xe9,
    0x10, 0xf, 0xff, 0x42, 0x7f, 0xfe, 0x20, 0xf,
    0xfe, 0x6, 0x0, 0x7e, 0x10, 0xf, 0xff, 0xf8,
    0x7, 0xff, 0xfc, 0x3, 0xff, 0xfe, 0x1, 0xff,
    0xff, 0x0, 0xff, 0xff, 0x80, 0x7f, 0xff, 0xc0,
    0x3f, 0xff, 0xe0, 0x1f, 0xff, 0xf0, 0xf, 0xff,
    0x36, 0x80, 0x7e, 0x10, 0xf, 0x0,

    /* U+00F0 "ð" */
    0x0, 0xf9, 0x3f, 0xfe, 0xd1, 0x0, 0xff, 0xe1,
    0xa1, 0x0, 0x78, 0xac, 0x3, 0xff, 0x89, 0xc0,
    0x1f, 0x2a, 0x80, 0x30, 0xa0, 0x7, 0xf1, 0xc0,
    0x7, 0xd4, 0x6b, 0x3b, 0xd6, 0x60, 0x1f, 0xce,
    0x80, 0x1f, 0x65, 0x31, 0x0, 0x14, 0x3, 0xfd,
    0x20, 0x1f, 0xfc, 0x1c, 0x0, 0xf9, 0x23, 0x34,
    0x3, 0xfe, 0x15, 0x90, 0xf, 0x25, 0xb9, 0x80,
    0x7f, 0x8f, 0x7a, 0x8c, 0x3, 0xca, 0x1, 0xff,
    0xc1, 0x33, 0x0, 0x7f, 0x9, 0x0, 0xd, 0xed,
    0x0, 0x3e, 0x60, 0xf, 0xf7, 0x5f, 0xe4, 0x24,
    0x0, 0x7d, 0x20, 0x1f, 0xe3, 0x40, 0xc, 0x66,
    0x0, 0xf0, 0xa8, 0x7, 0xf8, 0x51, 0x98, 0xa3,
    0x40, 0x1f, 0x70, 0x7, 0xe5, 0xce, 0xb9, 0x95,
    0x76, 0x0, 0x7c, 0x80, 0x1e, 0x1c, 0xa3, 0x0,
    0xf2, 0x80, 0x7e, 0x50, 0xc, 0x5e, 0x60, 0x1f,
    0xfc, 0x5c, 0x0, 0x87, 0x4, 0x3, 0xff, 0x8c,
    0xa0, 0x15, 0x88, 0x7, 0xff, 0x1c, 0xc0, 0x4,
    0xa0, 0x1f, 0xfc, 0x93, 0xa, 0x0, 0xff, 0xe5,
    0x38, 0x28, 0x7, 0xe1, 0xbf, 0xd5, 0x0, 0xfe,
    0x10, 0x20, 0xf, 0xda, 0x80, 0x54, 0x60, 0x1f,
    0x88, 0x3, 0xf8, 0x8c, 0x3, 0x48, 0x7, 0xef,
    0x10, 0xf, 0xce, 0x1, 0xcc, 0x1, 0xff, 0xff,
    0x0, 0xff, 0xff, 0x80, 0x7f, 0xff, 0xc0, 0x3f,
    0x84, 0x3, 0xf3, 0x0, 0x73, 0x0, 0x7f, 0xf1,
    0x8c, 0x80, 0x34, 0x80, 0x7e, 0xe0, 0x20, 0xf,
    0xde, 0x60, 0x9, 0x30, 0xf, 0xc6, 0x8, 0x1,
    0xf8, 0xb3, 0xfc, 0xc0, 0x1f, 0xca, 0x14, 0x1,
    0xff, 0xc9, 0x40, 0x1, 0xa0, 0x7, 0xff, 0x22,
    0x0, 0x29, 0x10, 0xf, 0xfe, 0x33, 0x98, 0x4,
    0x5a, 0x20, 0x1f, 0xfc, 0x46, 0x80, 0xe, 0x3f,
    0x40, 0xf, 0xfe, 0x14, 0xc8, 0x3, 0xe1, 0xbb,
    0x28, 0x7, 0xf1, 0x47, 0x30, 0x7, 0xf9, 0x2b,
    0xf2, 0xa6, 0x21, 0x37, 0xda, 0xe2, 0x1, 0xc0,

    /* U+00F1 "ñ" */
    0x0, 0xf0, 0xc6, 0xff, 0x52, 0x0, 0x61, 0x81,
    0x0, 0xfe, 0x2f, 0x72, 0x1, 0x5b, 0xc4, 0x2,
    0xd7, 0xf5, 0x0, 0xfd, 0xe2, 0x1, 0xe3, 0xbf,
    0xd3, 0x1, 0xa6, 0x0, 0xf3, 0x10, 0x7, 0xff,
    0xc, 0x80, 0x3c, 0x20, 0x1f, 0xfc, 0x35, 0x40,
    0xf, 0x3d, 0x0, 0xf, 0x7e, 0x88, 0x3, 0xcb,
    0x40, 0x1f, 0x97, 0x57, 0x48, 0x17, 0x64, 0xc4,
    0x49, 0x74, 0x1, 0xfe, 0x2a, 0x10, 0xc, 0xd9,
    0xdc, 0xb4, 0x0, 0xff, 0xfb, 0x2b, 0x3b, 0x18,
    0x7, 0x9f, 0xff, 0xee, 0x1, 0x9f, 0xa9, 0x89,
    0xce, 0x60, 0xd, 0xa0, 0x1f, 0x9, 0xe3, 0x0,
    0x78, 0x66, 0xc0, 0x3f, 0xf8, 0x18, 0x40, 0x1f,
    0xc9, 0x20, 0x1f, 0xfc, 0xb6, 0x30, 0xf, 0xfe,
    0x5c, 0x80, 0x7f, 0xf2, 0xd4, 0x3, 0xff, 0x98,
    0x60, 0x1f, 0xe9, 0xff, 0x48, 0x7, 0xf2, 0x80,
    0x7f, 0x33, 0x0, 0xc, 0xc0, 0xf, 0xdc, 0x1,
    0xfd, 0xa0, 0x1b, 0x40, 0x3f, 0x8, 0x7, 0xf3,
    0x0, 0x66, 0x0, 0xff, 0xe3, 0x18, 0x7, 0xff,
    0xfc, 0x3, 0xff, 0xfe, 0x1, 0xff, 0xff, 0x0,
    0xff, 0xff, 0x80, 0x7f, 0xff, 0xc0, 0x3f, 0xff,
    0xe0, 0x1f, 0xfc, 0x8d, 0x0, 0xf8, 0x44, 0x1,
    0x88, 0x40, 0x3e, 0xe0,

    /* U+00F2 "ò" */
    0x0, 0xc4, 0xcd, 0xe2, 0x0, 0xff, 0xe2, 0xbc,
    0xcf, 0xb0, 0x3, 0xff, 0x8a, 0xac, 0x1, 0xc3,
    0x20, 0x1f, 0xfc, 0x59, 0x30, 0xe, 0x63, 0x0,
    0xff, 0xe2, 0xe8, 0x80, 0x77, 0x80, 0x7f, 0xf1,
    0x46, 0x80, 0x38, 0xd8, 0x3, 0xff, 0x8a, 0x90,
    0x1, 0xd0, 0x20, 0x1f, 0xfc, 0x57, 0x50, 0xc,
    0x2e, 0x1, 0xff, 0xc6, 0xaf, 0xfe, 0x60, 0xf,
    0xfe, 0xf9, 0x2b, 0x3b, 0x99, 0x0, 0x3f, 0xf8,
    0x67, 0x5d, 0xb5, 0x31, 0x9, 0xbf, 0xc6, 0x0,
    0xff, 0xab, 0x14, 0x40, 0x3f, 0x1c, 0xf2, 0x0,
    0x7c, 0x5a, 0xa0, 0x1f, 0xfc, 0x11, 0xb7, 0x0,
    0xe1, 0xf2, 0x0, 0xff, 0xe2, 0x43, 0x0, 0x6b,
    0x20, 0xf, 0xfe, 0x34, 0x88, 0x0, 0x94, 0x3,
    0xff, 0x91, 0x60, 0xa, 0x0, 0xff, 0xe4, 0xa8,
    0x1, 0x40, 0x3f, 0x16, 0x7f, 0x98, 0x3, 0xf9,
    0x0, 0x80, 0x3f, 0x71, 0x80, 0x24, 0xc0, 0x3f,
    0x10, 0x7, 0xf1, 0x98, 0x3, 0x48, 0x7, 0xee,
    0x10, 0xf, 0xcc, 0x1, 0xcc, 0x1, 0xff, 0xff,
    0x0, 0xff, 0xff, 0x80, 0x7f, 0xff, 0xc0, 0x3f,
    0xfd, 0xe2, 0x1, 0xf9, 0x80, 0x39, 0x80, 0x3f,
    0xf8, 0xc6, 0x60, 0xd, 0x20, 0x1f, 0xb8, 0x8,
    0x3, 0xf7, 0x18, 0x2, 0x4c, 0x3, 0xf1, 0x2,
    0x80, 0x7e, 0x2c, 0xff, 0x30, 0x7, 0xf2, 0x5,
    0x80, 0x7f, 0xf2, 0x54, 0x0, 0x68, 0x1, 0xff,
    0xc8, 0x80, 0xa, 0x84, 0x3, 0xff, 0x8d, 0x4,
    0x1, 0xe, 0x88, 0x7, 0xff, 0x11, 0x9c, 0x3,
    0x8f, 0xd0, 0x3, 0xff, 0x82, 0x35, 0x20, 0x1f,
    0xd, 0xe2, 0x80, 0x7f, 0x14, 0x72, 0x80, 0x7f,
    0x8e, 0xbf, 0x2a, 0x62, 0x13, 0x7d, 0xae, 0x1,
    0xe0,

    /* U+00F3 "ó" */
    0x0, 0xff, 0xe0, 0xb, 0x37, 0x90, 0x3, 0xff,
    0x8b, 0xb3, 0x3e, 0xc0, 0xf, 0xfe, 0x23, 0x18,
    0x7, 0x1c, 0x0, 0x7f, 0xf0, 0xc6, 0x0, 0x38,
    0x74, 0x3, 0xff, 0x89, 0x2, 0x1, 0xda, 0x20,
    0x1f, 0xfc, 0x33, 0x60, 0xe, 0x83, 0x0, 0xff,
    0xe2, 0x78, 0x7, 0x2b, 0x80, 0x7f, 0xf1, 0xc,
    0xc0, 0x18, 0xe8, 0x3, 0xff, 0x8a, 0x7f, 0xfd,
    0x80, 0x1f, 0xfe, 0x2, 0x56, 0x77, 0x32, 0x0,
    0x7f, 0xf0, 0xce, 0xbb, 0x6a, 0x62, 0x13, 0x7f,
    0x8c, 0x1, 0xff, 0x56, 0x28, 0x80, 0x7e, 0x39,
    0xe4, 0x0, 0xf8, 0xb5, 0x40, 0x3f, 0xf8, 0x23,
    0x6e, 0x1, 0xc3, 0xe4, 0x1, 0xff, 0xc4, 0x86,
    0x0, 0xd6, 0x40, 0x1f, 0xfc, 0x69, 0x10, 0x1,
    0x28, 0x7, 0xff, 0x22, 0xc0, 0x14, 0x1, 0xff,
    0xc9, 0x50, 0x2, 0x80, 0x7e, 0x2c, 0xff, 0x30,
    0x7, 0xf2, 0x1, 0x0, 0x7e, 0xe3, 0x0, 0x49,
    0x80, 0x7e, 0x20, 0xf, 0xe3, 0x30, 0x6, 0x90,
    0xf, 0xdc, 0x20, 0x1f, 0x98, 0x3, 0x98, 0x3,
    0xff, 0xfe, 0x1, 0xff, 0xff, 0x0, 0xff, 0xff,
    0x80, 0x7f, 0xfb, 0xc4, 0x3, 0xf3, 0x0, 0x73,
    0x0, 0x7f, 0xf1, 0x8c, 0xc0, 0x1a, 0x40, 0x3f,
    0x70, 0x10, 0x7, 0xee, 0x30, 0x4, 0x98, 0x7,
    0xe2, 0x5, 0x0, 0xfc, 0x59, 0xfe, 0x60, 0xf,
    0xe4, 0xb, 0x0, 0xff, 0xe4, 0xa8, 0x0, 0xd0,
    0x3, 0xff, 0x91, 0x0, 0x15, 0x8, 0x7, 0xff,
    0x1a, 0x8, 0x2, 0x1d, 0x10, 0xf, 0xfe, 0x23,
    0x38, 0x7, 0x1f, 0xa0, 0x7, 0xff, 0x4, 0x6a,
    0x40, 0x3e, 0x1b, 0xc5, 0x0, 0xfe, 0x28, 0xe5,
    0x0, 0xff, 0x1d, 0x7e, 0x54, 0xc4, 0x26, 0xfb,
    0x5c, 0x3, 0xc0,

    /* U+00F4 "ô" */
    0x0, 0xfc, 0xcd, 0xfc, 0x20, 0x1f, 0xfc, 0x28,
    0x99, 0xfe, 0xd0, 0xf, 0xfe, 0x9, 0xb8, 0x7,
    0xf1, 0xb8, 0x7, 0xff, 0x3, 0xc0, 0x3f, 0xe8,
    0x20, 0xf, 0xf3, 0x98, 0x7, 0x48, 0x80, 0x77,
    0x0, 0x7f, 0x14, 0x0, 0x71, 0xb5, 0x80, 0x71,
    0xb8, 0x7, 0xe9, 0x0, 0xf7, 0x82, 0x98, 0x7,
    0x41, 0x0, 0x78, 0xd0, 0x3, 0x98, 0xc0, 0x1e,
    0x1, 0xeb, 0x0, 0xf1, 0xff, 0xfa, 0x40, 0x23,
    0xff, 0xf4, 0x80, 0x7f, 0xf6, 0x49, 0x59, 0xdc,
    0xc8, 0x1, 0xff, 0xc3, 0x3a, 0xed, 0xa9, 0x88,
    0x4d, 0xfe, 0x30, 0x7, 0xfd, 0x58, 0xa2, 0x1,
    0xf8, 0xe7, 0x90, 0x3, 0xe2, 0xd5, 0x0, 0xff,
    0xe0, 0x8d, 0xb8, 0x7, 0xf, 0x90, 0x7, 0xff,
    0x12, 0x18, 0x3, 0x59, 0x0, 0x7f, 0xf1, 0xa4,
    0x40, 0x4, 0xa0, 0x1f, 0xfc, 0x8b, 0x0, 0x50,
    0x7, 0xff, 0x25, 0x40, 0xa, 0x1, 0xf8, 0xb3,
    0xfc, 0xc0, 0x1f, 0xc8, 0x4, 0x1, 0xfb, 0x8c,
    0x1, 0x26, 0x1, 0xf8, 0x80, 0x3f, 0x8c, 0xc0,
    0x1a, 0x40, 0x3f, 0x70, 0x80, 0x7e, 0x60, 0xe,
    0x60, 0xf, 0xff, 0xf8, 0x7, 0xff, 0xfc, 0x3,
    0xff, 0xfe, 0x1, 0xff, 0xef, 0x10, 0xf, 0xcc,
    0x1, 0xcc, 0x1, 0xff, 0xc6, 0x33, 0x0, 0x69,
    0x0, 0xfd, 0xc0, 0x40, 0x1f, 0xb8, 0xc0, 0x12,
    0x60, 0x1f, 0x88, 0x14, 0x3, 0xf1, 0x67, 0xf9,
    0x80, 0x3f, 0x90, 0x2c, 0x3, 0xff, 0x92, 0xa0,
    0x3, 0x40, 0xf, 0xfe, 0x44, 0x0, 0x54, 0x20,
    0x1f, 0xfc, 0x68, 0x20, 0x8, 0x74, 0x40, 0x3f,
    0xf8, 0x8c, 0xe0, 0x1c, 0x7e, 0x80, 0x1f, 0xfc,
    0x11, 0xa9, 0x0, 0xf8, 0x6f, 0x14, 0x3, 0xf8,
    0xa3, 0x94, 0x3, 0xfc, 0x75, 0xf9, 0x53, 0x10,
    0x9b, 0xed, 0x70, 0xf, 0x0,

    /* U+00F5 "õ" */
    0x0, 0xf9, 0x2f, 0xbf, 0x64, 0xc0, 0x3a, 0x4c,
    0x3, 0xfd, 0x36, 0x82, 0x4, 0xd9, 0x68, 0x5,
    0x6d, 0x90, 0x1, 0xf9, 0xd8, 0x3, 0xe4, 0xbf,
    0xd4, 0x0, 0x3d, 0x0, 0x78, 0x60, 0x3, 0xff,
    0x88, 0x40, 0x1e, 0x30, 0xf, 0xfe, 0x21, 0xc0,
    0x7, 0x8b, 0x4c, 0x0, 0xfd, 0xc8, 0x10, 0xf,
    0x26, 0x80, 0x7e, 0x2c, 0x88, 0x84, 0x4f, 0xd4,
    0x82, 0x24, 0xab, 0x10, 0xf, 0xf3, 0xb8, 0x3,
    0x96, 0xfb, 0x96, 0xa0, 0x1f, 0xff, 0x42, 0x56,
    0x77, 0x32, 0x0, 0x7f, 0xf0, 0xce, 0xbb, 0x6a,
    0x62, 0x13, 0x7f, 0x8c, 0x1, 0xff, 0x56, 0x28,
    0x80, 0x7e, 0x39, 0xe4, 0x0, 0xf8, 0xb5, 0x40,
    0x3f, 0xf8, 0x23, 0x6e, 0x1, 0xc3, 0xe4, 0x1,
    0xff, 0xc4, 0x86, 0x0, 0xd6, 0x40, 0x1f, 0xfc,
    0x69, 0x10, 0x1, 0x28, 0x7, 0xff, 0x22, 0xc0,
    0x14, 0x1, 0xff, 0xc9, 0x50, 0x2, 0x80, 0x7e,
    0x2c, 0xff, 0x30, 0x7, 0xf2, 0x1, 0x0, 0x7e,
    0xe3, 0x0, 0x49, 0x80, 0x7e, 0x20, 0xf, 0xe3,
    0x30, 0x6, 0x90, 0xf, 0xdc, 0x20, 0x1f, 0x98,
    0x3, 0x98, 0x3, 0xff, 0xfe, 0x1, 0xff, 0xff,
    0x0, 0xff, 0xff, 0x80, 0x7f, 0xfb, 0xc4, 0x3,
    0xf3, 0x0, 0x73, 0x0, 0x7f, 0xf1, 0x8c, 0xc0,
    0x1a, 0x40, 0x3f, 0x70, 0x10, 0x7, 0xee, 0x30,
    0x4, 0x98, 0x7, 0xe2, 0x5, 0x0, 0xfc, 0x59,
    0xfe, 0x60, 0xf, 0xe4, 0xb, 0x0, 0xff, 0xe4,
    0xa8, 0x0, 0xd0, 0x3, 0xff, 0x91, 0x0, 0x15,
    0x8, 0x7, 0xff, 0x1a, 0x8, 0x2, 0x1d, 0x10,
    0xf, 0xfe, 0x23, 0x38, 0x7, 0x1f, 0xa0, 0x7,
    0xff, 0x4, 0x6a, 0x40, 0x3e, 0x1b, 0xc5, 0x0,
    0xfe, 0x28, 0xe5, 0x0, 0xff, 0x1d, 0x7e, 0x54,
    0xc4, 0x26, 0xfb, 0x5c, 0x3, 0xc0,

    /* U+00F6 "ö" */
    0x0, 0xcb, 0x9f, 0xec, 0x50, 0xe, 0x2a, 0xef,
    0xd9, 0x10, 0xf, 0x4d, 0x18, 0x0, 0xea, 0x40,
    0x23, 0xd5, 0x10, 0x26, 0xf1, 0x0, 0xca, 0xc0,
    0x1e, 0x64, 0x0, 0x68, 0x7, 0x86, 0x80, 0x37,
    0x0, 0x7e, 0xe0, 0x41, 0x0, 0xf9, 0x4, 0x2,
    0x60, 0xf, 0xce, 0x6, 0x1, 0xfc, 0xa0, 0x1f,
    0xfd, 0x6, 0x0, 0xfc, 0xe0, 0x60, 0x1f, 0xca,
    0x1, 0x78, 0x7, 0xee, 0x4, 0x20, 0xf, 0x94,
    0x40, 0x24, 0x70, 0xf, 0x3a, 0x0, 0x38, 0x40,
    0x38, 0xac, 0x3, 0xa2, 0x8c, 0x0, 0x75, 0x0,
    0x11, 0xe2, 0x88, 0x13, 0xe0, 0x80, 0x79, 0x73,
    0xfd, 0x8a, 0x1, 0xc5, 0x5d, 0xfb, 0x2, 0x1,
    0xff, 0xd9, 0x25, 0x67, 0x73, 0x20, 0x7, 0xff,
    0xc, 0xeb, 0xb6, 0xa6, 0x21, 0x37, 0xf8, 0xc0,
    0x1f, 0xf5, 0x62, 0x88, 0x7, 0xe3, 0x9e, 0x40,
    0xf, 0x8b, 0x54, 0x3, 0xff, 0x82, 0x36, 0xe0,
    0x1c, 0x3e, 0x40, 0x1f, 0xfc, 0x48, 0x60, 0xd,
    0x64, 0x1, 0xff, 0xc6, 0x91, 0x0, 0x12, 0x80,
    0x7f, 0xf2, 0x2c, 0x1, 0x40, 0x1f, 0xfc, 0x95,
    0x0, 0x28, 0x7, 0xe2, 0xcf, 0xf3, 0x0, 0x7f,
    0x20, 0x10, 0x7, 0xee, 0x30, 0x4, 0x98, 0x7,
    0xe2, 0x0, 0xfe, 0x33, 0x0, 0x69, 0x0, 0xfd,
    0xc2, 0x1, 0xf9, 0x80, 0x39, 0x80, 0x3f, 0xff,
    0xe0, 0x1f, 0xff, 0xf0, 0xf, 0xff, 0xf8, 0x7,
    0xff, 0xbc, 0x40, 0x3f, 0x30, 0x7, 0x30, 0x7,
    0xff, 0x18, 0xcc, 0x1, 0xa4, 0x3, 0xf7, 0x1,
    0x0, 0x7e, 0xe3, 0x0, 0x49, 0x80, 0x7e, 0x20,
    0x50, 0xf, 0xc5, 0x9f, 0xe6, 0x0, 0xfe, 0x40,
    0xb0, 0xf, 0xfe, 0x4a, 0x80, 0xd, 0x0, 0x3f,
    0xf9, 0x10, 0x1, 0x50, 0x80, 0x7f, 0xf1, 0xa0,
    0x80, 0x21, 0xd1, 0x0, 0xff, 0xe2, 0x33, 0x80,
    0x71, 0xfa, 0x0, 0x7f, 0xf0, 0x46, 0xa4, 0x3,
    0xe1, 0xbc, 0x50, 0xf, 0xe2, 0x8e, 0x50, 0xf,
    0xf1, 0xd7, 0xe5, 0x4c, 0x42, 0x6f, 0xb5, 0xc0,
    0x3c,

    /* U+00F7 "÷" */
    0x0, 0xff, 0x36, 0xff, 0x48, 0x7, 0xff, 0x1e,
    0xa4, 0x80, 0x5b, 0x40, 0x3f, 0xf8, 0xaa, 0xa0,
    0xe, 0x28, 0x0, 0xff, 0xe2, 0x60, 0x7, 0xc8,
    0x1, 0xff, 0xdd, 0xd0, 0xf, 0x90, 0x3, 0xff,
    0x88, 0x8a, 0x1, 0xc5, 0x0, 0x1f, 0xfc, 0x5a,
    0x92, 0x1, 0x6d, 0x0, 0xff, 0xe3, 0xb6, 0xff,
    0x48, 0x7, 0xff, 0xfc, 0x3, 0xfc, 0xbf, 0xff,
    0xfc, 0xb9, 0xd0, 0xf, 0xfe, 0x59, 0x0, 0x7f,
    0xff, 0xf8, 0x3, 0xff, 0x96, 0x4d, 0xff, 0xff,
    0xcb, 0x90, 0xf, 0xff, 0x83, 0x6f, 0xf4, 0x80,
    0x7f, 0xf1, 0xea, 0x48, 0x5, 0xb4, 0x3, 0xff,
    0x8a, 0xaa, 0x0, 0xe2, 0x80, 0xf, 0xfe, 0x26,
    0x0, 0x7c, 0x80, 0x1f, 0xfd, 0xdd, 0x0, 0xf9,
    0x0, 0x3f, 0xf8, 0x88, 0xa0, 0x1c, 0x50, 0x1,
    0xff, 0xc5, 0xa9, 0x20, 0x16, 0xd0, 0xf, 0xe0,

    /* U+00F8 "ø" */
    0x0, 0xff, 0xf0, 0xf, 0x50, 0x80, 0x7f, 0xf2,
    0xa0, 0x57, 0x9c, 0x3, 0xff, 0x80, 0x6a, 0xce,
    0xca, 0x60, 0x2c, 0x1, 0x46, 0x98, 0x7, 0xc7,
    0x5f, 0x95, 0x31, 0x35, 0x9f, 0xe0, 0xe, 0x2c,
    0x0, 0xe1, 0xbc, 0x50, 0xf, 0xe1, 0x0, 0xf2,
    0x0, 0x63, 0xf4, 0x0, 0xff, 0xe3, 0x40, 0x4,
    0x5a, 0x20, 0x1f, 0xfc, 0x65, 0x30, 0xa, 0x44,
    0x3, 0xff, 0x8f, 0xc0, 0x12, 0x20, 0x3, 0xff,
    0x91, 0xa0, 0x17, 0x0, 0x7f, 0xf2, 0x5c, 0x2,
    0x40, 0xf, 0xc7, 0xbf, 0xca, 0x1, 0xf8, 0x48,
    0x4, 0x40, 0x1f, 0xb4, 0x80, 0x68, 0x80, 0x3f,
    0x38, 0x18, 0x7, 0xe4, 0x10, 0xd, 0x40, 0x1f,
    0x8c, 0x4, 0x3, 0xf1, 0x0, 0x71, 0x0, 0x7f,
    0xf1, 0xc4, 0x3, 0xff, 0xfe, 0x1, 0xff, 0xff,
    0x0, 0xff, 0xff, 0x80, 0x7f, 0xf5, 0x84, 0x3,
    0xff, 0x88, 0x20, 0x1f, 0x88, 0x3, 0x88, 0x3,
    0xfc, 0x60, 0x1f, 0x90, 0x40, 0x35, 0x0, 0x7e,
    0x20, 0x10, 0xf, 0xed, 0x20, 0x1a, 0x20, 0xf,
    0xcc, 0x0, 0x40, 0xf, 0xc7, 0xbf, 0xca, 0x1,
    0xf8, 0x48, 0x1, 0xa0, 0x1f, 0xfc, 0x96, 0x0,
    0x98, 0x40, 0x3f, 0xf8, 0xe3, 0x20, 0x18, 0xc0,
    0x3f, 0xf8, 0xf6, 0x20, 0x12, 0x90, 0x7, 0xff,
    0x1a, 0x54, 0x3, 0x40, 0x7, 0xff, 0x14, 0x6d,
    0x80, 0x32, 0x90, 0x7, 0xff, 0xc, 0xe7, 0x90,
    0x3, 0x95, 0x80, 0x38, 0xbf, 0x2a, 0x22, 0xab,
    0xfc, 0x60, 0xf, 0xd3, 0x86, 0x1, 0x40, 0x1a,
    0xbb, 0xca, 0x80, 0x1f, 0xfc, 0x3, 0xc9, 0x12,
    0x50, 0xf, 0xfe, 0x53, 0x7e, 0x0, 0x7f, 0xf1,
    0xc0,

    /* U+00F9 "ù" */
    0x0, 0x89, 0x9b, 0xc4, 0x1, 0xff, 0xc4, 0x49,
    0x9f, 0x78, 0x7, 0xff, 0x11, 0x94, 0x3, 0x8a,
    0x0, 0x3f, 0xf8, 0x94, 0x40, 0x1c, 0xe4, 0x1,
    0xff, 0xc4, 0xf0, 0xf, 0x48, 0x7, 0xff, 0x10,
    0xa8, 0x3, 0x91, 0x40, 0x3f, 0xf8, 0x8a, 0xe0,
    0x1d, 0x60, 0x1f, 0xfc, 0x58, 0x40, 0xc, 0x2a,
    0x1, 0xff, 0xc5, 0xbf, 0xfe, 0x50, 0xf, 0xff,
    0x6d, 0xff, 0xfd, 0x40, 0x1c, 0x7f, 0xff, 0x8d,
    0x40, 0x3e, 0x70, 0xe, 0x50, 0xf, 0xcc, 0x1,
    0xff, 0xff, 0x0, 0xff, 0xff, 0x80, 0x7f, 0xff,
    0xc0, 0x3f, 0xff, 0xe0, 0x1f, 0xff, 0xf0, 0xf,
    0xff, 0xf8, 0x7, 0xff, 0x68, 0x80, 0x3b, 0xc0,
    0x3f, 0x8c, 0x3, 0xf2, 0x0, 0x67, 0x0, 0xfe,
    0x10, 0xf, 0xd2, 0x60, 0x34, 0x20, 0x1f, 0xce,
    0x1, 0xf8, 0xb3, 0xf9, 0x40, 0x3f, 0xd8, 0x1,
    0xff, 0xcb, 0x40, 0xf, 0xfe, 0x59, 0x98, 0x3,
    0xff, 0x97, 0xc2, 0x1, 0xff, 0xca, 0x2d, 0x10,
    0xf, 0xe2, 0x80, 0xf, 0xf8, 0xfd, 0x80, 0x3e,
    0x5c, 0x30, 0xf, 0xcc, 0x1, 0xc, 0xfd, 0xcc,
    0x42, 0xba, 0x85, 0x3f, 0xff, 0x18,

    /* U+00FA "ú" */
    0x0, 0xff, 0x89, 0x9b, 0xc6, 0x1, 0xff, 0xc4,
    0xf9, 0x9f, 0x20, 0x7, 0xff, 0xd, 0xc8, 0x3,
    0x91, 0xc0, 0x3f, 0xf8, 0x43, 0x0, 0x1c, 0x54,
    0x1, 0xff, 0xc3, 0xb0, 0xf, 0x70, 0x80, 0x7f,
    0xf0, 0x91, 0x40, 0x3a, 0x4c, 0x3, 0xff, 0x87,
    0x20, 0x1c, 0xcc, 0x0, 0xff, 0xe1, 0xa1, 0x0,
    0x64, 0x90, 0xf, 0xfe, 0x22, 0x7f, 0xf5, 0x80,
    0x7f, 0xfb, 0xaf, 0xff, 0xea, 0x0, 0xe3, 0xff,
    0xfc, 0x6a, 0x1, 0xf3, 0x80, 0x72, 0x80, 0x7e,
    0x60, 0xf, 0xff, 0xf8, 0x7, 0xff, 0xfc, 0x3,
    0xff, 0xfe, 0x1, 0xff, 0xff, 0x0, 0xff, 0xff,
    0x80, 0x7f, 0xff, 0xc0, 0x3f, 0xfb, 0x44, 0x1,
    0xde, 0x1, 0xfc, 0x60, 0x1f, 0x90, 0x3, 0x38,
    0x7, 0xf0, 0x80, 0x7e, 0x93, 0x1, 0xa1, 0x0,
    0xfe, 0x70, 0xf, 0xc5, 0x9f, 0xca, 0x1, 0xfe,
    0xc0, 0xf, 0xfe, 0x5a, 0x0, 0x7f, 0xf2, 0xcc,
    0xc0, 0x1f, 0xfc, 0xbe, 0x10, 0xf, 0xfe, 0x51,
    0x68, 0x80, 0x7f, 0x14, 0x0, 0x7f, 0xc7, 0xec,
    0x1, 0xf2, 0xe1, 0x80, 0x7e, 0x60, 0x8, 0x67,
    0xee, 0x62, 0x15, 0xd4, 0x29, 0xff, 0xf8, 0xc0,

    /* U+00FB "û" */
    0x0, 0xf9, 0x9b, 0xf8, 0x40, 0x3f, 0xf8, 0x33,
    0x3f, 0xea, 0x0, 0xff, 0xe0, 0x1b, 0x0, 0x7f,
    0x23, 0x0, 0x7f, 0xdc, 0x1, 0xff, 0x48, 0x80,
    0x7f, 0x41, 0x0, 0x74, 0x88, 0x7, 0x50, 0x7,
    0xe2, 0x70, 0xe, 0x46, 0x80, 0xe, 0x46, 0x0,
    0xfb, 0x80, 0x3d, 0x20, 0xc4, 0x1, 0xd2, 0x20,
    0x1c, 0x86, 0x1, 0xce, 0x40, 0x9, 0x0, 0xf4,
    0x80, 0x72, 0x7f, 0xfa, 0x0, 0x24, 0xff, 0xf4,
    0x0, 0x7f, 0xf9, 0xef, 0xff, 0xea, 0x0, 0xe3,
    0xff, 0xfc, 0x6a, 0x1, 0xf3, 0x80, 0x72, 0x80,
    0x7e, 0x60, 0xf, 0xff, 0xf8, 0x7, 0xff, 0xfc,
    0x3, 0xff, 0xfe, 0x1, 0xff, 0xff, 0x0, 0xff,
    0xff, 0x80, 0x7f, 0xff, 0xc0, 0x3f, 0xfb, 0x44,
    0x1, 0xde, 0x1, 0xfc, 0x60, 0x1f, 0x90, 0x3,
    0x38, 0x7, 0xf0, 0x80, 0x7e, 0x93, 0x1, 0xa1,
    0x0, 0xfe, 0x70, 0xf, 0xc5, 0x9f, 0xca, 0x1,
    0xfe, 0xc0, 0xf, 0xfe, 0x5a, 0x0, 0x7f, 0xf2,
    0xcc, 0xc0, 0x1f, 0xfc, 0xbe, 0x10, 0xf, 0xfe,
    0x51, 0x68, 0x80, 0x7f, 0x14, 0x0, 0x7f, 0xc7,
    0xec, 0x1, 0xf2, 0xe1, 0x80, 0x7e, 0x60, 0x8,
    0x67, 0xee, 0x62, 0x15, 0xd4, 0x29, 0xff, 0xf8,
    0xc0,

    /* U+00FC "ü" */
    0x0, 0x9b, 0x3f, 0xd8, 0xa0, 0x1c, 0x55, 0xdf,
    0xb0, 0x20, 0x1d, 0x52, 0x60, 0x3, 0xa8, 0x0,
    0x93, 0x54, 0x40, 0x9f, 0x4, 0x2, 0x65, 0x0,
    0xf3, 0x98, 0x2, 0x80, 0x3c, 0x56, 0x1, 0x50,
    0x7, 0xea, 0x5, 0x10, 0xf, 0x94, 0x2, 0x20,
    0xf, 0xca, 0x1a, 0x1, 0xfc, 0x60, 0x1f, 0xfc,
    0xe2, 0x0, 0xfc, 0xa1, 0xa0, 0x1f, 0xc6, 0x0,
    0x90, 0xf, 0xd4, 0xa, 0x20, 0x1f, 0x30, 0x4,
    0xac, 0x1, 0xe8, 0x30, 0x6, 0x80, 0x78, 0xa4,
    0x3, 0x4d, 0x18, 0x1, 0x2d, 0xc0, 0x23, 0xd5,
    0x10, 0x27, 0xd0, 0xf, 0x2e, 0x7f, 0xad, 0x0,
    0x38, 0xab, 0xbf, 0x60, 0x3, 0xff, 0xd1, 0x7f,
    0xff, 0x50, 0x7, 0x1f, 0xff, 0xe3, 0x50, 0xf,
    0x9c, 0x3, 0x94, 0x3, 0xf3, 0x0, 0x7f, 0xff,
    0xc0, 0x3f, 0xff, 0xe0, 0x1f, 0xff, 0xf0, 0xf,
    0xff, 0xf8, 0x7, 0xff, 0xfc, 0x3, 0xff, 0xfe,
    0x1, 0xff, 0xda, 0x20, 0xe, 0xf0, 0xf, 0xe3,
    0x0, 0xfc, 0x80, 0x19, 0xc0, 0x3f, 0x84, 0x3,
    0xf4, 0x98, 0xd, 0x8, 0x7, 0xf3, 0x80, 0x7e,
    0x2c, 0xfe, 0x50, 0xf, 0xf6, 0x0, 0x7f, 0xf2,
    0xd0, 0x3, 0xff, 0x96, 0x66, 0x0, 0xff, 0xe5,
    0xf0, 0x80, 0x7f, 0xf2, 0x8b, 0x44, 0x3, 0xf8,
    0xa0, 0x3, 0xfe, 0x3f, 0x60, 0xf, 0x97, 0xc,
    0x3, 0xf3, 0x0, 0x43, 0x3f, 0x73, 0x10, 0xae,
    0xa1, 0x4f, 0xff, 0xc6,

    /* U+00FD "ý" */
    0x0, 0xff, 0xe0, 0xab, 0x37, 0x80, 0x3f, 0xf8,
    0xcf, 0x53, 0x3d, 0x60, 0x1f, 0xfc, 0x52, 0x80,
    0xf, 0x78, 0x7, 0xff, 0x16, 0x40, 0x3d, 0x44,
    0x1, 0xff, 0xc4, 0x44, 0x0, 0x73, 0xa8, 0x7,
    0xff, 0x16, 0x40, 0x39, 0x20, 0x3, 0xff, 0x8b,
    0x4, 0x1, 0x86, 0x80, 0x3f, 0xf8, 0xca, 0x1,
    0x87, 0x44, 0x3, 0xff, 0x8d, 0xbf, 0xfb, 0x8c,
    0x3, 0xff, 0xe4, 0x3f, 0xff, 0xb8, 0x3, 0xd9,
    0xff, 0xf9, 0xc, 0x3, 0xf0, 0x98, 0x7, 0x18,
    0x7, 0xe6, 0x21, 0x0, 0xfc, 0xa0, 0x18, 0xc0,
    0x3f, 0x9, 0x3, 0x80, 0x7e, 0xe0, 0xc, 0xc0,
    0x1f, 0x90, 0x1, 0x80, 0x1f, 0x8c, 0x3, 0x68,
    0x7, 0xec, 0x0, 0x20, 0x7, 0xe6, 0x0, 0xc4,
    0x1, 0xf9, 0x0, 0x2, 0x40, 0x1f, 0x10, 0x6,
    0x60, 0xf, 0x84, 0x80, 0x24, 0x0, 0xfc, 0x40,
    0x11, 0x80, 0x7c, 0x80, 0x1b, 0x0, 0x3f, 0x38,
    0x0, 0x40, 0x3f, 0x60, 0x6, 0x40, 0xf, 0xc4,
    0x0, 0x20, 0xf, 0xc8, 0x1, 0x84, 0xc0, 0x3e,
    0xe0, 0x2, 0x80, 0x7c, 0x24, 0x1, 0xc8, 0x1,
    0xf2, 0x80, 0x38, 0x3, 0xe4, 0x0, 0xf6, 0x0,
    0x7c, 0x40, 0x3, 0x0, 0xfb, 0xc0, 0x3c, 0x80,
    0x1f, 0x8, 0x81, 0x80, 0x3e, 0x40, 0xf, 0x8c,
    0x3, 0xe2, 0x2, 0x0, 0xf1, 0x8, 0x7, 0xc8,
    0x1, 0xf2, 0x90, 0x7, 0xc8, 0x1, 0xfb, 0x0,
    0x3e, 0xe6, 0x0, 0xfb, 0x0, 0x3f, 0x20, 0x7,
    0xc6, 0x40, 0x1f, 0x20, 0x7, 0xf2, 0x0, 0x79,
    0xbc, 0x3, 0xc4, 0x20, 0x1f, 0xd8, 0x1, 0xe2,
    0x70, 0xf, 0x20, 0x7, 0xf9, 0x0, 0x3e, 0x10,
    0xf, 0x60, 0x7, 0xf8, 0xc0, 0x3f, 0xf8, 0x48,
    0x1, 0xff, 0x20, 0x7, 0xff, 0x0, 0x84, 0x3,
    0xfe, 0xd0, 0xf, 0xfe, 0x2, 0x0, 0x7f, 0xf0,
    0x10, 0x3, 0xff, 0x81, 0xa0, 0x1f, 0xfc, 0x2,
    0x10, 0xf, 0xf9, 0x40, 0x3f, 0xf8, 0x28, 0x1,
    0xfe, 0x31, 0x0, 0xff, 0xe0, 0xe0, 0x7, 0xf9,
    0x0, 0x3f, 0xf8, 0x48, 0x1, 0xfe, 0xc0, 0xf,
    0xfe, 0x11, 0x8, 0x7, 0xf2, 0x0, 0x7f, 0xf0,
    0xdc, 0x3, 0xf1, 0x80, 0x7f, 0xf1, 0x3c, 0x3,
    0xf2, 0x0, 0x7f, 0xf3, 0x70, 0x3, 0xff, 0x89,
    0xe0, 0x1f, 0x90, 0x3, 0xff, 0x88, 0xe0, 0x1f,
    0x20, 0x7, 0xff, 0xc, 0x6c, 0x40, 0x3e, 0xe0,
    0xf, 0xf9, 0x5e, 0x2f, 0x90, 0x3, 0xf2, 0x80,
    0x7f, 0xd5, 0xe, 0x80, 0x1f, 0xcc, 0x1, 0xff,
    0xcd, 0xb0, 0xf, 0xfe, 0x63, 0x10, 0x7, 0xff,
    0x2c, 0xa4, 0x3, 0xff, 0x96, 0x78, 0x1, 0xff,
    0xca, 0x18, 0xc1, 0x0, 0xff, 0xe1, 0x8, 0x0,
    0x4d, 0x63, 0x39, 0xc0, 0x3f, 0xf8, 0x40,

    /* U+00FE "þ" */
    0xbf, 0xff, 0xa8, 0x3, 0xff, 0x86, 0xa0, 0x1f,
    0x38, 0x7, 0xff, 0xfc, 0x3, 0xff, 0xfe, 0x1,
    0xff, 0xf9, 0x15, 0x77, 0x29, 0x0, 0x7f, 0xf1,
    0x67, 0xaa, 0x21, 0x5b, 0xcc, 0x1, 0xff, 0xc2,
    0xd6, 0x0, 0xf0, 0xcd, 0x0, 0x7f, 0xc7, 0x64,
    0x1, 0xfc, 0xb2, 0x1, 0xfe, 0x14, 0x0, 0xff,
    0x98, 0xc0, 0x3f, 0xf9, 0x72, 0x1, 0xff, 0xcb,
    0x50, 0xf, 0xfe, 0x61, 0x80, 0x7f, 0xaf, 0xfc,
    0xe0, 0x1f, 0xca, 0x1, 0xfd, 0x28, 0x0, 0x84,
    0x0, 0xfc, 0x20, 0x1f, 0xcc, 0x1, 0xb8, 0x3,
    0xf7, 0x80, 0x7e, 0x10, 0xe, 0x60, 0xf, 0xff,
    0xf8, 0x7, 0xff, 0xfc, 0x3, 0xff, 0xfe, 0x1,
    0xff, 0xec, 0x10, 0xe, 0x60, 0xf, 0xfe, 0x33,
    0x0, 0x6e, 0x0, 0xfd, 0xe0, 0x1f, 0xd2, 0xa0,
    0x30, 0x80, 0x1f, 0x84, 0x3, 0xfd, 0x5f, 0xce,
    0x1, 0xfc, 0xa0, 0x1f, 0xfc, 0xb3, 0x0, 0xff,
    0xe5, 0x30, 0x7, 0xff, 0x2e, 0x80, 0x3f, 0x85,
    0x0, 0x3f, 0xe6, 0x30, 0xf, 0xe3, 0xb2, 0x0,
    0xfe, 0x59, 0x0, 0xff, 0xe0, 0x6b, 0x0, 0x78,
    0x66, 0x80, 0x3f, 0xf8, 0x53, 0xd5, 0x10, 0x9c,
    0xe6, 0x0, 0xff, 0xe2, 0xa, 0xbb, 0x98, 0xc0,
    0x3f, 0xff, 0xe0, 0x1f, 0xff, 0xf0, 0xf, 0xff,
    0xe2, 0x80, 0x7c, 0xc0, 0x1f, 0xfc, 0x30,

    /* U+00FF "ÿ" */
    0x0, 0xc7, 0x5d, 0xfb, 0x0, 0x1e, 0x8d, 0xfe,
    0xb3, 0x0, 0xf9, 0x31, 0x44, 0x9, 0xf4, 0x40,
    0x2c, 0x72, 0x1, 0x4c, 0x50, 0xf, 0x50, 0x7,
    0x8a, 0xc0, 0x12, 0x60, 0x1e, 0xa1, 0x0, 0xcc,
    0x20, 0x1f, 0x28, 0x1, 0x80, 0x3f, 0x38, 0x6,
    0xe0, 0xf, 0xe2, 0x20, 0x7, 0xf7, 0x80, 0x7f,
    0xf4, 0xb4, 0x3, 0xf8, 0x88, 0x1, 0xfd, 0xe0,
    0x19, 0x44, 0x3, 0xe6, 0x0, 0x38, 0x7, 0xc2,
    0xe0, 0x1d, 0x40, 0x1e, 0x39, 0x0, 0x41, 0x80,
    0x7a, 0x84, 0x3, 0x93, 0x54, 0x40, 0x9f, 0x0,
    0x36, 0x41, 0x0, 0xae, 0x20, 0x7, 0xc5, 0x5d,
    0xfb, 0x0, 0x1e, 0x7d, 0xfe, 0xa3, 0x0, 0xff,
    0xf6, 0xf, 0xff, 0xee, 0x0, 0xf6, 0x7f, 0xfe,
    0x43, 0x0, 0xfc, 0x26, 0x1, 0xc6, 0x1, 0xf9,
    0x88, 0x40, 0x3f, 0x28, 0x6, 0x30, 0xf, 0xc2,
    0x40, 0xe0, 0x1f, 0xb8, 0x3, 0x30, 0x7, 0xe4,
    0x0, 0x60, 0x7, 0xe3, 0x0, 0xda, 0x1, 0xfb,
    0x0, 0x8, 0x1, 0xf9, 0x80, 0x31, 0x0, 0x7e,
    0x40, 0x0, 0x90, 0x7, 0xc4, 0x1, 0x98, 0x3,
    0xe1, 0x20, 0x9, 0x0, 0x3f, 0x10, 0x4, 0x60,
    0x1f, 0x20, 0x6, 0xc0, 0xf, 0xce, 0x0, 0x10,
    0xf, 0xd8, 0x1, 0x90, 0x3, 0xf1, 0x0, 0x8,
    0x3, 0xf2, 0x0, 0x61, 0x30, 0xf, 0xb8, 0x0,
    0xa0, 0x1f, 0x9, 0x0, 0x72, 0x0, 0x7c, 0xa0,
    0xe, 0x0, 0xf9, 0x0, 0x3d, 0x80, 0x1f, 0x10,
    0x0, 0xc0, 0x3e, 0xf0, 0xf, 0x20, 0x7, 0xc2,
    0x20, 0x60, 0xf, 0x90, 0x3, 0xe3, 0x0, 0xf8,
    0x80, 0x80, 0x3c, 0x42, 0x1, 0xf2, 0x0, 0x7c,
    0xa4, 0x1, 0xf2, 0x0, 0x7e, 0xc0, 0xf, 0xb9,
    0x80, 0x3e, 0xc0, 0xf, 0xc8, 0x1, 0xf1, 0x90,
    0x7, 0xc8, 0x1, 0xfc, 0x80, 0x1e, 0x6f, 0x0,
    0xf1, 0x8, 0x7, 0xf6, 0x0, 0x78, 0x9c, 0x3,
    0xc8, 0x1, 0xfe, 0x40, 0xf, 0x84, 0x3, 0xd8,
    0x1, 0xfe, 0x30, 0xf, 0xfe, 0x12, 0x0, 0x7f,
    0xc8, 0x1, 0xff, 0xc0, 0x21, 0x0, 0xff, 0xb4,
    0x3, 0xff, 0x80, 0x80, 0x1f, 0xfc, 0x4, 0x0,
    0xff, 0xe0, 0x68, 0x7, 0xff, 0x0, 0x84, 0x3,
    0xfe, 0x50, 0xf, 0xfe, 0xa, 0x0, 0x7f, 0x8c,
    0x40, 0x3f, 0xf8, 0x38, 0x1, 0xfe, 0x40, 0xf,
    0xfe, 0x12, 0x0, 0x7f, 0xb0, 0x3, 0xff, 0x84,
    0x42, 0x1, 0xfc, 0x80, 0x1f, 0xfc, 0x37, 0x0,
    0xfc, 0x60, 0x1f, 0xfc, 0x4f, 0x0, 0xfc, 0x80,
    0x1f, 0xfc, 0xdc, 0x0, 0xff, 0xe2, 0x78, 0x7,
    0xe4, 0x0, 0xff, 0xe2, 0x38, 0x7, 0xc8, 0x1,
    0xff, 0xc3, 0x1b, 0x10, 0xf, 0xb8, 0x3, 0xfe,
    0x57, 0x8b, 0xe4, 0x0, 0xfc, 0xa0, 0x1f, 0xf5,
    0x43, 0xa0, 0x7, 0xf3, 0x0, 0x7f, 0xf3, 0x6c,
    0x3, 0xff, 0x98, 0xc4, 0x1, 0xff, 0xcb, 0x29,
    0x0, 0xff, 0xe5, 0x9e, 0x0, 0x7f, 0xf2, 0x86,
    0x30, 0x40, 0x3f, 0xf8, 0x42, 0x0, 0x13, 0x58,
    0xce, 0x70, 0xf, 0xfe, 0x10,

    /* U+2013 "–" */
    0x16, 0x6f, 0xfe, 0x3a, 0x83, 0x4c, 0xff, 0xf1,
    0xe8, 0x7c, 0x3, 0xff, 0x90, 0x60, 0x1f, 0xff,
    0xf0, 0xf, 0xfe, 0xe, 0x80, 0x7f, 0xf1, 0xc4,
    0xc0,

    /* U+2014 "—" */
    0x16, 0x6f, 0xfe, 0xa8, 0x34, 0xcf, 0xff, 0x55,
    0x3c, 0x3, 0xff, 0xfe, 0x1, 0xff, 0xff, 0x0,
    0xff, 0xe6, 0x68, 0x7, 0xff, 0x55, 0x80,

    /* U+2026 "…" */
    0x0, 0x36, 0x7f, 0xb1, 0x40, 0x3f, 0x97, 0x3f,
    0xd8, 0xa0, 0x1f, 0xcb, 0x9f, 0xec, 0x60, 0xa,
    0xa4, 0xc0, 0x7, 0x50, 0x1, 0xf4, 0xd1, 0x80,
    0xe, 0xa4, 0x3, 0xe8, 0xa3, 0x0, 0x1c, 0xd0,
    0x2a, 0x80, 0x3c, 0xe8, 0x1, 0xc8, 0xc0, 0x1e,
    0x65, 0x0, 0xe3, 0x70, 0xf, 0x2b, 0x48, 0x7,
    0xee, 0x0, 0xef, 0x0, 0xfd, 0xc0, 0x1d, 0x20,
    0x1f, 0xa8, 0x80, 0x3f, 0x30, 0x7, 0x30, 0x7,
    0xe6, 0x0, 0xe6, 0x0, 0xfc, 0x40, 0x1f, 0xfd,
    0xc5, 0x0, 0xfc, 0xc0, 0x1c, 0xe0, 0x1f, 0x98,
    0x3, 0x94, 0x3, 0xf1, 0x70, 0x7, 0xe9, 0x0,
    0xee, 0x0, 0xfd, 0xe0, 0x1d, 0x40, 0x1f, 0xa5,
    0x58, 0x3, 0xd0, 0x60, 0x1c, 0x8e, 0x1, 0xe7,
    0x40, 0xe, 0x38, 0x0, 0xf3, 0x28, 0x4d, 0x18,
    0x0, 0xed, 0xc0, 0x3e, 0x8a, 0x30, 0x1, 0xd4,
    0x0, 0x7c, 0xf6, 0x80, 0x3, 0x99, 0x0
};


/*---------------------
 *  GLYPH DESCRIPTION
 *--------------------*/

static const lv_font_fmt_txt_glyph_dsc_t glyph_dsc[] = {
    {.bitmap_index = 0, .adv_w = 0, .box_w = 0, .box_h = 0, .ofs_x = 0, .ofs_y = 0} /* id = 0 reserved */,
    {.bitmap_index = 0, .adv_w = 198, .box_w = 0, .box_h = 0, .ofs_x = 0, .ofs_y = 0},
    {.bitmap_index = 0, .adv_w = 277, .box_w = 11, .box_h = 43, .ofs_x = 3, .ofs_y = 0},
    {.bitmap_index = 127, .adv_w = 343, .box_w = 21, .box_h = 14, .ofs_x = 0, .ofs_y = 29},
    {.bitmap_index = 226, .adv_w = 611, .box_w = 35, .box_h = 40, .ofs_x = 2, .ofs_y = 2},
    {.bitmap_index = 534, .adv_w = 440, .box_w = 26, .box_h = 53, .ofs_x = 1, .ofs_y = -5},
    {.bitmap_index = 892, .adv_w = 760, .box_w = 43, .box_h = 44, .ofs_x = 2, .ofs_y = -1},
    {.bitmap_index = 1453, .adv_w = 598, .box_w = 35, .box_h = 44, .ofs_x = 1, .ofs_y = -1},
    {.bitmap_index = 1872, .adv_w = 169, .box_w = 10, .box_h = 14, .ofs_x = 0, .ofs_y = 29},
    {.bitmap_index = 1919, .adv_w = 309, .box_w = 16, .box_h = 52, .ofs_x = 0, .ofs_y = -6},
    {.bitmap_index = 2144, .adv_w = 309, .box_w = 17, .box_h = 52, .ofs_x = 3, .ofs_y = -6},
    {.bitmap_index = 2379, .adv_w = 358, .box_w = 22, .box_h = 21, .ofs_x = 0, .ofs_y = 24},
    {.bitmap_index = 2529, .adv_w = 434, .box_w = 25, .box_h = 24, .ofs_x = 1, .ofs_y = 8},
    {.bitmap_index = 2595, .adv_w = 209, .box_w = 11, .box_h = 16, .ofs_x = 1, .ofs_y = -6},
    {.bitmap_index = 2658, .adv_w = 328, .box_w = 19, .box_h = 8, .ofs_x = 1, .ofs_y = 14},
    {.bitmap_index = 2679, .adv_w = 221, .box_w = 10, .box_h = 10, .ofs_x = 2, .ofs_y = -1},
    {.bitmap_index = 2716, .adv_w = 412, .box_w = 24, .box_h = 43, .ofs_x = 0, .ofs_y = 0},
    {.bitmap_index = 2987, .adv_w = 449, .box_w = 26, .box_h = 44, .ofs_x = 1, .ofs_y = -1},
    {.bitmap_index = 3207, .adv_w = 282, .box_w = 16, .box_h = 43, .ofs_x = 0, .ofs_y = 0},
    {.bitmap_index = 3270, .adv_w = 434, .box_w = 26, .box_h = 43, .ofs_x = 1, .ofs_y = 0},
    {.bitmap_index = 3546, .adv_w = 433, .box_w = 25, .box_h = 44, .ofs_x = 1, .ofs_y = -1},
    {.bitmap_index = 3819, .adv_w = 480, .box_w = 30, .box_h = 43, .ofs_x = 0, .ofs_y = 0},
    {.bitmap_index = 4043, .adv_w = 435, .box_w = 25, .box_h = 44, .ofs_x = 1, .ofs_y = -1},
    {.bitmap_index = 4258, .adv_w = 436, .box_w = 25, .box_h = 44, .ofs_x = 1, .ofs_y = -1},
    {.bitmap_index = 4551, .adv_w = 404, .box_w = 25, .box_h = 43, .ofs_x = 0, .ofs_y = 0},
    {.bitmap_index = 4796, .adv_w = 436, .box_w = 25, .box_h = 44, .ofs_x = 1, .ofs_y = -1},
    {.bitmap_index = 5124, .adv_w = 432, .box_w = 25, .box_h = 44, .ofs_x = 1, .ofs_y = -1},
    {.bitmap_index = 5411, .adv_w = 273, .box_w = 11, .box_h = 30, .ofs_x = 3, .ofs_y = 0},
    {.bitmap_index = 5502, .adv_w = 230, .box_w = 12, .box_h = 36, .ofs_x = 1, .ofs_y = -6},
    {.bitmap_index = 5621, .adv_w = 434, .box_w = 25, .box_h = 30, .ofs_x = 1, .ofs_y = 3},
    {.bitmap_index = 5808, .adv_w = 434, .box_w = 25, .box_h = 18, .ofs_x = 1, .ofs_y = 11},
    {.bitmap_index = 5853, .adv_w = 434, .box_w = 25, .box_h = 30, .ofs_x = 1, .ofs_y = 3},
    {.bitmap_index = 6040, .adv_w = 434, .box_w = 25, .box_h = 43, .ofs_x = 1, .ofs_y = 0},
    {.bitmap_index = 6311, .adv_w = 753, .box_w = 45, .box_h = 45, .ofs_x = 1, .ofs_y = -5},
    {.bitmap_index = 6913, .adv_w = 478, .box_w = 30, .box_h = 43, .ofs_x = 0, .ofs_y = 0},
    {.bitmap_index = 7251, .adv_w = 466, .box_w = 26, .box_h = 43, .ofs_x = 2, .ofs_y = 0},
    {.bitmap_index = 7499, .adv_w = 460, .box_w = 25, .box_h = 44, .ofs_x = 2, .ofs_y = -1},
    {.bitmap_index = 7718, .adv_w = 472, .box_w = 26, .box_h = 43, .ofs_x = 2, .ofs_y = 0},
    {.bitmap_index = 7882, .adv_w = 434, .box_w = 24, .box_h = 43, .ofs_x = 2, .ofs_y = 0},
    {.bitmap_index = 7969, .adv_w = 418, .box_w = 24, .box_h = 43, .ofs_x = 2, .ofs_y = 0},
    {.bitmap_index = 8050, .adv_w = 463, .box_w = 25, .box_h = 44, .ofs_x = 2, .ofs_y = -1},
    {.bitmap_index = 8277, .adv_w = 476, .box_w = 26, .box_h = 43, .ofs_x = 2, .ofs_y = 0},
    {.bitmap_index = 8361, .adv_w = 228, .box_w = 10, .box_h = 43, .ofs_x = 2, .ofs_y = 0},
    {.bitmap_index = 8389, .adv_w = 448, .box_w = 26, .box_h = 44, .ofs_x = 0, .ofs_y = -1},
    {.bitmap_index = 8537, .adv_w = 487, .box_w = 28, .box_h = 43, .ofs_x = 2, .ofs_y = 0},
    {.bitmap_index = 8803, .adv_w = 423, .box_w = 24, .box_h = 43, .ofs_x = 2, .ofs_y = 0},
    {.bitmap_index = 8867, .adv_w = 544, .box_w = 30, .box_h = 43, .ofs_x = 2, .ofs_y = 0},
    {.bitmap_index = 9035, .adv_w = 510, .box_w = 28, .box_h = 43, .ofs_x = 2, .ofs_y = 0},
    {.bitmap_index = 9231, .adv_w = 469, .box_w = 26, .box_h = 44, .ofs_x = 2, .ofs_y = -1},
    {.bitmap_index = 9442, .adv_w = 461, .box_w = 26, .box_h = 43, .ofs_x = 2, .ofs_y = 0},
    {.bitmap_index = 9625, .adv_w = 457, .box_w = 25, .box_h = 49, .ofs_x = 2, .ofs_y = -6},
    {.bitmap_index = 9839, .adv_w = 467, .box_w = 26, .box_h = 43, .ofs_x = 2, .ofs_y = 0},
    {.bitmap_index = 10090, .adv_w = 440, .box_w = 26, .box_h = 44, .ofs_x = 1, .ofs_y = -1},
    {.bitmap_index = 10419, .adv_w = 464, .box_w = 27, .box_h = 43, .ofs_x = 1, .ofs_y = 0},
    {.bitmap_index = 10494, .adv_w = 475, .box_w = 26, .box_h = 44, .ofs_x = 2, .ofs_y = -1},
    {.bitmap_index = 10640, .adv_w = 484, .box_w = 29, .box_h = 43, .ofs_x = 1, .ofs_y = 0},
    {.bitmap_index = 10984, .adv_w = 683, .box_w = 41, .box_h = 43, .ofs_x = 1, .ofs_y = 0},
    {.bitmap_index = 11493, .adv_w = 471, .box_w = 27, .box_h = 43, .ofs_x = 1, .ofs_y = 0},
    {.bitmap_index = 11828, .adv_w = 470, .box_w = 27, .box_h = 43, .ofs_x = 1, .ofs_y = 0},
    {.bitmap_index = 12057, .adv_w = 409, .box_w = 24, .box_h = 43, .ofs_x = 1, .ofs_y = 0},
    {.bitmap_index = 12289, .adv_w = 342, .box_w = 15, .box_h = 58, .ofs_x = 1, .ofs_y = -9},
    {.bitmap_index = 12356, .adv_w = 412, .box_w = 23, .box_h = 43, .ofs_x = 2, .ofs_y = 0},
    {.bitmap_index = 12622, .adv_w = 342, .box_w = 15, .box_h = 58, .ofs_x = 5, .ofs_y = -9},
    {.bitmap_index = 12684, .adv_w = 419, .box_w = 24, .box_h = 25, .ofs_x = 1, .ofs_y = 18},
    {.bitmap_index = 12866, .adv_w = 418, .box_w = 26, .box_h = 7, .ofs_x = 0, .ofs_y = 0},
    {.bitmap_index = 12887, .adv_w = 218, .box_w = 12, .box_h = 8, .ofs_x = 1, .ofs_y = 35},
    {.bitmap_index = 12922, .adv_w = 442, .box_w = 25, .box_h = 34, .ofs_x = 1, .ofs_y = -1},
    {.bitmap_index = 13143, .adv_w = 441, .box_w = 24, .box_h = 44, .ofs_x = 2, .ofs_y = -1},
    {.bitmap_index = 13308, .adv_w = 431, .box_w = 25, .box_h = 34, .ofs_x = 1, .ofs_y = -1},
    {.bitmap_index = 13505, .adv_w = 441, .box_w = 25, .box_h = 44, .ofs_x = 1, .ofs_y = -1},
    {.bitmap_index = 13677, .adv_w = 433, .box_w = 25, .box_h = 34, .ofs_x = 1, .ofs_y = -1},
    {.bitmap_index = 13872, .adv_w = 296, .box_w = 17, .box_h = 43, .ofs_x = 1, .ofs_y = 0},
    {.bitmap_index = 13975, .adv_w = 437, .box_w = 25, .box_h = 46, .ofs_x = 1, .ofs_y = -13},
    {.bitmap_index = 14211, .adv_w = 443, .box_w = 24, .box_h = 43, .ofs_x = 2, .ofs_y = 0},
    {.bitmap_index = 14330, .adv_w = 217, .box_w = 11, .box_h = 45, .ofs_x = 1, .ofs_y = 0},
    {.bitmap_index = 14402, .adv_w = 215, .box_w = 16, .box_h = 57, .ofs_x = -4, .ofs_y = -12},
    {.bitmap_index = 14544, .adv_w = 445, .box_w = 25, .box_h = 43, .ofs_x = 2, .ofs_y = 0},
    {.bitmap_index = 14750, .adv_w = 207, .box_w = 9, .box_h = 43, .ofs_x = 2, .ofs_y = 0},
    {.bitmap_index = 14774, .adv_w = 670, .box_w = 38, .box_h = 33, .ofs_x = 2, .ofs_y = 0},
    {.bitmap_index = 14944, .adv_w = 443, .box_w = 24, .box_h = 33, .ofs_x = 2, .ofs_y = 0},
    {.bitmap_index = 15050, .adv_w = 438, .box_w = 25, .box_h = 34, .ofs_x = 1, .ofs_y = -1},
    {.bitmap_index = 15227, .adv_w = 444, .box_w = 24, .box_h = 44, .ofs_x = 2, .ofs_y = -11},
    {.bitmap_index = 15393, .adv_w = 444, .box_w = 25, .box_h = 44, .ofs_x = 1, .ofs_y = -11},
    {.bitmap_index = 15562, .adv_w = 321, .box_w = 18, .box_h = 33, .ofs_x = 2, .ofs_y = 0},
    {.bitmap_index = 15656, .adv_w = 409, .box_w = 24, .box_h = 34, .ofs_x = 1, .ofs_y = -1},
    {.bitmap_index = 15908, .adv_w = 289, .box_w = 17, .box_h = 40, .ofs_x = 0, .ofs_y = 0},
    {.bitmap_index = 16001, .adv_w = 443, .box_w = 24, .box_h = 33, .ofs_x = 2, .ofs_y = -1},
    {.bitmap_index = 16102, .adv_w = 433, .box_w = 27, .box_h = 32, .ofs_x = 0, .ofs_y = 0},
    {.bitmap_index = 16344, .adv_w = 608, .box_w = 38, .box_h = 32, .ofs_x = 0, .ofs_y = 0},
    {.bitmap_index = 16708, .adv_w = 435, .box_w = 27, .box_h = 32, .ofs_x = 0, .ofs_y = 0},
    {.bitmap_index = 16955, .adv_w = 420, .box_w = 26, .box_h = 44, .ofs_x = 0, .ofs_y = -12},
    {.bitmap_index = 17263, .adv_w = 370, .box_w = 22, .box_h = 32, .ofs_x = 1, .ofs_y = 0},
    {.bitmap_index = 17398, .adv_w = 341, .box_w = 19, .box_h = 58, .ofs_x = 1, .ofs_y = -9},
    {.bitmap_index = 17599, .adv_w = 185, .box_w = 10, .box_h = 52, .ofs_x = 1, .ofs_y = -5},
    {.bitmap_index = 17631, .adv_w = 341, .box_w = 19, .box_h = 58, .ofs_x = 1, .ofs_y = -9},
    {.bitmap_index = 17833, .adv_w = 486, .box_w = 28, .box_h = 11, .ofs_x = 1, .ofs_y = 12},
    {.bitmap_index = 17934, .adv_w = 198, .box_w = 0, .box_h = 0, .ofs_x = 0, .ofs_y = 0},
    {.bitmap_index = 17934, .adv_w = 277, .box_w = 11, .box_h = 43, .ofs_x = 3, .ofs_y = 0},
    {.bitmap_index = 18062, .adv_w = 431, .box_w = 25, .box_h = 43, .ofs_x = 1, .ofs_y = 0},
    {.bitmap_index = 18295, .adv_w = 513, .box_w = 29, .box_h = 43, .ofs_x = 2, .ofs_y = 0},
    {.bitmap_index = 18511, .adv_w = 562, .box_w = 35, .box_h = 32, .ofs_x = 0, .ofs_y = 3},
    {.bitmap_index = 18817, .adv_w = 527, .box_w = 27, .box_h = 43, .ofs_x = 3, .ofs_y = 0},
    {.bitmap_index = 19063, .adv_w = 185, .box_w = 10, .box_h = 52, .ofs_x = 1, .ofs_y = -5},
    {.bitmap_index = 19108, .adv_w = 434, .box_w = 25, .box_h = 56, .ofs_x = 1, .ofs_y = -13},
    {.bitmap_index = 19516, .adv_w = 366, .box_w = 23, .box_h = 10, .ofs_x = 0, .ofs_y = 35},
    {.bitmap_index = 19597, .adv_w = 785, .box_w = 45, .box_h = 44, .ofs_x = 2, .ofs_y = 0},
    {.bitmap_index = 20142, .adv_w = 290, .box_w = 18, .box_h = 29, .ofs_x = 0, .ofs_y = 15},
    {.bitmap_index = 20293, .adv_w = 455, .box_w = 24, .box_h = 21, .ofs_x = 2, .ofs_y = 7},
    {.bitmap_index = 20468, .adv_w = 434, .box_w = 25, .box_h = 13, .ofs_x = 1, .ofs_y = 10},
    {.bitmap_index = 20501, .adv_w = 328, .box_w = 19, .box_h = 8, .ofs_x = 1, .ofs_y = 14},
    {.bitmap_index = 20522, .adv_w = 431, .box_w = 27, .box_h = 25, .ofs_x = 0, .ofs_y = 19},
    {.bitmap_index = 20787, .adv_w = 332, .box_w = 15, .box_h = 6, .ofs_x = 3, .ofs_y = 36},
    {.bitmap_index = 20804, .adv_w = 356, .box_w = 22, .box_h = 20, .ofs_x = 0, .ofs_y = 29},
    {.bitmap_index = 20955, .adv_w = 434, .box_w = 25, .box_h = 36, .ofs_x = 1, .ofs_y = 1},
    {.bitmap_index = 21049, .adv_w = 264, .box_w = 16, .box_h = 26, .ofs_x = 0, .ofs_y = 26},
    {.bitmap_index = 21183, .adv_w = 280, .box_w = 16, .box_h = 27, .ofs_x = 1, .ofs_y = 25},
    {.bitmap_index = 21322, .adv_w = 218, .box_w = 12, .box_h = 8, .ofs_x = 1, .ofs_y = 35},
    {.bitmap_index = 21359, .adv_w = 446, .box_w = 24, .box_h = 44, .ofs_x = 2, .ofs_y = -12},
    {.bitmap_index = 21458, .adv_w = 510, .box_w = 29, .box_h = 56, .ofs_x = 1, .ofs_y = -13},
    {.bitmap_index = 21627, .adv_w = 223, .box_w = 10, .box_h = 10, .ofs_x = 2, .ofs_y = 12},
    {.bitmap_index = 21664, .adv_w = 150, .box_w = 10, .box_h = 12, .ofs_x = 0, .ofs_y = -12},
    {.bitmap_index = 21712, .adv_w = 156, .box_w = 9, .box_h = 26, .ofs_x = 0, .ofs_y = 26},
    {.bitmap_index = 21742, .adv_w = 293, .box_w = 18, .box_h = 29, .ofs_x = 0, .ofs_y = 15},
    {.bitmap_index = 21870, .adv_w = 455, .box_w = 23, .box_h = 21, .ofs_x = 3, .ofs_y = 7},
    {.bitmap_index = 22041, .adv_w = 710, .box_w = 44, .box_h = 43, .ofs_x = 0, .ofs_y = 0},
    {.bitmap_index = 22445, .adv_w = 685, .box_w = 43, .box_h = 43, .ofs_x = 0, .ofs_y = 0},
    {.bitmap_index = 22890, .adv_w = 787, .box_w = 48, .box_h = 43, .ofs_x = 1, .ofs_y = 0},
    {.bitmap_index = 23417, .adv_w = 434, .box_w = 26, .box_h = 44, .ofs_x = 1, .ofs_y = -13},
    {.bitmap_index = 23692, .adv_w = 478, .box_w = 30, .box_h = 55, .ofs_x = 0, .ofs_y = 0},
    {.bitmap_index = 24088, .adv_w = 478, .box_w = 30, .box_h = 55, .ofs_x = 0, .ofs_y = 0},
    {.bitmap_index = 24485, .adv_w = 478, .box_w = 30, .box_h = 55, .ofs_x = 0, .ofs_y = 0},
    {.bitmap_index = 24902, .adv_w = 478, .box_w = 30, .box_h = 55, .ofs_x = 0, .ofs_y = 0},
    {.bitmap_index = 25317, .adv_w = 478, .box_w = 30, .box_h = 57, .ofs_x = 0, .ofs_y = 0},
    {.bitmap_index = 25758, .adv_w = 478, .box_w = 30, .box_h = 62, .ofs_x = 0, .ofs_y = 0},
    {.bitmap_index = 26234, .adv_w = 749, .box_w = 46, .box_h = 43, .ofs_x = 0, .ofs_y = 0},
    {.bitmap_index = 26536, .adv_w = 460, .box_w = 25, .box_h = 55, .ofs_x = 2, .ofs_y = -12},
    {.bitmap_index = 26829, .adv_w = 434, .box_w = 24, .box_h = 55, .ofs_x = 2, .ofs_y = 0},
    {.bitmap_index = 26975, .adv_w = 434, .box_w = 24, .box_h = 55, .ofs_x = 2, .ofs_y = 0},
    {.bitmap_index = 27122, .adv_w = 434, .box_w = 24, .box_h = 55, .ofs_x = 2, .ofs_y = 0},
    {.bitmap_index = 27278, .adv_w = 434, .box_w = 24, .box_h = 57, .ofs_x = 2, .ofs_y = 0},
    {.bitmap_index = 27462, .adv_w = 228, .box_w = 14, .box_h = 55, .ofs_x = -2, .ofs_y = 0},
    {.bitmap_index = 27542, .adv_w = 228, .box_w = 13, .box_h = 55, .ofs_x = 2, .ofs_y = 0},
    {.bitmap_index = 27619, .adv_w = 228, .box_w = 20, .box_h = 55, .ofs_x = -3, .ofs_y = 0},
    {.bitmap_index = 27729, .adv_w = 228, .box_w = 22, .box_h = 57, .ofs_x = -4, .ofs_y = 0},
    {.bitmap_index = 27871, .adv_w = 502, .box_w = 28, .box_h = 43, .ofs_x = 2, .ofs_y = 0},
    {.bitmap_index = 28062, .adv_w = 510, .box_w = 28, .box_h = 55, .ofs_x = 2, .ofs_y = 0},
    {.bitmap_index = 28335, .adv_w = 469, .box_w = 26, .box_h = 55, .ofs_x = 2, .ofs_y = -1},
    {.bitmap_index = 28601, .adv_w = 469, .box_w = 26, .box_h = 55, .ofs_x = 2, .ofs_y = -1},
    {.bitmap_index = 28869, .adv_w = 469, .box_w = 26, .box_h = 55, .ofs_x = 2, .ofs_y = -1},
    {.bitmap_index = 29148, .adv_w = 469, .box_w = 26, .box_h = 55, .ofs_x = 2, .ofs_y = -1},
    {.bitmap_index = 29430, .adv_w = 469, .box_w = 26, .box_h = 57, .ofs_x = 2, .ofs_y = -1},
    {.bitmap_index = 29735, .adv_w = 396, .box_w = 22, .box_h = 22, .ofs_x = 1, .ofs_y = 8},
    {.bitmap_index = 29900, .adv_w = 550, .box_w = 28, .box_h = 50, .ofs_x = 1, .ofs_y = -4},
    {.bitmap_index = 30165, .adv_w = 475, .box_w = 26, .box_h = 56, .ofs_x = 2, .ofs_y = -1},
    {.bitmap_index = 30372, .adv_w = 475, .box_w = 26, .box_h = 56, .ofs_x = 2, .ofs_y = -1},
    {.bitmap_index = 30580, .adv_w = 475, .box_w = 26, .box_h = 56, .ofs_x = 2, .ofs_y = -1},
    {.bitmap_index = 30800, .adv_w = 475, .box_w = 26, .box_h = 58, .ofs_x = 2, .ofs_y = -1},
    {.bitmap_index = 31047, .adv_w = 470, .box_w = 27, .box_h = 55, .ofs_x = 1, .ofs_y = 0},
    {.bitmap_index = 31338, .adv_w = 461, .box_w = 26, .box_h = 43, .ofs_x = 2, .ofs_y = 0},
    {.bitmap_index = 31521, .adv_w = 457, .box_w = 25, .box_h = 43, .ofs_x = 2, .ofs_y = 0},
    {.bitmap_index = 31790, .adv_w = 441, .box_w = 25, .box_h = 44, .ofs_x = 1, .ofs_y = -1},
    {.bitmap_index = 32067, .adv_w = 441, .box_w = 25, .box_h = 44, .ofs_x = 1, .ofs_y = -1},
    {.bitmap_index = 32346, .adv_w = 441, .box_w = 25, .box_h = 44, .ofs_x = 1, .ofs_y = -1},
    {.bitmap_index = 32636, .adv_w = 441, .box_w = 25, .box_h = 44, .ofs_x = 1, .ofs_y = -1},
    {.bitmap_index = 32925, .adv_w = 441, .box_w = 25, .box_h = 46, .ofs_x = 1, .ofs_y = -1},
    {.bitmap_index = 33243, .adv_w = 441, .box_w = 25, .box_h = 51, .ofs_x = 1, .ofs_y = -1},
    {.bitmap_index = 33590, .adv_w = 681, .box_w = 40, .box_h = 34, .ofs_x = 1, .ofs_y = -1},
    {.bitmap_index = 33916, .adv_w = 431, .box_w = 25, .box_h = 44, .ofs_x = 1, .ofs_y = -11},
    {.bitmap_index = 34174, .adv_w = 433, .box_w = 25, .box_h = 44, .ofs_x = 1, .ofs_y = -1},
    {.bitmap_index = 34425, .adv_w = 433, .box_w = 25, .box_h = 44, .ofs_x = 1, .ofs_y = -1},
    {.bitmap_index = 34678, .adv_w = 433, .box_w = 25, .box_h = 44, .ofs_x = 1, .ofs_y = -1},
    {.bitmap_index = 34939, .adv_w = 433, .box_w = 25, .box_h = 46, .ofs_x = 1, .ofs_y = -1},
    {.bitmap_index = 35227, .adv_w = 188, .box_w = 14, .box_h = 43, .ofs_x = -3, .ofs_y = 0},
    {.bitmap_index = 35301, .adv_w = 188, .box_w = 12, .box_h = 43, .ofs_x = 1, .ofs_y = 0},
    {.bitmap_index = 35370, .adv_w = 188, .box_w = 19, .box_h = 43, .ofs_x = -4, .ofs_y = 0},
    {.bitmap_index = 35469, .adv_w = 188, .box_w = 22, .box_h = 45, .ofs_x = -5, .ofs_y = 0},
    {.bitmap_index = 35603, .adv_w = 445, .box_w = 25, .box_h = 44, .ofs_x = 1, .ofs_y = -1},
    {.bitmap_index = 35867, .adv_w = 443, .box_w = 24, .box_h = 43, .ofs_x = 2, .ofs_y = 0},
    {.bitmap_index = 36039, .adv_w = 438, .box_w = 25, .box_h = 44, .ofs_x = 1, .ofs_y = -1},
    {.bitmap_index = 36272, .adv_w = 438, .box_w = 25, .box_h = 44, .ofs_x = 1, .ofs_y = -1},
    {.bitmap_index = 36507, .adv_w = 438, .box_w = 25, .box_h = 44, .ofs_x = 1, .ofs_y = -1},
    {.bitmap_index = 36752, .adv_w = 438, .box_w = 25, .box_h = 44, .ofs_x = 1, .ofs_y = -1},
    {.bitmap_index = 36998, .adv_w = 438, .box_w = 25, .box_h = 46, .ofs_x = 1, .ofs_y = -1},
    {.bitmap_index = 37271, .adv_w = 434, .box_w = 25, .box_h = 29, .ofs_x = 1, .ofs_y = 5},
    {.bitmap_index = 37391, .adv_w = 453, .box_w = 26, .box_h = 40, .ofs_x = 1, .ofs_y = -4},
    {.bitmap_index = 37616, .adv_w = 443, .box_w = 24, .box_h = 44, .ofs_x = 2, .ofs_y = -1},
    {.bitmap_index = 37774, .adv_w = 443, .box_w = 24, .box_h = 44, .ofs_x = 2, .ofs_y = -1},
    {.bitmap_index = 37934, .adv_w = 443, .box_w = 24, .box_h = 44, .ofs_x = 2, .ofs_y = -1},
    {.bitmap_index = 38103, .adv_w = 443, .box_w = 24, .box_h = 46, .ofs_x = 2, .ofs_y = -1},
    {.bitmap_index = 38299, .adv_w = 419, .box_w = 26, .box_h = 55, .ofs_x = 0, .ofs_y = -12},
    {.bitmap_index = 38666, .adv_w = 438, .box_w = 24, .box_h = 55, .ofs_x = 2, .ofs_y = -12},
    {.bitmap_index = 38849, .adv_w = 419, .box_w = 26, .box_h = 57, .ofs_x = 0, .ofs_y = -12},
    {.bitmap_index = 39254, .adv_w = 377, .box_w = 22, .box_h = 8, .ofs_x = 1, .ofs_y = 14},
    {.bitmap_index = 39279, .adv_w = 588, .box_w = 35, .box_h = 8, .ofs_x = 1, .ofs_y = 14},
    {.bitmap_index = 39302, .adv_w = 703, .box_w = 40, .box_h = 10, .ofs_x = 2, .ofs_y = -1}
};

/*---------------------
 *  CHARACTER MAPPING
 *--------------------*/

static const uint16_t unicode_list_2[] = {
    0x0, 0x1, 0x13
};

/*Collect the unicode lists and glyph_id offsets*/
static const lv_font_fmt_txt_cmap_t cmaps[] =
{
    {
        .range_start = 32, .range_length = 95, .glyph_id_start = 1,
        .unicode_list = NULL, .glyph_id_ofs_list = NULL, .list_length = 0, .type = LV_FONT_FMT_TXT_CMAP_FORMAT0_TINY
    },
    {
        .range_start = 160, .range_length = 96, .glyph_id_start = 96,
        .unicode_list = NULL, .glyph_id_ofs_list = NULL, .list_length = 0, .type = LV_FONT_FMT_TXT_CMAP_FORMAT0_TINY
    },
    {
        .range_start = 8211, .range_length = 20, .glyph_id_start = 192,
        .unicode_list = unicode_list_2, .glyph_id_ofs_list = NULL, .list_length = 3, .type = LV_FONT_FMT_TXT_CMAP_SPARSE_TINY
    }
};

/*-----------------
 *    KERNING
 *----------------*/


/*Map glyph_ids to kern left classes*/
static const uint8_t kern_left_class_mapping[] =
{
    0, 0, 0, 1, 0, 0, 0, 0,
    1, 0, 0, 0, 2, 3, 4, 3,
    5, 0, 6, 7, 8, 9, 10, 11,
    12, 7, 7, 0, 0, 0, 0, 0,
    0, 0, 13, 14, 15, 14, 16, 17,
    15, 18, 0, 19, 20, 21, 0, 0,
    15, 22, 23, 24, 25, 26, 19, 27,
    27, 28, 29, 0, 0, 0, 0, 0,
    0, 0, 30, 31, 32, 0, 33, 34,
    35, 31, 36, 0, 37, 0, 31, 31,
    4, 31, 35, 38, 39, 40, 0, 41,
    41, 42, 41, 43, 0, 0, 0, 0,
    0, 0, 0, 0, 0, 0, 0, 0,
    0, 0, 0, 0, 0, 0, 0, 0,
    0, 0, 0, 0, 0, 0, 0, 0,
    0, 0, 0, 0, 0, 0, 0, 44,
    13, 13, 13, 13, 13, 13, 0, 15,
    0, 0, 0, 0, 0, 0, 0, 0,
    14, 0, 15, 15, 15, 15, 15, 0,
    0, 19, 19, 19, 19, 0, 14, 14,
    31, 31, 31, 31, 31, 31, 33, 32,
    33, 33, 33, 33, 0, 0, 0, 0,
    30, 0, 4, 4, 4, 4, 4, 0,
    4, 0, 0, 0, 0, 41, 31, 41,
    0, 0, 0
};

/*Map glyph_ids to kern right classes*/
static const uint8_t kern_right_class_mapping[] =
{
    0, 0, 0, 1, 0, 0, 0, 0,
    1, 0, 0, 0, 0, 2, 3, 2,
    4, 5, 6, 7, 0, 0, 0, 0,
    8, 0, 0, 0, 0, 0, 0, 0,
    9, 0, 10, 11, 12, 11, 11, 11,
    12, 0, 0, 13, 14, 15, 0, 11,
    12, 11, 12, 16, 17, 18, 0, 19,
    19, 20, 21, 0, 0, 0, 0, 0,
    0, 0, 22, 0, 3, 3, 3, 23,
    24, 0, 25, 26, 0, 0, 27, 27,
    3, 27, 24, 27, 28, 23, 29, 30,
    30, 31, 30, 32, 0, 0, 0, 0,
    0, 0, 0, 0, 0, 0, 0, 0,
    0, 0, 0, 0, 0, 0, 0, 0,
    0, 0, 0, 0, 0, 0, 0, 0,
    0, 0, 0, 0, 0, 0, 0, 0,
    10, 10, 10, 10, 10, 10, 10, 12,
    11, 11, 11, 11, 0, 0, 0, 0,
    0, 11, 12, 12, 12, 12, 12, 0,
    0, 0, 0, 0, 0, 21, 0, 11,
    22, 22, 22, 22, 22, 22, 22, 3,
    3, 3, 3, 3, 0, 0, 0, 0,
    3, 0, 3, 3, 3, 3, 3, 0,
    3, 29, 29, 29, 29, 30, 27, 30,
    0, 0, 0
};

/*Kern values between classes*/
static const int8_t kern_class_values[] =
{
    0, 0, -23, 0, 0, 0, 0, 0,
    0, -49, 0, 0, -64, 0, 0, 0,
    0, 0, 0, 0, 0, -16, 3, 0,
    0, 0, -3, -20, 0, 0, 0, 0,
    0, 0, 0, 0, 0, 0, -14, -36,
    0, 0, 0, 0, 0, 0, 0, 0,
    0, 0, 0, 0, 0, 0, 0, 0,
    0, 0, 0, 0, 0, 0, 0, 0,
    0, 0, 0, 0, -43, 0, 0, -34,
    0, 0, 0, 0, 0, 0, 0, 0,
    0, 0, 0, 0, 0, 0, 0, 0,
    0, 0, 0, 0, 0, 0, 0, 0,
    -7, -3, 0, 0, 0, 0, 0, 0,
    0, 0, 0, 0, 0, 0, 0, 0,
    0, 0, 0, 0, 0, 0, 0, 0,
    0, 0, 0, 0, 0, -16, -20, 0,
    0, 0, -59, 0, 0, 0, 0, 0,
    0, -78, -6, -29, 0, -8, -11, -6,
    -6, 0, 0, 0, 0, -65, 0, -17,
    0, 0, -14, -36, -22, -29, 0, -22,
    0, 0, 0, 0, 0, -8, 4, 0,
    0, 0, 0, 0, 0, 0, 0, 0,
    0, 0, 0, 0, 0, 0, 0, 0,
    0, 0, 0, 0, 0, 0, 0, 0,
    0, 0, 0, 0, 0, -14, 0, 0,
    0, 0, 0, 0, 0, 0, 0, 0,
    0, 0, 0, 0, 0, 0, 0, 0,
    0, 0, 0, 0, 0, 0, 0, 0,
    0, 0, 0, 0, 0, -16, 0, 0,
    0, 0, 0, 0, 0, 0, 0, 0,
    0, 0, 0, 0, 0, 0, 0, 0,
    0, 0, 0, 0, 0, 0, 0, 0,
    0, 0, 0, 0, 0, -54, 0, -56,
    0, 0, 0, 0, 0, 0, 0, 0,
    0, 0, 0, 0, 0, 0, 0, 0,
    0, 0, 0, 0, 0, 0, 0, 0,
    0, 0, 0, 0, 0, -8, 0, 0,
    0, 0, 0, 0, 0, 0, 0, 0,
    0, 0, 0, 0, 0, 0, 0, 0,
    0, 0, 0, 0, 0, 0, 0, 0,
    0, 0, 0, 0, 0, -11, 0, 0,
    0, 0, 0, 0, 0, 0, 0, 0,
    0, 0, 0, 0, 0, 0, 0, 0,
    0, 0, 0, 0, 0, 0, 0, 0,
    0, -46, 0, -85, 0, -3, 0, 0,
    0, 0, 0, 0, 0, 0, 0, 0,
    0, 0, 0, 0, 0, 0, 0, 0,
    0, 0, 0, 0, 0, 0, 0, 0,
    -49, 0, -2, 8, 0, 0, 0, 0,
    0, 14, 0, -19, 1, 0, 0, 0,
    -25, -59, -75, 3, -56, -1, -6, -1,
    0, 0, 0, -4, -14, -42, 8, 0,
    0, -6, 0, -3, 0, 0, 0, 0,
    0, -20, -3, 0, 0, -3, 0, 0,
    0, 0, -24, -28, -34, 0, 0, 0,
    0, 0, 0, -6, 0, -7, 0, 0,
    0, -3, -5, 0, 0, 0, 0, 0,
    0, -10, 0, 0, 0, 0, 0, 0,
    0, 0, -1, -14, -13, 0, 0, 0,
    0, 0, 0, 0, 0, -7, 0, 0,
    0, 0, -3, 1, 0, 0, 0, 0,
    0, 16, 0, 0, 8, 0, 0, 0,
    0, 0, 0, 0, 0, 0, 0, 0,
    0, 0, 0, -3, 0, 0, 0, 0,
    0, 0, -34, -55, 0, 0, 0, 0,
    0, -41, 0, 0, -6, 0, 0, 0,
    0, 0, 0, 0, 0, -29, -7, -34,
    0, 0, -34, -27, -17, -22, -22, -22,
    0, 0, 0, 0, 0, 0, 0, 0,
    0, 0, -3, 0, 0, 0, 0, 0,
    0, 0, 0, 0, 0, 0, 0, 0,
    0, 0, 0, 0, 0, 0, 0, 0,
    0, -6, 0, -13, 0, 0, 0, 0,
    0, -14, -6, -3, 0, 0, 0, 0,
    0, 0, 0, 0, 0, 0, 0, 0,
    0, 0, 0, 0, 0, 0, 0, 0,
    0, 6, 0, 6, 0, 0, 0, 0,
    0, 8, 0, -21, 0, 0, 0, 0,
    -22, 0, 0, 0, 0, 0, 0, 0,
    0, 0, 0, 0, 0, 0, 0, 0,
    0, 6, 0, 6, 0, 0, 0, 0,
    -14, 17, 0, -4, 0, 0, 0, 0,
    -2, -81, 0, 0, -34, 0, -13, 0,
    0, 0, 0, 0, 0, 0, 0, 0,
    0, -17, 0, -65, 0, 0, 0, 0,
    0, -34, 0, 0, -57, 0, 0, 0,
    0, 0, -14, -22, -22, 0, 0, 0,
    0, 0, 0, 0, 0, 0, 0, 0,
    0, -3, -5, 0, 0, 0, 0, 0,
    14, -10, 0, 0, 0, 0, 0, 0,
    0, 0, -1, -13, -14, 0, 0, 0,
    0, 0, 0, 0, 0, -7, 0, 0,
    0, 0, 0, 6, 0, 0, 0, 0,
    0, 5, 0, 0, 0, 0, 0, 0,
    3, 0, -4, 0, -28, 0, 0, 0,
    0, 0, 0, 0, 0, 0, 0, 0,
    0, -3, 0, 0, 0, 0, 0, 0,
    0, 0, -3, 0, 0, 0, 0, 0,
    0, -6, -15, -28, -25, 0, 0, 0,
    0, 0, 0, 0, 0, -7, 0, 0,
    0, -43, -68, -8, 0, 0, 0, 0,
    29, -55, 0, -19, 0, 0, -3, 0,
    0, 0, 0, 0, 0, -50, -14, -65,
    0, 0, -29, -62, -17, -30, -8, -29,
    0, -34, -49, -57, 0, 0, 0, 0,
    0, -74, 0, -17, -35, 0, 0, -3,
    -15, 0, 0, 0, 0, -30, -16, -34,
    0, 0, -22, -43, -8, -13, -22, -14,
    0, 3, -14, 0, 0, 0, 0, 0,
    0, 3, 0, -16, -7, 0, 0, 0,
    -28, 0, 0, 0, 0, 0, -14, -14,
    0, 0, 0, -14, -14, -46, 0, 0,
    0, -74, -59, -57, 0, 0, 0, 0,
    0, -68, -8, -23, -57, 0, -3, -6,
    -27, 0, 0, 0, 0, 0, -29, -54,
    0, 0, -34, -3, -35, -43, -22, -22,
    -8, -3, 0, 0, 0, 0, 0, 0,
    0, 0, 0, 0, 0, 0, 0, 0,
    0, 0, 0, 0, 0, 0, 0, 0,
    0, 0, 0, 0, 0, -14, 0, 0,
    -3, -6, 0, 0, 0, 0, 0, 0,
    0, 0, 0, 0, 0, 0, 0, 0,
    0, 0, 0, 0, 0, 0, 0, 0,
    0, 0, 0, 0, 0, -7, -14, 0,
    0, -3, 0, 0, 0, 0, 0, 0,
    0, 0, 0, 0, 0, 0, 0, 0,
    0, 0, 0, 0, 0, 0, -6, 0,
    0, 0, 0, 0, 0, -21, -14, 0,
    -10, -3, 0, 0, 0, 0, 0, 0,
    0, 0, 0, 0, 0, 0, 0, 0,
    0, 0, 0, 0, 0, -6, -3, 0,
    0, 0, 0, -1, 0, -14, 0, 0,
    3, 0, 0, 0, 0, 0, 0, 0,
    0, 0, 0, 0, 0, 0, 0, 0,
    0, 0, 0, 0, 0, 0, 0, -6,
    0, 0, 0, 0, 0, 0, 0, 0,
    0, 0, 0, 0, 0, 0, 0, 0,
    0, 0, 0, 0, 0, 0, 0, 0,
    0, 0, 0, 0, 0, 0, 0, 0,
    3, 0, 0, 0, 0, -6, 0, 0,
    0, 0, 0, 0, 0, 0, 0, 0,
    0, 0, 0, 0, 0, 0, 0, 0,
    0, 0, 0, 0, 0, 0, 0, 0,
    0, -7, 0, 0, 0, 0, 0, 0,
    0, 0, -22, 0, 0, 0, 0, 0,
    0, 0, 0, 0, 0, 0, 0, 0,
    0, 0, 0, 0, 0, 0, -14, -22,
    0, 0, 0, -22, 0, 0, 0, 0,
    3, 0, -7, 0, 0, 0, 0, 0,
    0, 0, 0, 0, 0, 0, 0, 0,
    0, 0, 0, 0, 0, -5, 0, -12,
    0, 0, 0, 0, 0, 5, 0, 0,
    -15, 0, 0, 0, 0, 0, 0, 0,
    0, 0, 0, 0, 0, 0, 0, 0,
    0, 0, 0, 0, 0, 0, 0, 0,
    0, 0, 0, -10, 0, -22, -14, 0,
    3, 0, 0, 0, 0, 0, 0, 0,
    0, 0, 0, 0, 0, 0, 0, 0,
    0, 0, 0, 0, 0, 0, 0, 0,
    0, 0, 0, 0, 0, 0, 0, 0,
    0, -22, -16, -29, 0, 0, 0, 0,
    0, 0, 0, 0, 0, 0, 0, 0,
    0, 0, 0, 0, 0, -14, 0, -23,
    0, 0, 0, -16, 0, 6, 0, 0,
    0, 0, -21, 0, 0, 0, 0, 0,
    0, 0, 0, 0, 0, 0, 0, 0,
    0, 0, 0, 0, 0, 0, 0, 0,
    0, 0, 0, -1, 0, 0, 0, 0,
    0, 0, 0, 14, 0, 0, 0, 0,
    0, 0, 0, 0, 0, 0, 0, 0,
    0, 0, 0, 0, 0, 0, 0, 0,
    0, 0, 0, 0, 0, 0, 0, 0,
    0, 0, -3, 0, 0, 0, 0, 0,
    0, 0, 0, -22, -14, 0, 22, 0,
    -21, -46, -62, 0, -64, 0, 0, -9,
    0, 0, 0, 0, 0, 0, 0, 0
};


/*Collect the kern class' data in one place*/
static const lv_font_fmt_txt_kern_classes_t kern_classes =
{
    .class_pair_values   = kern_class_values,
    .left_class_mapping  = kern_left_class_mapping,
    .right_class_mapping = kern_right_class_mapping,
    .left_class_cnt      = 44,
    .right_class_cnt     = 32,
};

/*--------------------
 *  ALL CUSTOM DATA
 *--------------------*/

#if LVGL_VERSION_MAJOR == 8
/*Store all the custom data of the font*/
static  lv_font_fmt_txt_glyph_cache_t cache;
#endif

#if LVGL_VERSION_MAJOR >= 8
static const lv_font_fmt_txt_dsc_t font_dsc = {
#else
static lv_font_fmt_txt_dsc_t font_dsc = {
#endif
    .glyph_bitmap = glyph_bitmap,
    .glyph_dsc = glyph_dsc,
    .cmaps = cmaps,
    .kern_dsc = &kern_classes,
    .kern_scale = 16,
    .cmap_num = 3,
    .bpp = 4,
    .kern_classes = 1,
    .bitmap_format = 1,
#if LVGL_VERSION_MAJOR == 8
    .cache = &cache
#endif
};



/*-----------------
 *  PUBLIC FONT
 *----------------*/

/*Initialize a public general font descriptor*/
#if LVGL_VERSION_MAJOR >= 8
const lv_font_t ui_font_head_62 = {
#else
lv_font_t ui_font_head_62 = {
#endif
    .get_glyph_dsc = lv_font_get_glyph_dsc_fmt_txt,    /*Function pointer to get glyph's data*/
    .get_glyph_bitmap = lv_font_get_bitmap_fmt_txt,    /*Function pointer to get glyph's bitmap*/
    .line_height = 75,          /*The maximum line height required by the font*/
    .base_line = 13,             /*Baseline measured from the bottom of the line*/
#if !(LVGL_VERSION_MAJOR == 6 && LVGL_VERSION_MINOR == 0)
    .subpx = LV_FONT_SUBPX_NONE,
#endif
#if LV_VERSION_CHECK(7, 4, 0) || LVGL_VERSION_MAJOR >= 8
    .underline_position = -5,
    .underline_thickness = 3,
#endif
    .dsc = &font_dsc,          /*The custom font data. Will be accessed by `get_glyph_bitmap/dsc` */
#if LV_VERSION_CHECK(8, 2, 0) || LVGL_VERSION_MAJOR >= 9
    .fallback = NULL,
#endif
    .user_data = NULL,
};



#endif /*#if UI_FONT_HEAD_62*/

