/*******************************************************************************
 * Size: 112 px
 * Bpp: 4
 * Opts: --bpp 4 --size 112 --format lvgl --lv-include lvgl.h --font fonts/tinybar/TinyBarCondensed-Bold.ttf --autohint-off -r 0x41-0x5A -r 0x30-0x3A -r 0x2D -r 0x20 -r 0xB7 --lv-font-name ui_font_head_112 -o components/ui/fonts/ui_font_head_112.c
 ******************************************************************************/

#ifdef LV_LVGL_H_INCLUDE_SIMPLE
#include "lvgl.h"
#else
#include "lvgl.h"
#endif

#ifndef UI_FONT_HEAD_112
#define UI_FONT_HEAD_112 1
#endif

#if UI_FONT_HEAD_112

/*-----------------
 *    BITMAPS
 *----------------*/

/*Store the image of the glyphs*/
static LV_ATTRIBUTE_LARGE_CONST const uint8_t glyph_bitmap[] = {
    /* U+0020 " " */

    /* U+002D "-" */
    0x7, 0xaa, 0xff, 0xe8, 0xc0, 0x1c, 0x2a, 0xff,
    0xf4, 0x5d, 0x58, 0x3, 0xff, 0xa6, 0x60, 0x1f,
    0xff, 0xf0, 0xf, 0xff, 0xf8, 0x7, 0xff, 0xfc,
    0x3, 0xff, 0xf8, 0x20, 0x1f, 0xfd, 0x45, 0x20,
    0xf, 0xfe, 0x89, 0x38,

    /* U+0030 "0" */
    0x0, 0xff, 0xe2, 0x23, 0xd6, 0x77, 0x3f, 0xdd,
    0xb7, 0x2c, 0x40, 0x1f, 0xfd, 0x15, 0xbf, 0xb8,
    0x53, 0x11, 0x0, 0x4, 0x91, 0xa7, 0x75, 0x26,
    0x1, 0xff, 0xcc, 0x7e, 0xa4, 0x0, 0xff, 0xe1,
    0x93, 0x65, 0xa0, 0x7, 0xff, 0x21, 0x3a, 0x4,
    0x3, 0xff, 0x90, 0x97, 0x42, 0x1, 0xff, 0xc5,
    0xab, 0x10, 0xf, 0xfe, 0x62, 0xf2, 0x80, 0x7f,
    0xf0, 0x87, 0x14, 0x3, 0xff, 0xa1, 0x4e, 0x1,
    0xff, 0xc0, 0x1c, 0x30, 0xf, 0xfe, 0x94, 0x48,
    0x7, 0xfd, 0xa4, 0x1, 0xff, 0xd4, 0x67, 0x0,
    0xfe, 0xa3, 0x0, 0xff, 0xeb, 0x42, 0x0, 0x7c,
    0x8a, 0x1, 0xff, 0xd8, 0xa0, 0xf, 0xa8, 0x3,
    0xff, 0xb2, 0x32, 0x1, 0xce, 0x20, 0x1f, 0xfd,
    0xa6, 0x10, 0xd, 0x20, 0x1f, 0xfd, 0xc8, 0x0,
    0x94, 0x40, 0x3f, 0xf8, 0xc6, 0x88, 0x10, 0xf,
    0xfe, 0x33, 0x0, 0x5e, 0x1, 0xff, 0xc5, 0x8e,
    0xcb, 0xb7, 0x62, 0x0, 0x7f, 0xf1, 0x54, 0x0,
    0xa0, 0x1f, 0xfc, 0x31, 0xc7, 0x10, 0xc, 0x76,
    0xe0, 0x1f, 0xfc, 0x4f, 0x4, 0x0, 0xff, 0xe2,
    0x59, 0x80, 0x7e, 0x84, 0x0, 0xff, 0xe1, 0xa0,
    0x18, 0x7, 0xff, 0xd, 0x14, 0x3, 0xfd, 0x40,
    0x1f, 0xfc, 0x31, 0x17, 0x0, 0x7f, 0xf0, 0xf8,
    0x3, 0xfe, 0x14, 0x0, 0xff, 0xe1, 0xaa, 0x80,
    0x3f, 0xf8, 0x68, 0x1, 0xff, 0xc0, 0xd0, 0xf,
    0xfe, 0x19, 0x88, 0x7, 0xff, 0x8, 0x44, 0x1,
    0xff, 0xc0, 0x20, 0xf, 0xfe, 0x1f, 0x98, 0x7,
    0xff, 0x8, 0xc0, 0x3f, 0xf8, 0x2e, 0x1, 0xff,
    0xc4, 0x10, 0xf, 0xfe, 0x80, 0x80, 0x7f, 0xf0,
    0xc4, 0x3, 0xff, 0xc2, 0x60, 0x1f, 0xff, 0xf0,
    0xf, 0xff, 0xf8, 0x7, 0xff, 0xfc, 0x3, 0xff,
    0xfe, 0x1, 0xff, 0xff, 0x0, 0xff, 0xff, 0x80,
    0x7f, 0xff, 0xc0, 0x3f, 0xff, 0xe0, 0x1f, 0xff,
    0xf0, 0xf, 0xff, 0xf8, 0x7, 0xff, 0xfc, 0x3,
    0xff, 0xfe, 0x1, 0xff, 0xff, 0x0, 0xff, 0xff,
    0x80, 0x7f, 0xff, 0xc0, 0x3f, 0xff, 0xe0, 0x1f,
    0xff, 0xf0, 0xf, 0xff, 0xf8, 0x7, 0xff, 0xfc,
    0x3, 0xff, 0xfe, 0x1, 0xff, 0xff, 0x0, 0xff,
    0xeb, 0x18, 0x80, 0x7f, 0xf4, 0x4, 0x3, 0xff,
    0x86, 0x26, 0x1, 0xff, 0xc2, 0x30, 0xf, 0xfe,
    0xb, 0x80, 0x7f, 0xf1, 0x4, 0x3, 0xff, 0x84,
    0x22, 0x0, 0xff, 0xe0, 0x10, 0x7, 0xff, 0xf,
    0xd4, 0x3, 0xff, 0x86, 0x80, 0x1f, 0xfc, 0xd,
    0x0, 0xff, 0xe1, 0x9f, 0x0, 0x7f, 0xf0, 0xf8,
    0x3, 0xfe, 0x14, 0x0, 0xff, 0xe1, 0xa9, 0x80,
    0x7f, 0xf0, 0xd1, 0x0, 0x1f, 0xea, 0x0, 0xff,
    0xe1, 0x88, 0x90, 0x3, 0xff, 0x89, 0x46, 0x1,
    0xfa, 0x10, 0x3, 0xff, 0x86, 0x80, 0x5, 0x0,
    0xff, 0xe1, 0x8e, 0x38, 0x7, 0x1d, 0xb8, 0x7,
    0xff, 0x13, 0xc0, 0x1e, 0x1, 0xff, 0xc5, 0x8f,
    0xca, 0xbd, 0xc4, 0x0, 0xff, 0xe2, 0xa8, 0x1,
    0x44, 0x3, 0xff, 0x8c, 0x6a, 0x84, 0x1, 0xff,
    0xc6, 0x60, 0xd, 0x20, 0x1f, 0xfd, 0xc8, 0x0,
    0xce, 0x20, 0x1f, 0xfd, 0xa6, 0x10, 0xe, 0xa0,
    0xf, 0xfe, 0xc8, 0xc8, 0x7, 0x91, 0x40, 0x3f,
    0xfb, 0x14, 0x1, 0xfa, 0x8c, 0x3, 0xff, 0xad,
    0x8, 0x1, 0xfd, 0xa4, 0x1, 0xff, 0xd4, 0x67,
    0x0, 0xff, 0xe, 0x18, 0x7, 0xff, 0x49, 0xe4,
    0x3, 0xff, 0x80, 0x38, 0xa0, 0x1f, 0xfd, 0xa,
    0x80, 0xf, 0xfe, 0x1d, 0x58, 0x80, 0x7f, 0xf3,
    0x13, 0x94, 0x3, 0xff, 0x8a, 0x9d, 0x2, 0x1,
    0xff, 0xc8, 0x3b, 0xb0, 0x80, 0x7f, 0xf2, 0x1f,
    0xa5, 0x0, 0x3f, 0xf8, 0x62, 0xd9, 0x84, 0x0,
    0xff, 0xe6, 0x35, 0xfd, 0xc2, 0x98, 0x88, 0x0,
    0x24, 0x6d, 0x3b, 0xd2, 0x60, 0x1f, 0xfc, 0x10,

    /* U+0031 "1" */
    0x0, 0xff, 0xe2, 0xc, 0x77, 0xff, 0xff, 0xb,
    0x44, 0x3, 0xff, 0x86, 0xfc, 0xe2, 0x1, 0xff,
    0xc2, 0x24, 0x0, 0xff, 0xe0, 0xbf, 0x40, 0x7,
    0xff, 0x49, 0xfa, 0x4, 0x3, 0xff, 0xa2, 0xfd,
    0x2, 0x1, 0xff, 0xd1, 0x6e, 0x81, 0x0, 0xff,
    0xe8, 0xb7, 0x48, 0x80, 0x7f, 0xf4, 0x5b, 0xa4,
    0x40, 0x3f, 0xfa, 0x2b, 0xb2, 0x20, 0x1f, 0xfd,
    0x23, 0xa2, 0x0, 0xff, 0xea, 0x28, 0x7, 0xff,
    0xfc, 0x3, 0xff, 0xfe, 0x1, 0xff, 0xcc, 0x10,
    0xf, 0xff, 0xf8, 0x7, 0xf9, 0x29, 0x40, 0x3f,
    0xfa, 0x25, 0x1d, 0x6b, 0xa0, 0x1f, 0xfc, 0xe1,
    0x7d, 0xd3, 0x88, 0x7, 0xff, 0x3d, 0x6f, 0xa0,
    0x80, 0x3f, 0xf9, 0xe9, 0x5f, 0x48, 0x1, 0xff,
    0xcd, 0x30, 0x28, 0xeb, 0x50, 0xf, 0xfe, 0x82,
    0x7e, 0xb8, 0x80, 0x7f, 0xff, 0xc0, 0x3f, 0xff,
    0xe0, 0x1f, 0xff, 0xf0, 0xf, 0xff, 0xf8, 0x7,
    0xff, 0xfc, 0x3, 0xff, 0xfe, 0x1, 0xff, 0xff,
    0x0, 0xff, 0xff, 0x80, 0x7f, 0xff, 0xc0, 0x3f,
    0xff, 0xe0, 0x1f, 0xff, 0xf0, 0xf, 0xff, 0xf8,
    0x7, 0xff, 0xfc, 0x3, 0xff, 0xfe, 0x1, 0xff,
    0xff, 0x0, 0xff, 0xff, 0x80, 0x7f, 0xff, 0xc0,
    0x3f, 0xff, 0xe0, 0x1f, 0xff, 0xf0, 0xf, 0xff,
    0xf8, 0x7, 0xff, 0xfc, 0x3, 0xff, 0xfe, 0x1,
    0xff, 0xff, 0x0, 0xff, 0xff, 0x80, 0x7f, 0xff,
    0xc0, 0x3f, 0xfe, 0x6a, 0x20, 0x1f, 0xfc, 0x12,
    0x40,

    /* U+0032 "2" */
    0x0, 0xff, 0xe2, 0x1b, 0xd6, 0x6f, 0x7f, 0xdd,
    0x94, 0xe8, 0x1, 0xff, 0xd2, 0x4a, 0xfc, 0x85,
    0x32, 0x10, 0x8, 0x4d, 0x62, 0xfe, 0x94, 0x3,
    0xff, 0x9a, 0xdb, 0x6a, 0x1, 0xff, 0xc4, 0x5a,
    0xd5, 0x0, 0xff, 0xe4, 0x9e, 0xc9, 0x0, 0x7f,
    0xf2, 0xa, 0xb0, 0x80, 0x3f, 0xf8, 0xd1, 0x84,
    0x1, 0xff, 0xcc, 0x3d, 0x50, 0xf, 0xfe, 0x18,
    0xdb, 0x80, 0x7f, 0xf4, 0x29, 0xc0, 0x3f, 0xf8,
    0x23, 0xa8, 0x1, 0xff, 0xd2, 0x87, 0x0, 0xff,
    0xe0, 0x69, 0x80, 0x7f, 0xf5, 0x21, 0x40, 0x3f,
    0xd4, 0x60, 0x1f, 0xfd, 0x6a, 0x20, 0xf, 0xcc,
    0xa0, 0x1f, 0xfd, 0x8e, 0x0, 0xf8, 0x64, 0x3,
    0xff, 0xb2, 0x6a, 0x1, 0xe8, 0x0, 0xff, 0xed,
    0xd8, 0x7, 0xb, 0x0, 0x7f, 0xf6, 0xc5, 0x40,
    0x33, 0x0, 0x7f, 0xf1, 0xcd, 0x50, 0x3, 0xff,
    0x8f, 0xc0, 0x1a, 0xc0, 0x3f, 0xf8, 0xb3, 0xf9,
    0x57, 0xf4, 0x20, 0x1f, 0xfc, 0x44, 0x10, 0x0,
    0x98, 0x7, 0xff, 0xc, 0x71, 0x80, 0x39, 0x7c,
    0x80, 0x3f, 0xf8, 0x88, 0x0, 0x40, 0xf, 0xfe,
    0x25, 0x98, 0x7, 0xc3, 0xc0, 0x1f, 0xfc, 0x4d,
    0x0, 0x68, 0x7, 0xff, 0xc, 0xd4, 0x3, 0xf8,
    0xd4, 0x3, 0xff, 0x86, 0x60, 0x2, 0x0, 0xff,
    0xe1, 0xd0, 0x7, 0xfd, 0xc0, 0x1f, 0xfc, 0x36,
    0x0, 0x30, 0x7, 0xff, 0xd, 0x40, 0x3f, 0xe4,
    0x0, 0xff, 0xe1, 0x90, 0x0, 0x40, 0x3f, 0xf8,
    0x64, 0x1, 0xff, 0xc0, 0x10, 0xf, 0xff, 0x11,
    0x80, 0x7f, 0xf8, 0x8c, 0x3, 0xff, 0xc4, 0x20,
    0x1f, 0xfe, 0x12, 0x0, 0xff, 0xeb, 0x8, 0x7,
    0xfc, 0xe0, 0x1f, 0xfc, 0x32, 0x0, 0x28, 0x7,
    0xff, 0x8, 0xc0, 0x3f, 0xf8, 0x18, 0x1, 0xff,
    0xc3, 0x60, 0x4, 0x77, 0x7f, 0xf0, 0xb0, 0x3,
    0xff, 0x80, 0xe0, 0x1f, 0xfc, 0x33, 0x0, 0x84,
    0x7f, 0xf8, 0x40, 0x1f, 0xfc, 0x4, 0x10, 0xf,
    0xfe, 0x1e, 0x80, 0x7f, 0xf4, 0x78, 0x3, 0xff,
    0x88, 0x80, 0x1f, 0xfd, 0x1, 0x50, 0xf, 0xfe,
    0x18, 0x88, 0x3, 0xff, 0xa1, 0x20, 0x1f, 0xfc,
    0x47, 0x0, 0xff, 0xe8, 0xb, 0x80, 0x7f, 0xf1,
    0x34, 0x3, 0xff, 0xa1, 0x0, 0x1f, 0xfc, 0x41,
    0x40, 0xf, 0xfe, 0x79, 0x30, 0x7, 0xff, 0x12,
    0x40, 0x3f, 0xfa, 0x12, 0x1, 0xff, 0xc5, 0x60,
    0xf, 0xfe, 0x7a, 0xa0, 0x7, 0xff, 0x11, 0x84,
    0x3, 0xff, 0x9c, 0x36, 0x1, 0xff, 0xc5, 0x80,
    0xf, 0xfe, 0x7d, 0x88, 0x7, 0xff, 0x11, 0xc4,
    0x3, 0xff, 0x9c, 0xca, 0x1, 0xff, 0xc4, 0x18,
    0x0, 0xff, 0xe7, 0x14, 0x80, 0x7f, 0xf1, 0x6c,
    0x3, 0xff, 0x9f, 0xe0, 0x1f, 0xfc, 0x54, 0x50,
    0xf, 0xfe, 0x74, 0x90, 0x7, 0xff, 0x16, 0x80,
    0x3f, 0xf9, 0xca, 0xc0, 0x1f, 0xfc, 0x5a, 0x10,
    0xf, 0xfe, 0x69, 0x50, 0x7, 0xff, 0x15, 0x54,
    0x1, 0xff, 0xce, 0xf0, 0xf, 0xfe, 0x29, 0x50,
    0x7, 0xff, 0x3a, 0x88, 0x3, 0xff, 0x8b, 0xc0,
    0x1f, 0xfc, 0xe7, 0x50, 0xf, 0xfe, 0x2c, 0x18,
    0x7, 0xff, 0x35, 0x20, 0x3, 0xff, 0x8a, 0x8e,
    0x1, 0xff, 0xcd, 0x2a, 0x0, 0xff, 0xe2, 0x95,
    0x0, 0x7f, 0xf3, 0xb8, 0x40, 0x3f, 0xf8, 0xbc,
    0x20, 0x1f, 0xfc, 0xda, 0x30, 0xf, 0xfe, 0x2c,
    0x98, 0x7, 0xff, 0x35, 0xd4, 0x3, 0xff, 0x8a,
    0xcc, 0x0, 0xff, 0xe6, 0xa4, 0x0, 0x7f, 0xf1,
    0x52, 0x40, 0x3f, 0xf9, 0xa5, 0x40, 0x1f, 0xfc,
    0x51, 0xa0, 0xf, 0xfe, 0x77, 0x88, 0x7, 0xff,
    0x17, 0x4, 0x3, 0xff, 0x9b, 0x44, 0x1, 0xff,
    0xc5, 0xb2, 0x0, 0xff, 0xe6, 0xc2, 0x80, 0x7f,
    0xf1, 0x61, 0x0, 0x3f, 0xf9, 0xa8, 0xe0, 0x1f,
    0xfc, 0x56, 0x70, 0xf, 0xfe, 0x69, 0x58, 0x7,
    0xff, 0x14, 0xe4, 0x3, 0xff, 0x9d, 0xe0, 0x1f,
    0xfc, 0x51, 0xd0, 0xf, 0xfe, 0x75, 0x90, 0x7,
    0xff, 0x17, 0x44, 0x3, 0xff, 0x9b, 0x8, 0x1,
    0xff, 0xc5, 0xa3, 0x0, 0xff, 0xe6, 0xab, 0x80,
    0x7f, 0xf1, 0x5d, 0x40, 0x3f, 0xf9, 0xa5, 0x40,
    0x1f, 0xfc, 0x54, 0x80, 0xf, 0xfe, 0x77, 0x80,
    0x7f, 0xf1, 0x4a, 0xc0, 0x3f, 0xf9, 0xcc, 0x40,
    0x1f, 0xfc, 0x53, 0xaa, 0xff, 0xe6, 0xc8, 0x70,
    0x7, 0xff, 0x18, 0x55, 0x7f, 0xf9, 0xac, 0xe0,
    0x1f, 0xfe, 0x2f, 0x0, 0xff, 0xff, 0x80, 0x7f,
    0xff, 0xc0, 0x3f, 0xff, 0xe0, 0x1f, 0xff, 0xf0,
    0xf, 0xff, 0xf8, 0x7, 0xff, 0xfc, 0x3, 0xff,
    0x91, 0x62, 0x1, 0xff, 0xdf, 0x1b,

    /* U+0033 "3" */
    0x0, 0x2f, 0xff, 0xff, 0x77, 0x90, 0x1, 0xc0,
    0x1f, 0xfd, 0xd1, 0xd0, 0xf, 0xff, 0xf8, 0x7,
    0xff, 0xfc, 0x3, 0xff, 0xfe, 0x1, 0xff, 0xff,
    0x0, 0xff, 0xff, 0x80, 0x7f, 0xff, 0xc0, 0x3f,
    0xf8, 0x2, 0x1, 0xff, 0xe1, 0x86, 0x55, 0xff,
    0xe5, 0x8, 0x7, 0xff, 0x1b, 0x80, 0x5, 0x35,
    0x5f, 0xfc, 0x9b, 0x30, 0xf, 0xfe, 0x29, 0x30,
    0x7, 0xff, 0x37, 0x48, 0x3, 0xff, 0x88, 0x3e,
    0x20, 0x1f, 0xfc, 0xca, 0x30, 0xf, 0xfe, 0x2d,
    0x10, 0x7, 0xff, 0x32, 0x54, 0x3, 0xff, 0x8b,
    0x28, 0x1, 0xff, 0xcc, 0x76, 0x0, 0xff, 0xe2,
    0xbb, 0x0, 0x7f, 0xf3, 0x16, 0x0, 0x3f, 0xf8,
    0xab, 0x0, 0x1f, 0xfc, 0xc3, 0xa0, 0xf, 0xfe,
    0x29, 0xd0, 0x7, 0xff, 0x30, 0xb4, 0x3, 0xff,
    0x8a, 0x3a, 0x1, 0xff, 0xcc, 0x1f, 0x10, 0xf,
    0xfe, 0x2e, 0x8, 0x7, 0xff, 0x33, 0x48, 0x3,
    0xff, 0x8b, 0x64, 0x1, 0xff, 0xcc, 0xb3, 0x0,
    0xff, 0xe2, 0xca, 0x0, 0x7f, 0xf3, 0x25, 0x0,
    0x3f, 0xf8, 0xac, 0xc0, 0xf, 0xfe, 0x64, 0x30,
    0x7, 0xff, 0x15, 0x24, 0x3, 0xff, 0x98, 0xce,
    0x1, 0xff, 0xc5, 0x2b, 0x0, 0xff, 0xe6, 0x24,
    0x80, 0x7f, 0xf1, 0x47, 0x0, 0x3f, 0xf9, 0x87,
    0x60, 0x1f, 0xfc, 0x6d, 0x10, 0xf, 0xfe, 0x58,
    0xe8, 0x7, 0xff, 0x1a, 0x8c, 0x3, 0xff, 0x99,
    0x42, 0x1, 0xff, 0xc5, 0x26, 0x20, 0xf, 0xfe,
    0x60, 0x80, 0x7f, 0xf1, 0x8b, 0x37, 0xf6, 0x8,
    0x3, 0xff, 0x91, 0x46, 0x1, 0xff, 0xc9, 0x27,
    0xd9, 0x10, 0xf, 0xfe, 0x3e, 0x90, 0x7, 0xff,
    0x2d, 0xbc, 0x80, 0x3f, 0xf8, 0xc3, 0x84, 0x1,
    0xff, 0xcb, 0x1d, 0x30, 0xf, 0xfe, 0x30, 0xf8,
    0x80, 0x7f, 0xf3, 0x34, 0x80, 0x3f, 0xf8, 0xc5,
    0x82, 0x1, 0xff, 0xcb, 0x1e, 0x0, 0xff, 0xe3,
    0x96, 0x80, 0x72, 0x33, 0x8, 0x3, 0xff, 0x86,
    0x6e, 0x1, 0xff, 0xc7, 0x3c, 0x0, 0x27, 0x5c,
    0xcb, 0x70, 0x80, 0x3f, 0xf8, 0x50, 0x20, 0x1f,
    0xfc, 0x73, 0xdb, 0xb0, 0x80, 0x63, 0xd3, 0x0,
    0xff, 0xe1, 0x30, 0x7, 0xff, 0x20, 0x90, 0x3,
    0xf7, 0x0, 0x7f, 0xf0, 0xa8, 0x3, 0xff, 0xa4,
    0x4c, 0x1, 0xff, 0xc1, 0x22, 0x0, 0x7f, 0xf4,
    0xa8, 0x3, 0xff, 0x84, 0x80, 0x1f, 0xfd, 0x23,
    0x0, 0xff, 0xe1, 0x78, 0x7, 0xff, 0x4c, 0xc0,
    0x3f, 0xf8, 0x2a, 0x1, 0xff, 0xd3, 0x60, 0xf,
    0xfe, 0x9, 0x80, 0x7f, 0xf4, 0xc8, 0x3, 0xff,
    0x84, 0x20, 0x1f, 0xfd, 0x2e, 0x0, 0xff, 0xe1,
    0x28, 0x7, 0xff, 0x48, 0xc0, 0x3f, 0xf8, 0x46,
    0x1, 0xff, 0xe1, 0xf0, 0xf, 0xfe, 0x90, 0x80,
    0x7f, 0xf0, 0x84, 0x3, 0xff, 0xc2, 0x60, 0x3,
    0x3f, 0xfe, 0x9, 0x0, 0x7f, 0xf0, 0x84, 0x3,
    0xff, 0x84, 0x21, 0xd9, 0x9f, 0xfc, 0x1d, 0x80,
    0xf, 0xfe, 0x88, 0x88, 0x3, 0xff, 0x84, 0x60,
    0x1f, 0xfc, 0x13, 0x0, 0xff, 0xe1, 0x88, 0x7,
    0xff, 0xd, 0xc0, 0x3f, 0xf8, 0x22, 0x1, 0xff,
    0xe1, 0xf0, 0xf, 0xfe, 0x10, 0x80, 0x7f, 0xf1,
    0x8, 0x3, 0xff, 0x82, 0x40, 0x1f, 0xfc, 0x23,
    0x1, 0x0, 0xff, 0xe1, 0x8, 0x7, 0xff, 0x4,
    0x40, 0x3f, 0xf8, 0x42, 0x6, 0x1, 0xff, 0xc3,
    0x20, 0xf, 0xfe, 0x3, 0x0, 0x7f, 0xf0, 0xbc,
    0x4, 0x3, 0xff, 0x86, 0x80, 0x1f, 0xf0, 0x90,
    0x7, 0xff, 0x8, 0x81, 0x80, 0x3f, 0xf8, 0x74,
    0x1, 0xff, 0x30, 0x7, 0xff, 0xd, 0xc0, 0x80,
    0x3f, 0xf8, 0x66, 0xa0, 0x1f, 0xc3, 0x0, 0x1f,
    0xfc, 0x32, 0xd, 0x0, 0xff, 0xe2, 0x51, 0x0,
    0x7e, 0xd0, 0xf, 0xfe, 0x19, 0x0, 0x10, 0x3,
    0xff, 0x8b, 0xac, 0x1, 0xc9, 0xa6, 0x1, 0xff,
    0xc3, 0x70, 0x0, 0x90, 0x7, 0xff, 0x16, 0x7f,
    0x2a, 0xfa, 0xc8, 0x3, 0xff, 0x89, 0xe0, 0x15,
    0x0, 0x7f, 0xf1, 0xcd, 0x50, 0x40, 0x3f, 0xf8,
    0xca, 0x1, 0x30, 0x7, 0xff, 0x71, 0x80, 0x30,
    0xb0, 0x7, 0xff, 0x6e, 0xc0, 0x3a, 0x0, 0x3f,
    0xfb, 0x4c, 0x40, 0x1c, 0x34, 0x1, 0xff, 0xd8,
    0x18, 0x0, 0xf9, 0x58, 0x3, 0xff, 0xaf, 0xa2,
    0x1, 0xfa, 0x54, 0x3, 0xff, 0xab, 0x46, 0x1,
    0xfe, 0xa6, 0x0, 0xff, 0xe9, 0xd2, 0x80, 0x7f,
    0xf0, 0x26, 0x0, 0x3f, 0xfa, 0x3, 0x8a, 0x1,
    0xff, 0xc2, 0x7d, 0x30, 0xf, 0xfe, 0x6b, 0x79,
    0x80, 0x7f, 0xf1, 0xb, 0x28, 0xc0, 0x3f, 0xf9,
    0x29, 0x92, 0x20, 0x1f, 0xfc, 0x75, 0xcc, 0x30,
    0x80, 0x7f, 0xf0, 0xc5, 0xf6, 0xcc, 0x3, 0xff,
    0x96, 0x73, 0xdb, 0x2c, 0x84, 0x20, 0x18, 0x8d,
    0xa7, 0x7a, 0x8, 0x3, 0xff, 0x80,

    /* U+0034 "4" */
    0x0, 0xff, 0xe1, 0x96, 0xff, 0xff, 0xf0, 0xb8,
    0x80, 0x3f, 0xfa, 0xd4, 0x40, 0x1f, 0xfc, 0x21,
    0x60, 0xf, 0xfe, 0xb3, 0x0, 0x7f, 0xf1, 0x10,
    0x3, 0xff, 0xaa, 0x62, 0x1, 0xff, 0xc3, 0x50,
    0xf, 0xfe, 0xb5, 0x80, 0x7f, 0xf1, 0x3c, 0x3,
    0xff, 0xac, 0xc0, 0x1f, 0xfc, 0x45, 0x0, 0xff,
    0xea, 0x98, 0x80, 0x7f, 0xf0, 0xd0, 0x3, 0xff,
    0xad, 0x60, 0x1f, 0xfc, 0x4d, 0x0, 0xff, 0xeb,
    0x30, 0x7, 0xff, 0x11, 0xc0, 0x3f, 0xfa, 0xa6,
    0x20, 0x1f, 0xfc, 0x34, 0x10, 0xf, 0xfe, 0xad,
    0x80, 0x7f, 0xf1, 0x34, 0x3, 0xff, 0xac, 0xc0,
    0x1f, 0xfc, 0x47, 0x0, 0xff, 0xea, 0x98, 0x80,
    0x7f, 0xf0, 0xcc, 0x40, 0x3f, 0xfa, 0xb6, 0x1,
    0xff, 0xc4, 0xb0, 0xf, 0xfe, 0xb3, 0x0, 0x7f,
    0xf1, 0x14, 0x3, 0xff, 0xaa, 0x62, 0x1, 0xff,
    0xc3, 0x22, 0x0, 0x7f, 0xf5, 0x6c, 0x3, 0xff,
    0x88, 0xa0, 0x1f, 0xfd, 0x66, 0x0, 0xff, 0xe2,
    0x50, 0x7, 0xff, 0x54, 0xc4, 0x3, 0xff, 0x86,
    0x44, 0x0, 0xff, 0xea, 0xd8, 0x7, 0xff, 0x11,
    0x40, 0x3f, 0xfa, 0xcc, 0x1, 0xff, 0xc4, 0xb0,
    0xf, 0xfe, 0xa9, 0x88, 0x7, 0xff, 0xc, 0x4c,
    0x3, 0xff, 0xab, 0x60, 0x1f, 0xfc, 0x47, 0x0,
    0xff, 0xeb, 0x30, 0x7, 0xff, 0x13, 0x40, 0x3f,
    0xfa, 0xa6, 0x20, 0x1f, 0xfc, 0x31, 0x40, 0xf,
    0xfe, 0xad, 0x0, 0x7f, 0xf1, 0x1c, 0x3, 0xff,
    0xac, 0xe0, 0x1f, 0xfc, 0x4d, 0x0, 0xff, 0xea,
    0x98, 0x80, 0x7f, 0xf1, 0x10, 0x3, 0xff, 0xab,
    0x40, 0x1f, 0xfc, 0x45, 0x0, 0xff, 0xeb, 0x38,
    0x7, 0xff, 0x13, 0xc0, 0x3f, 0xfa, 0xa6, 0x20,
    0x1f, 0xfc, 0x45, 0x0, 0xff, 0xea, 0xd0, 0x7,
    0xff, 0x11, 0x0, 0x3e, 0x3e, 0xff, 0xff, 0xe0,
    0xd8, 0x7, 0xfc, 0xe0, 0x1f, 0xfc, 0x4d, 0x0,
    0xfa, 0x84, 0x3, 0xff, 0x82, 0x84, 0x1, 0xfc,
    0x62, 0x1, 0xff, 0xc4, 0x70, 0xf, 0x8c, 0x3,
    0xff, 0x9b, 0x40, 0x1f, 0xfc, 0x44, 0x10, 0xf,
    0xfe, 0xab, 0x80, 0x7f, 0xf1, 0x34, 0x3, 0xff,
    0xaa, 0x62, 0x1, 0xff, 0xc4, 0x70, 0xf, 0xfe,
    0xad, 0x0, 0x7f, 0xf1, 0xc, 0x40, 0x3f, 0xfa,
    0xae, 0x1, 0xff, 0xc4, 0xb0, 0xf, 0xfe, 0xa9,
    0x88, 0x7, 0xff, 0x11, 0x40, 0x3f, 0xfa, 0xb4,
    0x1, 0xff, 0xc4, 0x22, 0x0, 0x7f, 0xf5, 0x5c,
    0x3, 0xff, 0x88, 0xa0, 0x1f, 0xfd, 0x53, 0x10,
    0xf, 0xfe, 0x25, 0x80, 0x7f, 0xf5, 0x68, 0x3,
    0xff, 0x88, 0x46, 0x1, 0xff, 0xd5, 0x70, 0xf,
    0xfe, 0x23, 0x80, 0x7f, 0xc2, 0x1, 0xff, 0xc3,
    0x10, 0xe, 0x31, 0x0, 0xff, 0xe2, 0x2f, 0xff,
    0xfc, 0x80, 0x1f, 0xfc, 0x3c, 0xff, 0xc9, 0x40,
    0x1f, 0xfe, 0x6e, 0x50, 0xf, 0xff, 0x38, 0x80,
    0x7f, 0xf9, 0xcc, 0x3, 0xff, 0xfe, 0x1, 0xff,
    0xff, 0x0, 0xff, 0xff, 0x80, 0x7f, 0xff, 0xc0,
    0x3f, 0xff, 0xe0, 0x1f, 0xfd, 0xc3, 0x0, 0xff,
    0xf3, 0xd0, 0x7, 0xff, 0x9b, 0x9f, 0xff, 0xff,
    0xa2, 0x80, 0x1f, 0xfc, 0x3c, 0xff, 0xc8, 0x1,
    0xff, 0xd2, 0x10, 0xf, 0xfe, 0x18, 0x80, 0x7f,
    0xff, 0xc0, 0x3f, 0xff, 0xe0, 0x1f, 0xff, 0xf0,
    0xf, 0xff, 0xf8, 0x7, 0xff, 0xfc, 0x3, 0xff,
    0xfe, 0x1, 0xff, 0xff, 0x0, 0xff, 0xff, 0x80,
    0x7f, 0xff, 0xc0, 0x3f, 0xff, 0xe0, 0x1f, 0xff,
    0xf0, 0xf, 0xfe, 0xf1, 0x80, 0x7f, 0xf9, 0xf4,
    0x3, 0xff, 0x84, 0x84, 0x1, 0xc0,

    /* U+0035 "5" */
    0x9, 0xff, 0xff, 0xef, 0x38, 0x1, 0x80, 0x3f,
    0xfb, 0xd4, 0x2, 0x1, 0xff, 0xff, 0x0, 0xff,
    0xff, 0x80, 0x7f, 0xff, 0xc0, 0x3f, 0xff, 0xe0,
    0x1f, 0xff, 0xf0, 0xf, 0xff, 0xf8, 0x7, 0xff,
    0xa4, 0x40, 0x3f, 0xf8, 0xca, 0xbf, 0xfc, 0xff,
    0x0, 0xff, 0xe2, 0xa5, 0x57, 0xff, 0x3c, 0xc0,
    0x3f, 0xff, 0xe0, 0x1f, 0xff, 0xf0, 0xf, 0xff,
    0xf8, 0x7, 0xff, 0xfc, 0x3, 0xff, 0xfe, 0x1,
    0xff, 0xff, 0x0, 0xff, 0xff, 0x80, 0x7f, 0xff,
    0xc0, 0x3f, 0xff, 0x26, 0xd1, 0x35, 0x30, 0xc4,
    0x1, 0xff, 0xd6, 0x2a, 0xfc, 0x97, 0x65, 0x67,
    0x9d, 0xe9, 0x30, 0xf, 0xfe, 0x89, 0x56, 0xa8,
    0x7, 0xf8, 0x5b, 0x2c, 0x80, 0x3f, 0xf9, 0xcb,
    0xaa, 0x1, 0xff, 0xc3, 0x4d, 0x60, 0xf, 0xfe,
    0x5a, 0xcd, 0x0, 0x7f, 0xf1, 0xe6, 0x40, 0x1f,
    0xfc, 0xa1, 0x60, 0xf, 0xfe, 0x4b, 0x40, 0x7,
    0xff, 0x85, 0xd0, 0x3, 0xff, 0xc3, 0x62, 0x1,
    0xff, 0xe1, 0x80, 0xf, 0xff, 0xb, 0x10, 0x7,
    0xff, 0x86, 0xc0, 0x3f, 0xfc, 0x2c, 0x1, 0xff,
    0xe2, 0x40, 0xf, 0xff, 0xe, 0x80, 0x7f, 0xf2,
    0x6, 0x33, 0xfd, 0xd6, 0x80, 0x1f, 0xfc, 0x54,
    0x0, 0xff, 0xe3, 0xaf, 0x39, 0x80, 0x5, 0x2e,
    0x0, 0x3f, 0xf8, 0x84, 0x1, 0xff, 0xc6, 0x3a,
    0x0, 0xfc, 0xec, 0x1, 0xff, 0xc4, 0x21, 0x0,
    0xff, 0xe2, 0x40, 0x7, 0xfa, 0x0, 0x3f, 0xf8,
    0x8e, 0x4, 0x1, 0xff, 0xc2, 0x34, 0x0, 0xff,
    0xa, 0x80, 0x7f, 0xf0, 0xc8, 0x32, 0xef, 0xff,
    0x83, 0x98, 0x0, 0xff, 0xe0, 0x60, 0x7, 0xff,
    0xf, 0x80, 0x51, 0x3f, 0xf8, 0x26, 0x1, 0xff,
    0xc1, 0x50, 0xf, 0xfe, 0x19, 0x0, 0x7f, 0xf4,
    0x48, 0x3, 0xff, 0x86, 0xc0, 0x1f, 0xfd, 0x11,
    0x0, 0xff, 0xe1, 0x98, 0x7, 0xff, 0x48, 0x40,
    0x3f, 0xfc, 0x26, 0x1, 0xff, 0xc2, 0x10, 0xf,
    0xff, 0xf8, 0x7, 0xff, 0x8c, 0xc0, 0x3f, 0xf8,
    0x42, 0x9, 0x33, 0xff, 0xc1, 0x83, 0x0, 0xff,
    0xe0, 0x88, 0x7, 0xff, 0x12, 0x59, 0xbf, 0xf8,
    0x2f, 0xa0, 0x1f, 0xfd, 0x21, 0x0, 0xff, 0xe1,
    0x8, 0x7, 0xff, 0x0, 0x80, 0x3f, 0xf8, 0x66,
    0xc, 0x1, 0xff, 0xc3, 0x30, 0xf, 0xf9, 0x80,
    0x3f, 0xf8, 0x62, 0x6, 0x1, 0xff, 0xc3, 0x40,
    0xf, 0xf8, 0xc0, 0x3f, 0xf8, 0x6c, 0x1c, 0x1,
    0xff, 0xc3, 0xc0, 0xf, 0xfa, 0x80, 0x3f, 0xf8,
    0x64, 0x6, 0x1, 0xff, 0xc3, 0x43, 0x0, 0xfe,
    0x52, 0x0, 0xff, 0xe1, 0xf0, 0x28, 0x7, 0xff,
    0x13, 0x84, 0x3, 0xe2, 0xb0, 0xf, 0xfe, 0x21,
    0x0, 0x90, 0x7, 0xff, 0xc, 0xbd, 0x40, 0x39,
    0xb4, 0x40, 0x3f, 0xf8, 0x8a, 0x0, 0x50, 0xf,
    0xfe, 0x20, 0xd7, 0x5d, 0x5f, 0xc8, 0x7, 0xff,
    0x14, 0xc4, 0x1, 0x60, 0x1f, 0xfc, 0x61, 0x45,
    0x40, 0xf, 0xfe, 0x3d, 0x80, 0x46, 0x40, 0x1f,
    0xfd, 0xc6, 0x0, 0xd0, 0x1, 0xff, 0xdb, 0x51,
    0x0, 0xca, 0x40, 0x1f, 0xfd, 0xa8, 0x0, 0xf7,
    0x0, 0x7f, 0xf6, 0x5c, 0x80, 0x3c, 0x6e, 0x1,
    0xff, 0xd7, 0x38, 0x0, 0xfd, 0xa, 0x1, 0xff,
    0xd5, 0x2d, 0x0, 0xff, 0x52, 0x80, 0x7f, 0xf4,
    0xcb, 0x4, 0x3, 0xfe, 0xa7, 0x0, 0xff, 0xe8,
    0xa6, 0x8, 0x7, 0xff, 0x6, 0x2c, 0x80, 0x3f,
    0xf9, 0xa3, 0x36, 0x20, 0x1f, 0xfc, 0x34, 0xd8,
    0x10, 0xf, 0xfe, 0x53, 0xfb, 0x0, 0x7f, 0xf1,
    0xdf, 0xa9, 0x0, 0x3f, 0xf8, 0xa9, 0x3f, 0x2,
    0x1, 0xff, 0xca, 0x5b, 0xfc, 0x85, 0x32, 0x0,
    0xc2, 0x46, 0xb1, 0x7f, 0x6c, 0x1, 0xff, 0xc0,

    /* U+0036 "6" */
    0x0, 0xff, 0xe2, 0x23, 0xd6, 0x77, 0xfe, 0xec,
    0xa7, 0x40, 0xf, 0xfe, 0x8b, 0x5f, 0xdc, 0x29,
    0x88, 0x6, 0x13, 0x58, 0xbf, 0xb5, 0x0, 0xff,
    0xe5, 0x8c, 0x7c, 0xa0, 0x7, 0xff, 0x11, 0x2b,
    0x98, 0x3, 0xff, 0x90, 0xde, 0xe0, 0x1f, 0xfc,
    0x91, 0x9d, 0x30, 0xf, 0xfe, 0x20, 0xdc, 0x88,
    0x7, 0xff, 0x30, 0xb1, 0xc0, 0x3f, 0xf8, 0x45,
    0x88, 0x1, 0xff, 0xd0, 0x8a, 0x0, 0xff, 0xe0,
    0x16, 0x10, 0x7, 0xff, 0x49, 0x68, 0x3, 0xfc,
    0x3e, 0x20, 0x1f, 0xfd, 0x45, 0x80, 0xf, 0xea,
    0x20, 0xf, 0xfe, 0xb3, 0xa8, 0x7, 0xca, 0x80,
    0x1f, 0xfd, 0x8b, 0x10, 0xf, 0x58, 0x7, 0xff,
    0x64, 0x60, 0x3, 0x98, 0x40, 0x3f, 0xfb, 0x4c,
    0x20, 0x1a, 0xc0, 0x3f, 0xfb, 0x8c, 0x1, 0x19,
    0x0, 0x7f, 0xf1, 0x85, 0x10, 0x40, 0x1f, 0xfc,
    0x6a, 0x0, 0x90, 0x3, 0xff, 0x8a, 0x79, 0xd7,
    0x6d, 0xb1, 0x0, 0xff, 0xe2, 0x10, 0x80, 0x30,
    0x3, 0xff, 0x88, 0x98, 0x60, 0x19, 0x3c, 0x40,
    0x3f, 0xf8, 0x88, 0x0, 0x50, 0xf, 0xfe, 0x18,
    0xd0, 0x7, 0xc3, 0xa0, 0x1f, 0xfc, 0x4d, 0x0,
    0x8, 0x7, 0xff, 0xe, 0x44, 0x3, 0xf1, 0xa0,
    0x7, 0xff, 0xc, 0x80, 0x40, 0x3f, 0xf8, 0x8c,
    0x1, 0xfe, 0xe0, 0xf, 0xfe, 0x1b, 0x1, 0x80,
    0x7f, 0xf0, 0xc8, 0x40, 0x3f, 0xc8, 0x1, 0xff,
    0xd5, 0x10, 0xf, 0xf8, 0x40, 0x3f, 0xf8, 0x62,
    0x1, 0xff, 0xc5, 0x70, 0xf, 0xff, 0xf8, 0x7,
    0xff, 0xfd, 0x0, 0x3f, 0xf8, 0x4e, 0x1, 0xff,
    0xd2, 0xbb, 0xff, 0xe1, 0x65, 0x0, 0x7f, 0xf4,
    0xd1, 0x3f, 0xf8, 0x26, 0x1, 0xff, 0xff, 0x0,
    0xff, 0xe3, 0x98, 0x7, 0xff, 0xfc, 0x3, 0xff,
    0xb6, 0x91, 0x9d, 0xff, 0x6d, 0xc2, 0x0, 0x7f,
    0xf5, 0x5b, 0xad, 0xcc, 0x40, 0x22, 0x47, 0xbf,
    0x91, 0x0, 0xff, 0xe8, 0x26, 0xc8, 0x80, 0x7f,
    0xf0, 0x1b, 0x9c, 0x3, 0xff, 0x9c, 0xf6, 0x40,
    0x1f, 0xfc, 0x48, 0xc1, 0x0, 0xff, 0xe5, 0x35,
    0x40, 0x7, 0xff, 0x1c, 0xf0, 0x40, 0x3f, 0xf9,
    0x24, 0xa0, 0x1f, 0xfc, 0x92, 0xd0, 0xf, 0xff,
    0x9, 0xc8, 0x7, 0xff, 0x85, 0x94, 0x2, 0x10,
    0xf, 0xfe, 0xec, 0x0, 0x7f, 0xf8, 0x49, 0x40,
    0x3f, 0xfc, 0x30, 0x1, 0xff, 0xca, 0x5b, 0xef,
    0xea, 0x20, 0xf, 0xfe, 0x21, 0x10, 0x3, 0xff,
    0x91, 0x74, 0x82, 0x2, 0xba, 0xa0, 0x1f, 0xfc,
    0x45, 0x0, 0xff, 0xe3, 0xca, 0x0, 0x7d, 0x46,
    0x1, 0xff, 0xc3, 0xb0, 0xf, 0xfe, 0x31, 0xb0,
    0x7, 0xf7, 0x80, 0x7f, 0xf0, 0xcc, 0x3, 0xff,
    0x8d, 0x40, 0x1f, 0xe3, 0x30, 0x7, 0xff, 0xc,
    0x80, 0x3f, 0xf8, 0xa8, 0x1, 0xff, 0x20, 0x7,
    0xff, 0xd, 0x80, 0x3f, 0xf8, 0xa4, 0x1, 0xff,
    0x70, 0x7, 0xff, 0xc, 0x80, 0x3f, 0xf8, 0x82,
    0x1, 0xff, 0xc0, 0x20, 0xf, 0xfe, 0x1f, 0x80,
    0x7f, 0xf1, 0xc, 0x3, 0xff, 0x80, 0xe0, 0x1f,
    0xfc, 0x32, 0x0, 0xff, 0xe2, 0x8, 0x7, 0xff,
    0x0, 0x40, 0x3f, 0xf8, 0x6e, 0x1, 0xff, 0xd1,
    0x30, 0xf, 0xfe, 0x18, 0x80, 0x7f, 0xf8, 0x4c,
    0x3, 0xff, 0x88, 0xe0, 0x1f, 0xfe, 0x17, 0x0,
    0xff, 0xe8, 0x8, 0x7, 0xff, 0xfc, 0xc0, 0x3f,
    0xf8, 0x62, 0x2, 0x1, 0xff, 0xc2, 0x10, 0xf,
    0xfe, 0x0, 0x80, 0x7f, 0xf0, 0xcc, 0xc, 0x3,
    0xff, 0x84, 0x60, 0x1f, 0xfc, 0x7, 0x0, 0xff,
    0xe2, 0x88, 0x7, 0xff, 0x8, 0x40, 0x3f, 0xf8,
    0x2, 0x1, 0xff, 0xc3, 0x10, 0x60, 0xf, 0xfe,
    0x18, 0x80, 0x7f, 0xc4, 0x1, 0xff, 0xc3, 0x60,
    0x30, 0xf, 0xfe, 0x1a, 0x0, 0x7f, 0xda, 0x1,
    0xff, 0xc3, 0x30, 0xe0, 0xf, 0xfe, 0x1f, 0x80,
    0x7f, 0xca, 0x1, 0xff, 0xc3, 0x10, 0x30, 0xf,
    0xfe, 0x1a, 0x90, 0x7, 0xf3, 0x80, 0x7f, 0xf1,
    0x38, 0x14, 0x3, 0xff, 0x89, 0xe2, 0x1, 0xf1,
    0xc0, 0x7, 0xff, 0x11, 0x40, 0x48, 0x3, 0xff,
    0x86, 0x58, 0x80, 0x1c, 0xf8, 0x1, 0xff, 0xc5,
    0x30, 0x2, 0x0, 0x7f, 0xf1, 0xa, 0xfa, 0xeb,
    0x3e, 0x0, 0x3f, 0xf8, 0xa6, 0x1, 0x68, 0x7,
    0xff, 0x18, 0x51, 0x4c, 0x3, 0xff, 0x8f, 0x60,
    0x12, 0x10, 0x7, 0xff, 0x71, 0x80, 0x35, 0x80,
    0x7f, 0xf6, 0xd4, 0x40, 0x33, 0x10, 0x7, 0xff,
    0x6a, 0x0, 0x3d, 0x0, 0x1f, 0xfd, 0x98, 0x20,
    0xf, 0x2b, 0x0, 0x7f, 0xf5, 0xcd, 0xc0, 0x3f,
    0x4a, 0x0, 0x7f, 0xf5, 0x4b, 0x40, 0x3f, 0xd6,
    0x60, 0x1f, 0xfd, 0x33, 0xc1, 0x0, 0xff, 0xb1,
    0x80, 0x3f, 0xfa, 0x2b, 0x82, 0x1, 0xff, 0xc1,
    0x9a, 0x10, 0xf, 0xfe, 0x68, 0xd5, 0x0, 0x3f,
    0xf8, 0x8b, 0xd0, 0x20, 0x1f, 0xfc, 0x91, 0x8e,
    0x50, 0xf, 0xfe, 0x3b, 0xf5, 0x20, 0x7, 0xff,
    0x15, 0x2b, 0x9c, 0x3, 0xff, 0x96, 0xb7, 0xf7,
    0xa, 0x64, 0x1, 0x84, 0x8d, 0x62, 0xfe, 0xd4,
    0x3, 0xff, 0x80,

    /* U+0037 "7" */
    0x6f, 0xff, 0xff, 0x4, 0x58, 0x7, 0xff, 0x81,
    0xc0, 0x3f, 0xff, 0xe0, 0x1f, 0xff, 0xf0, 0xf,
    0xfe, 0xb1, 0x80, 0x7f, 0xff, 0xc0, 0x3f, 0xff,
    0xe0, 0x1f, 0xff, 0xf0, 0xf, 0xff, 0xf8, 0x7,
    0xff, 0x59, 0x57, 0xff, 0x88, 0x1, 0xff, 0xc4,
    0x20, 0xf, 0xfe, 0x1, 0x55, 0x7f, 0xf1, 0x0,
    0x3f, 0xf8, 0x8c, 0x20, 0x1f, 0xfc, 0xf5, 0x0,
    0xff, 0xe2, 0x68, 0x7, 0xff, 0x43, 0xc0, 0x3f,
    0xf8, 0x8e, 0x1, 0xff, 0xd0, 0x50, 0xf, 0xfe,
    0x19, 0x89, 0x0, 0x7f, 0xcc, 0x1, 0xff, 0xc2,
    0x40, 0xf, 0xfe, 0x25, 0x7, 0xc3, 0xbf, 0xf4,
    0x50, 0x7, 0xff, 0xb, 0x40, 0x3f, 0xf8, 0x8e,
    0x4, 0xf1, 0x1f, 0xce, 0x20, 0x1f, 0xfc, 0x27,
    0x0, 0xff, 0xe1, 0x98, 0x80, 0x7f, 0xf3, 0xcc,
    0x40, 0x3f, 0xf8, 0x76, 0x1, 0xff, 0xd0, 0xa0,
    0xf, 0xfe, 0x22, 0x80, 0x7f, 0xf4, 0x1c, 0x3,
    0xff, 0x86, 0x44, 0x0, 0xff, 0xe7, 0x98, 0x80,
    0x7f, 0xf0, 0xd4, 0x3, 0xff, 0xa1, 0x60, 0x1f,
    0xfc, 0x4a, 0x0, 0xff, 0xe8, 0x28, 0x7, 0xff,
    0xc, 0x88, 0x1, 0xff, 0xcf, 0x22, 0x0, 0x7f,
    0xf0, 0xd4, 0x3, 0xff, 0xa0, 0xa0, 0x1f, 0xfc,
    0x4b, 0x0, 0xff, 0xe8, 0x58, 0x7, 0xff, 0xc,
    0x4c, 0x3, 0xff, 0x9e, 0x26, 0x1, 0xff, 0xc3,
    0x70, 0xf, 0xfe, 0x83, 0x0, 0x7f, 0xf1, 0x34,
    0x3, 0xff, 0xa1, 0x60, 0x1f, 0xfc, 0x31, 0x40,
    0xf, 0xfe, 0x78, 0x98, 0x7, 0xff, 0xd, 0xc0,
    0x3f, 0xfa, 0xe, 0x1, 0xff, 0xc4, 0xd0, 0xf,
    0xfe, 0x86, 0x80, 0x7f, 0xf1, 0x10, 0x3, 0xff,
    0xa0, 0x80, 0x1f, 0xfc, 0x35, 0x0, 0xff, 0xe8,
    0x28, 0x7, 0xff, 0x13, 0xc0, 0x3f, 0xfa, 0x1e,
    0x1, 0xff, 0xc4, 0x50, 0xf, 0xfe, 0x82, 0x80,
    0x7f, 0xf0, 0xd4, 0x3, 0xff, 0xa0, 0xa0, 0x1f,
    0xfc, 0x4f, 0x0, 0xff, 0xe8, 0x78, 0x7, 0xff,
    0x11, 0x0, 0x3f, 0xfa, 0x8, 0x1, 0xff, 0xc3,
    0x41, 0x0, 0xff, 0xe7, 0xa0, 0x80, 0x7f, 0xf0,
    0xf4, 0x3, 0xff, 0xa1, 0xa0, 0x1f, 0xfc, 0x47,
    0x0, 0xff, 0xe8, 0x38, 0x7, 0xff, 0xc, 0xc4,
    0x3, 0xff, 0x9e, 0x62, 0x1, 0xff, 0xc3, 0xb0,
    0xf, 0xfe, 0x85, 0x80, 0x7f, 0xf1, 0x18, 0x3,
    0xff, 0xa0, 0xa0, 0x1f, 0xfc, 0x33, 0x10, 0xf,
    0xfe, 0x79, 0x90, 0x7, 0xff, 0xe, 0xc0, 0x3f,
    0xfa, 0x16, 0x1, 0xff, 0xc4, 0x50, 0xf, 0xfe,
    0x82, 0x80, 0x7f, 0xf0, 0xc8, 0x80, 0x1f, 0xfc,
    0xf2, 0x20, 0x7, 0xff, 0xd, 0x40, 0x3f, 0xfa,
    0xa, 0x1, 0xff, 0xc4, 0xb0, 0xf, 0xfe, 0x85,
    0x80, 0x7f, 0xf0, 0xc8, 0xc0, 0x3f, 0xf9, 0xe2,
    0x60, 0x1f, 0xfc, 0x35, 0x0, 0xff, 0xe8, 0x38,
    0x7, 0xff, 0x12, 0xc0, 0x3f, 0xfa, 0x1a, 0x1,
    0xff, 0xc3, 0x13, 0x0, 0xff, 0xe7, 0x8a, 0x0,
    0x7f, 0xf0, 0xdc, 0x3, 0xff, 0xa0, 0xe0, 0x1f,
    0xfc, 0x4d, 0x0, 0xff, 0xe8, 0x68, 0x7, 0xff,
    0xc, 0x50, 0x3, 0xff, 0xa0, 0x80, 0x1f, 0xfc,
    0x37, 0x0, 0xff, 0xe8, 0x28, 0x7, 0xff, 0x13,
    0x40, 0x3f, 0xfa, 0x1e, 0x1, 0xff, 0xc4, 0x40,
    0xf, 0xfe, 0x82, 0x80, 0x7f, 0xf0, 0xd4, 0x3,
    0xff, 0xa0, 0x80, 0x1f, 0xfc, 0x4f, 0x0, 0xff,
    0xe8, 0x68, 0x7, 0xff, 0x11, 0x40, 0x3f, 0xfa,
    0xe, 0x1, 0xff, 0xc3, 0x40, 0xf, 0xfe, 0x82,
    0x8, 0x7, 0xff, 0xf, 0x80, 0x3f, 0xfa, 0x1a,
    0x1, 0xff, 0xc4, 0x40, 0xf, 0xfe, 0x83, 0x80,
    0x7f, 0xf0, 0xd0, 0x40, 0x3f, 0xf9, 0xe6, 0x20,
    0x1f, 0xfc, 0x3d, 0x0, 0xff, 0xe8, 0x58, 0x7,
    0xff, 0x11, 0xc0, 0x3f, 0xfa, 0xa, 0x1, 0xff,
    0xc3, 0x31, 0x0, 0xff, 0xe7, 0x91, 0x0, 0x3f,
    0xf8, 0x76, 0x1, 0xff, 0xd0, 0x50, 0xf, 0xfe,
    0x23, 0x0, 0x7f, 0xf4, 0x28, 0x3, 0xff, 0x86,
    0x62, 0x1, 0xff, 0xcf, 0x12, 0x0, 0xff, 0xe1,
    0xd8, 0x7, 0xff, 0x44, 0x80, 0x3f, 0xf8, 0x44,
    0xc0, 0x1f, 0xfc, 0x80,

    /* U+0038 "8" */
    0x0, 0xff, 0xe2, 0x23, 0xd6, 0x6f, 0x7f, 0xbb,
    0x6e, 0x58, 0x80, 0x3f, 0xfa, 0x2b, 0x5f, 0x70,
    0xa6, 0x42, 0x0, 0x12, 0x46, 0x9d, 0xd4, 0x10,
    0x7, 0xff, 0x31, 0xb6, 0x94, 0x3, 0xff, 0x86,
    0x4f, 0xb6, 0x80, 0x1f, 0xfc, 0x83, 0xd9, 0x20,
    0xf, 0xfe, 0x42, 0x5d, 0x8, 0x7, 0xff, 0x16,
    0x30, 0x80, 0x3f, 0xf9, 0x8b, 0xca, 0x1, 0xff,
    0xc3, 0xa7, 0x0, 0xff, 0xe8, 0x53, 0x80, 0x7f,
    0xf0, 0x71, 0x40, 0x3f, 0xfa, 0x51, 0x0, 0xf,
    0xfa, 0x8c, 0x3, 0xff, 0xa8, 0xea, 0x1, 0xfc,
    0xea, 0x1, 0xff, 0xd6, 0xa3, 0x0, 0xf8, 0xa0,
    0x3, 0xff, 0xb1, 0xe0, 0x1f, 0x48, 0x7, 0xff,
    0x64, 0xd4, 0x3, 0x8d, 0x0, 0x3f, 0xfb, 0x50,
    0x1, 0xd2, 0x1, 0xff, 0xdb, 0x24, 0x0, 0x85,
    0x40, 0x3f, 0xf8, 0xc4, 0xa8, 0x20, 0x1f, 0xfc,
    0x6f, 0x0, 0x9c, 0x3, 0xff, 0x8a, 0x9b, 0xaa,
    0xbe, 0xa1, 0x0, 0xff, 0xe2, 0x20, 0x5, 0x80,
    0x1f, 0xfc, 0x44, 0xb2, 0x0, 0xcb, 0xe4, 0x1,
    0xff, 0xc4, 0x40, 0x2, 0x0, 0x7f, 0xf0, 0xca,
    0xc0, 0x3e, 0x1e, 0x0, 0xff, 0xe2, 0x60, 0x8,
    0x80, 0x3f, 0xf8, 0x76, 0x1, 0xfc, 0x68, 0x1,
    0xff, 0xc3, 0x30, 0x20, 0xf, 0xfe, 0x23, 0x0,
    0x7f, 0xb4, 0x3, 0xff, 0x86, 0xc0, 0xe0, 0x1f,
    0xfc, 0x34, 0x0, 0xff, 0x9c, 0x3, 0xff, 0x86,
    0x40, 0x20, 0x1f, 0xfc, 0x3c, 0x0, 0xff, 0x84,
    0xc0, 0x3f, 0xf8, 0x86, 0x1, 0xff, 0xc3, 0x30,
    0xf, 0xfe, 0x3, 0x0, 0x7f, 0xf1, 0xc, 0x3,
    0xff, 0x86, 0xe0, 0x1f, 0xfc, 0x2, 0x0, 0xff,
    0xe2, 0x8, 0x7, 0xff, 0x85, 0xc0, 0x3f, 0xf8,
    0x6e, 0x1, 0xff, 0xcf, 0x10, 0x20, 0xf, 0xfe,
    0x18, 0x80, 0x7f, 0xf0, 0x8, 0x3, 0xff, 0x84,
    0x40, 0x22, 0x0, 0xff, 0xe1, 0x60, 0x7, 0xff,
    0x1, 0xc0, 0x3f, 0xf8, 0x4a, 0x0, 0x40, 0xf,
    0xfe, 0x13, 0x80, 0x7f, 0xc2, 0x40, 0x1f, 0xfc,
    0x2f, 0x0, 0x60, 0x7, 0xff, 0x8, 0x4c, 0x3,
    0xfc, 0xe0, 0x1f, 0xfc, 0x37, 0x0, 0x38, 0x7,
    0xff, 0xe, 0x80, 0x3f, 0xd4, 0x1, 0xff, 0xc2,
    0x21, 0x0, 0xa, 0x0, 0x7f, 0xf0, 0x98, 0xc0,
    0x3f, 0x29, 0x80, 0x7f, 0xf0, 0xa8, 0x3, 0x78,
    0x7, 0xff, 0xf, 0x44, 0x3, 0xc9, 0x40, 0x1f,
    0xfc, 0x36, 0x0, 0xc8, 0x60, 0x1f, 0xfc, 0x21,
    0xf7, 0x20, 0x1, 0xcd, 0x80, 0x7f, 0xf0, 0xdc,
    0x40, 0x3b, 0xc0, 0x3f, 0xf8, 0x63, 0x1b, 0xfe,
    0xc6, 0x0, 0xff, 0xe1, 0x8c, 0x0, 0x78, 0xdc,
    0x3, 0xff, 0xb1, 0x60, 0x1f, 0xa1, 0x0, 0x3f,
    0xfa, 0xce, 0xa0, 0x1f, 0xd6, 0x80, 0x1f, 0xfd,
    0x46, 0x80, 0xf, 0xfa, 0xd8, 0x3, 0xff, 0xa4,
    0xf2, 0x1, 0xff, 0xc1, 0x9a, 0x0, 0xff, 0xe7,
    0x8d, 0xc0, 0x7, 0xff, 0xc, 0x80, 0x3f, 0xf9,
    0xe6, 0xc0, 0x1f, 0xfc, 0x22, 0xc8, 0x0, 0xff,
    0xe7, 0x96, 0xb0, 0x7, 0xff, 0x0, 0xb0, 0xc0,
    0x3f, 0xfa, 0x52, 0xe0, 0x1f, 0xe1, 0xc1, 0x0,
    0xff, 0xea, 0x43, 0x80, 0x7f, 0x68, 0x80, 0x7f,
    0xf5, 0xa0, 0xc0, 0x3e, 0x63, 0x0, 0xff, 0xec,
    0x70, 0x7, 0xd0, 0x1, 0xff, 0xc4, 0x7d, 0xff,
    0x5a, 0x80, 0x7f, 0xf0, 0xc9, 0xc0, 0x39, 0x84,
    0x3, 0xff, 0x84, 0x3b, 0x4, 0x0, 0x4a, 0xa0,
    0x7, 0xff, 0xe, 0x40, 0x3a, 0x80, 0x3f, 0xf8,
    0x7a, 0x40, 0x1e, 0x58, 0x0, 0xff, 0xe1, 0xa,
    0x80, 0x42, 0x60, 0x1f, 0xfc, 0x26, 0x30, 0xf,
    0xce, 0x20, 0x1f, 0xfc, 0x2e, 0x0, 0x9c, 0x3,
    0xff, 0x87, 0x60, 0x1f, 0xe6, 0x0, 0xff, 0xe1,
    0x20, 0x5, 0x80, 0x1f, 0xfc, 0x22, 0x20, 0x7,
    0xfb, 0x0, 0x3f, 0xf8, 0x68, 0x0, 0x70, 0xf,
    0xfe, 0x13, 0x80, 0x7f, 0xc8, 0x1, 0xff, 0xc3,
    0xc0, 0x1, 0x0, 0x7f, 0xf0, 0xb4, 0x3, 0xff,
    0x80, 0x40, 0x1f, 0xfc, 0x22, 0x2, 0x0, 0xff,
    0xe1, 0x90, 0x7, 0xff, 0x1, 0x80, 0x3f, 0xf8,
    0x4c, 0xc, 0x1, 0xff, 0xc3, 0x10, 0xf, 0xfe,
    0x1, 0x0, 0x7f, 0xf0, 0x88, 0x4, 0x3, 0xff,
    0x86, 0xe0, 0x1f, 0xfc, 0x1, 0x0, 0xff, 0xe1,
    0x8, 0x7, 0xff, 0x14, 0x40, 0x3f, 0xfa, 0x26,
    0x1, 0xff, 0xc3, 0x10, 0xf, 0xfe, 0x89, 0x80,
    0x7f, 0xf0, 0xd8, 0x3, 0xff, 0x80, 0x20, 0x1f,
    0xfd, 0x42, 0x0, 0xff, 0xe0, 0x10, 0x7, 0xff,
    0x11, 0x80, 0x3f, 0xf8, 0x7c, 0x1, 0xff, 0xc0,
    0x60, 0xf, 0xfe, 0x10, 0x81, 0x0, 0x7f, 0xf0,
    0xd4, 0x3, 0xff, 0x80, 0x40, 0x1f, 0xfc, 0x22,
    0x1, 0x0, 0xff, 0xe1, 0x98, 0x7, 0xfc, 0x80,
    0x1f, 0xfc, 0x36, 0x0, 0x18, 0x7, 0xff, 0xd,
    0x40, 0x3f, 0xdc, 0x1, 0xff, 0xc3, 0xd0, 0x2,
    0x80, 0x7f, 0xf0, 0xe0, 0x3, 0xf8, 0xd4, 0x3,
    0xff, 0x86, 0x80, 0xc, 0x0, 0xff, 0xe1, 0x94,
    0x80, 0x7c, 0x3a, 0x1, 0xff, 0xc4, 0x30, 0x2,
    0x80, 0x7f, 0xf1, 0x1a, 0x84, 0x3, 0x2f, 0x88,
    0x7, 0xff, 0xd, 0x40, 0x32, 0x80, 0x7f, 0xf1,
    0x17, 0xb2, 0xaf, 0xa8, 0x40, 0x3f, 0xf8, 0x9e,
    0x1, 0xa4, 0x3, 0xff, 0x8c, 0x6a, 0x82, 0x1,
    0xff, 0xc5, 0x15, 0x0, 0xc6, 0x80, 0x1f, 0xfd,
    0xa8, 0x0, 0xf7, 0x80, 0x7f, 0xf6, 0x45, 0x80,
    0x3c, 0x8c, 0x1, 0xff, 0xd8, 0xa0, 0xf, 0xd2,
    0x20, 0x1f, 0xfd, 0x66, 0x40, 0xf, 0xed, 0x0,
    0xff, 0xea, 0x9c, 0x80, 0x7f, 0x8e, 0xc0, 0x3f,
    0xfa, 0x65, 0xa0, 0x1f, 0xfc, 0x4, 0xa0, 0xf,
    0xfe, 0x89, 0x60, 0x80, 0x7f, 0xf0, 0x57, 0x48,
    0x3, 0xff, 0x9c, 0xba, 0x20, 0x1f, 0xfc, 0x32,
    0xd6, 0x0, 0xff, 0xe5, 0x8c, 0xd0, 0x7, 0xff,
    0x1e, 0x75, 0x0, 0x3f, 0xf9, 0xf, 0xcc, 0x1,
    0xff, 0xc9, 0x2b, 0xd7, 0x10, 0xf, 0xfe, 0x11,
    0xcf, 0x40, 0x7, 0xff, 0x34, 0xa3, 0xb2, 0x58,
    0xc8, 0x40, 0x2, 0x48, 0xf5, 0xd8, 0xc2, 0x1,
    0xff, 0xc1,

    /* U+0039 "9" */
    0x0, 0xff, 0xe1, 0x93, 0x45, 0xef, 0x7f, 0xee,
    0xcb, 0x85, 0x10, 0xf, 0xfe, 0x79, 0xcf, 0x6c,
    0xba, 0x10, 0x80, 0x61, 0x34, 0x7a, 0xed, 0x82,
    0x0, 0xff, 0xe5, 0x2e, 0x61, 0x84, 0x3, 0xff,
    0x88, 0x4f, 0xb4, 0x40, 0x1f, 0xfc, 0x62, 0xca,
    0x30, 0xf, 0xfe, 0x52, 0xec, 0x80, 0x7f, 0xf1,
    0x1b, 0x4c, 0x3, 0xff, 0x9c, 0xda, 0x60, 0x1f,
    0xfc, 0x18, 0x90, 0xf, 0xfe, 0x89, 0x62, 0x0,
    0x7f, 0xd0, 0xe0, 0x1f, 0xfd, 0x4b, 0x30, 0xf,
    0xe6, 0x70, 0xf, 0xfe, 0xb6, 0x88, 0x7, 0xc5,
    0x20, 0x1f, 0xfd, 0x71, 0xa0, 0xf, 0xb8, 0x3,
    0xff, 0xb2, 0x8a, 0x1, 0xc8, 0x60, 0x1f, 0xfd,
    0xa8, 0x0, 0xef, 0x0, 0xff, 0xed, 0x92, 0x0,
    0x42, 0x80, 0x1f, 0xfd, 0xce, 0x0, 0x9c, 0x3,
    0xff, 0x8e, 0x48, 0x83, 0x0, 0xff, 0xe3, 0x28,
    0x5, 0xa0, 0x1f, 0xfc, 0x54, 0xdd, 0x5d, 0xb3,
    0x98, 0x3, 0xff, 0x8a, 0x80, 0x5, 0x0, 0xff,
    0xe2, 0x35, 0x90, 0x6, 0x19, 0x90, 0x7, 0xff,
    0x13, 0x0, 0x44, 0x1, 0xff, 0xc3, 0x29, 0x0,
    0xfc, 0xca, 0x1, 0xff, 0xc3, 0x30, 0x30, 0xf,
    0xfe, 0x24, 0x0, 0x7f, 0xa4, 0x3, 0xff, 0x86,
    0xa0, 0xc0, 0x1f, 0xfc, 0x31, 0x50, 0xf, 0xf1,
    0x90, 0x7, 0xff, 0x8, 0x40, 0x40, 0x3f, 0xf8,
    0x6a, 0x1, 0xff, 0xc0, 0x70, 0xf, 0xfe, 0x18,
    0x98, 0x7, 0xff, 0xc, 0x80, 0x3f, 0xf8, 0x4,
    0x1, 0xff, 0xc3, 0x21, 0x0, 0xff, 0xe1, 0x88,
    0x7, 0xff, 0x3, 0xc0, 0x3f, 0xf8, 0x6f, 0xe0,
    0x1f, 0xfd, 0x1, 0x0, 0xff, 0xe1, 0x88, 0x80,
    0x3f, 0xf8, 0x7e, 0x1, 0xff, 0xc0, 0x30, 0xf,
    0xfe, 0xa0, 0x80, 0x7f, 0xf4, 0xc, 0x3, 0xff,
    0xa2, 0x20, 0x1f, 0xff, 0xf0, 0xf, 0xfe, 0xa8,
    0x80, 0x7f, 0xf0, 0xc4, 0x3, 0xff, 0x80, 0x20,
    0x1f, 0xfc, 0x4f, 0x0, 0xff, 0xf0, 0x88, 0x7,
    0xff, 0xf, 0xc0, 0x3f, 0xf8, 0x6, 0x1, 0xff,
    0xc4, 0x20, 0xf, 0xfe, 0x18, 0x80, 0x7f, 0xf0,
    0x38, 0x3, 0xff, 0x88, 0xa0, 0x1f, 0xfc, 0x32,
    0x0, 0xff, 0xe0, 0x10, 0x7, 0xff, 0xc, 0x44,
    0x1, 0xff, 0xc3, 0x60, 0xf, 0xfe, 0x3, 0x0,
    0x7f, 0xf1, 0x48, 0x3, 0xff, 0x84, 0x42, 0x1,
    0xff, 0x18, 0x7, 0xff, 0x15, 0x80, 0x3f, 0xf8,
    0x6c, 0x1, 0xfe, 0x60, 0xf, 0xfe, 0x36, 0x0,
    0x7f, 0xf0, 0xe4, 0x40, 0x3f, 0xc, 0x0, 0x7f,
    0xf1, 0x94, 0x3, 0xff, 0x86, 0x38, 0x20, 0x1e,
    0x1d, 0x10, 0xf, 0xfe, 0x31, 0x8, 0x7, 0xff,
    0xc, 0xba, 0xc, 0x0, 0x4f, 0xe6, 0x1, 0xff,
    0xc8, 0x60, 0xf, 0xfe, 0x2b, 0xe7, 0xfb, 0x60,
    0x40, 0x3f, 0xf9, 0x32, 0x1, 0xff, 0xe1, 0x16,
    0x0, 0xff, 0xf0, 0xc0, 0x7, 0xff, 0x84, 0x68,
    0x3, 0xff, 0xb9, 0xe0, 0x19, 0x5c, 0x3, 0xff,
    0xc3, 0xa, 0x1, 0xff, 0xc9, 0x15, 0x0, 0xff,
    0xe5, 0x53, 0x0, 0x7f, 0xf1, 0xcb, 0x38, 0x3,
    0xff, 0x97, 0x36, 0x20, 0x1f, 0xfc, 0x45, 0xd2,
    0x0, 0xff, 0xe6, 0xa7, 0x49, 0x0, 0x7f, 0xf0,
    0x17, 0x68, 0x3, 0xff, 0xa2, 0xdb, 0x90, 0xa4,
    0x20, 0x1, 0x25, 0x9e, 0xa2, 0x0, 0xff, 0xea,
    0x1b, 0xd6, 0xf7, 0xfb, 0xb6, 0x98, 0x40, 0x3f,
    0xff, 0xe0, 0x1f, 0xff, 0xf0, 0xf, 0xe1, 0x0,
    0xff, 0xf2, 0x12, 0x27, 0xff, 0x0, 0xc4, 0x3,
    0xff, 0xa4, 0x9b, 0x77, 0xff, 0xc0, 0xce, 0x10,
    0xf, 0xfe, 0x8e, 0x0, 0x7f, 0xf0, 0xd4, 0x3,
    0xff, 0xfe, 0x1, 0xff, 0xf2, 0x10, 0xf, 0xf8,
    0x40, 0x3f, 0xf8, 0xbe, 0x1, 0xff, 0xc3, 0x30,
    0xf, 0xf8, 0xc0, 0x3f, 0xfa, 0xb8, 0x1, 0xff,
    0x60, 0x7, 0xff, 0xc, 0x40, 0x80, 0x3f, 0xf8,
    0x6a, 0x20, 0x1f, 0xe4, 0x0, 0xff, 0xe1, 0xf8,
    0x30, 0x7, 0xff, 0x12, 0x0, 0x3f, 0xa0, 0x40,
    0x3f, 0xf8, 0x66, 0x6, 0x1, 0xff, 0xc4, 0x65,
    0x0, 0xf9, 0x5c, 0x3, 0xff, 0x88, 0xc0, 0x3,
    0x0, 0xff, 0xe2, 0x54, 0x0, 0x61, 0x8a, 0x0,
    0xff, 0xe2, 0x9, 0x0, 0x10, 0x3, 0xff, 0x8a,
    0xff, 0x75, 0x9c, 0xe0, 0x1f, 0xfc, 0x54, 0x0,
    0xa8, 0x3, 0xff, 0x8e, 0x8a, 0x60, 0x1f, 0xfc,
    0x7e, 0x0, 0x89, 0x0, 0x3f, 0xfb, 0x64, 0x80,
    0x1b, 0xc0, 0x3f, 0xfb, 0x76, 0x1, 0xc8, 0xa0,
    0x1f, 0xfd, 0x93, 0x60, 0xf, 0x58, 0x80, 0x7f,
    0xf6, 0x38, 0x3, 0xe1, 0xd0, 0xf, 0xfe, 0xbd,
    0x10, 0x7, 0xe3, 0xa0, 0xf, 0xfe, 0xac, 0x28,
    0x7, 0xf9, 0x68, 0x3, 0xff, 0xa7, 0xe, 0x1,
    0xff, 0xc0, 0x5c, 0x10, 0xf, 0xfe, 0x78, 0xdb,
    0x80, 0x7f, 0xf0, 0x8f, 0xd4, 0x3, 0xff, 0x9a,
    0xbe, 0x80, 0x1f, 0xfc, 0x41, 0xac, 0x40, 0xf,
    0xfe, 0x4a, 0x65, 0x8, 0x7, 0xff, 0x1c, 0xef,
    0x58, 0x40, 0x3f, 0xf8, 0x64, 0xfb, 0x66, 0x1,
    0xff, 0xcb, 0x29, 0xec, 0x96, 0x32, 0x0, 0xc2,
    0x48, 0xd5, 0xba, 0x82, 0x0, 0xff, 0xe0, 0x0,

    /* U+003A ":" */
    0x0, 0xe1, 0x8c, 0xef, 0xec, 0x82, 0x0, 0xfe,
    0x8e, 0x73, 0x10, 0x13, 0x7d, 0x90, 0xf, 0xad,
    0xc0, 0x3f, 0x9b, 0x44, 0x3, 0x4a, 0x0, 0x7f,
    0xc5, 0x40, 0x11, 0xb0, 0x7, 0xff, 0x5, 0x14,
    0x1, 0x20, 0x1f, 0xfc, 0x38, 0x0, 0x28, 0x7,
    0xff, 0xc, 0x84, 0x80, 0x3f, 0xf8, 0xaa, 0x20,
    0x1f, 0xfc, 0x52, 0x0, 0xff, 0xe3, 0x88, 0x7,
    0xff, 0x14, 0x88, 0x20, 0x1f, 0xfc, 0x45, 0x4,
    0x0, 0xff, 0xe1, 0x98, 0x84, 0x0, 0x7f, 0xf0,
    0xe0, 0x0, 0x4e, 0x1, 0xff, 0xc1, 0x54, 0x0,
    0xa1, 0x40, 0x3f, 0xe4, 0xa0, 0xe, 0xa8, 0x0,
    0xfe, 0x7b, 0x0, 0xf9, 0xfa, 0xc, 0x40, 0x4d,
    0xf6, 0x0, 0x3f, 0x85, 0xf3, 0xbf, 0xb2, 0x8,
    0x3, 0xff, 0xfe, 0x1, 0xff, 0xff, 0x0, 0xff,
    0xff, 0x80, 0x7f, 0xff, 0xc0, 0x3f, 0xfd, 0x3,
    0x19, 0xdf, 0xd9, 0x4, 0x1, 0xfd, 0x1c, 0xe6,
    0x20, 0x26, 0xfb, 0x20, 0x1f, 0x5b, 0x80, 0x7f,
    0x36, 0x88, 0x6, 0x94, 0x0, 0xff, 0x8a, 0x80,
    0x23, 0x60, 0xf, 0xfe, 0xa, 0x28, 0x2, 0x40,
    0x3f, 0xf8, 0x70, 0x0, 0x50, 0xf, 0xfe, 0x19,
    0x9, 0x0, 0x7f, 0xf1, 0x54, 0x40, 0x3f, 0xf8,
    0xa4, 0x1, 0xff, 0xc7, 0x10, 0xf, 0xfe, 0x29,
    0x10, 0x40, 0x3f, 0xf8, 0x8a, 0x8, 0x1, 0xff,
    0xc3, 0x31, 0x8, 0x0, 0xff, 0xe1, 0xc0, 0x0,
    0x9c, 0x3, 0xff, 0x82, 0xa8, 0x1, 0x42, 0x80,
    0x7f, 0xc9, 0x40, 0x1d, 0x50, 0x1, 0xfc, 0xf6,
    0x1, 0xf3, 0xf4, 0x18, 0x80, 0x9b, 0xec, 0x0,
    0x60,

    /* U+0041 "A" */
    0x0, 0xff, 0xe2, 0xcf, 0xff, 0xff, 0x12, 0x80,
    0x3f, 0xfa, 0xcc, 0x1, 0xff, 0xc4, 0x51, 0x0,
    0xff, 0xea, 0x18, 0x7, 0xff, 0x19, 0x0, 0x3f,
    0xfa, 0x88, 0x1, 0xff, 0xc6, 0xd0, 0xf, 0xfe,
    0xa6, 0x80, 0x7f, 0xf1, 0x90, 0x3, 0xff, 0xa8,
    0x80, 0x1f, 0xfc, 0x63, 0x0, 0xff, 0xe9, 0x88,
    0x80, 0x3f, 0xf8, 0xe6, 0x1, 0xff, 0xd2, 0x40,
    0xf, 0xfe, 0x42, 0x80, 0x7f, 0xf4, 0xb4, 0x3,
    0xff, 0x91, 0xe0, 0x1f, 0xfd, 0x24, 0x0, 0xff,
    0xe4, 0x20, 0x7, 0xff, 0x48, 0xc0, 0x3f, 0xf9,
    0x4, 0x1, 0xff, 0xd1, 0x20, 0xf, 0xfe, 0x52,
    0x0, 0x7f, 0xf4, 0x10, 0x3, 0xff, 0x94, 0x60,
    0x1f, 0xfd, 0xf, 0x0, 0xff, 0xe5, 0x60, 0x7,
    0xff, 0x41, 0x0, 0x3f, 0xf9, 0x4a, 0x1, 0xff,
    0xd0, 0x20, 0xf, 0xfe, 0x50, 0x88, 0x3, 0xff,
    0x9c, 0x80, 0x1f, 0xfc, 0xc4, 0x0, 0xff, 0xe7,
    0x18, 0x7, 0xff, 0x33, 0x40, 0x3f, 0xf9, 0xd8,
    0x1, 0xff, 0xcc, 0x40, 0xf, 0xfe, 0x72, 0x80,
    0x7f, 0xf3, 0xc, 0x3, 0xff, 0x9a, 0x42, 0x1,
    0xff, 0xcd, 0x30, 0xf, 0xfe, 0x63, 0x80, 0x7f,
    0xf3, 0x94, 0x3, 0xff, 0x99, 0xa0, 0x1f, 0xfc,
    0x1, 0x0, 0xff, 0xe0, 0xf8, 0x7, 0xff, 0x31,
    0x0, 0x3f, 0xf8, 0x1a, 0x1, 0xff, 0xc1, 0x40,
    0xf, 0xfe, 0x61, 0x80, 0x7f, 0xf0, 0x8, 0xc0,
    0x3f, 0xf8, 0x4, 0x1, 0xff, 0xcb, 0x30, 0xf,
    0xfe, 0x0, 0x89, 0x40, 0x3f, 0xf8, 0x28, 0x1,
    0xff, 0xca, 0x50, 0xf, 0xfe, 0x2, 0x87, 0x80,
    0x7f, 0xf0, 0x4c, 0x3, 0xff, 0x95, 0x80, 0x1f,
    0xfc, 0x2, 0x5, 0x0, 0xff, 0xe0, 0xe0, 0x7,
    0xff, 0x29, 0xc0, 0x3f, 0xf8, 0x1e, 0x4, 0x1,
    0xff, 0xc1, 0x50, 0xf, 0xfe, 0x48, 0x90, 0x7,
    0xff, 0x1, 0x40, 0x44, 0x1, 0xff, 0xc0, 0x11,
    0x0, 0x7f, 0xf2, 0x14, 0x3, 0xff, 0x82, 0x40,
    0x5, 0x0, 0xff, 0xe0, 0xa0, 0x7, 0xff, 0x23,
    0x0, 0x3f, 0xf8, 0x2, 0x20, 0x1, 0x80, 0x7f,
    0xf0, 0x74, 0x3, 0xff, 0x90, 0x60, 0x1f, 0xfc,
    0x5, 0x0, 0xb8, 0x3, 0xff, 0x82, 0x80, 0x1f,
    0xfc, 0x85, 0x0, 0xff, 0xe0, 0x10, 0x4, 0xa0,
    0x1f, 0xfc, 0x13, 0x0, 0xff, 0xe3, 0x90, 0x80,
    0x7f, 0xf0, 0x3c, 0x2, 0x30, 0xf, 0xfe, 0x11,
    0x80, 0x7f, 0xf1, 0x9c, 0x3, 0xff, 0x82, 0x40,
    0x18, 0x80, 0x3f, 0xf8, 0x2a, 0x1, 0xff, 0xc6,
    0xc0, 0xf, 0xfe, 0xa, 0x80, 0x66, 0x0, 0xff,
    0xe0, 0xf8, 0x7, 0xff, 0x19, 0x40, 0x3f, 0xf8,
    0x2, 0x20, 0xc, 0x60, 0x1f, 0xfc, 0x14, 0x0,
    0xff, 0xe3, 0x18, 0x7, 0xff, 0x0, 0x80, 0x3b,
    0x40, 0x3f, 0xf8, 0x24, 0x1, 0xff, 0xc5, 0x30,
    0xf, 0xfe, 0xa, 0x80, 0x73, 0x80, 0x7f, 0xf0,
    0x90, 0x3, 0xff, 0x88, 0x80, 0x1f, 0xfc, 0x1f,
    0x0, 0xe2, 0x0, 0xff, 0xe1, 0x18, 0x7, 0xff,
    0x13, 0x40, 0x3f, 0xf8, 0x24, 0x1, 0xe2, 0x0,
    0xff, 0xe0, 0xe0, 0x7, 0xff, 0x11, 0x0, 0x3f,
    0xf8, 0x2a, 0x1, 0xe7, 0x0, 0xff, 0xe0, 0xa8,
    0x7, 0xff, 0xc, 0x44, 0x1, 0xff, 0xc0, 0x11,
    0x0, 0x7b, 0x40, 0x3f, 0xf8, 0x22, 0x20, 0xf,
    0xfe, 0x12, 0x80, 0x7f, 0xf0, 0x48, 0x3, 0xe3,
    0x0, 0xff, 0xe1, 0x20, 0x7, 0xff, 0xb, 0x0,
    0x3f, 0xf8, 0x2a, 0x1, 0xf3, 0x0, 0x7f, 0xf0,
    0xb4, 0x3, 0xff, 0x84, 0x60, 0x1f, 0xfc, 0x1f,
    0x0, 0xf8, 0x80, 0x3f, 0xf8, 0x48, 0x1, 0xff,
    0xc2, 0x40, 0xf, 0xfe, 0x9, 0x0, 0x7e, 0x30,
    0xf, 0xfe, 0x9, 0x80, 0x7f, 0xf0, 0x48, 0x3,
    0xff, 0x84, 0xa0, 0x1f, 0x94, 0x3, 0xff, 0x84,
    0x60, 0x1f, 0xfc, 0x4, 0x0, 0xff, 0xe0, 0x88,
    0x80, 0x3f, 0x78, 0x7, 0xff, 0x9, 0x40, 0x3f,
    0xf8, 0x1e, 0x1, 0xff, 0xc1, 0x20, 0xf, 0xe2,
    0x0, 0xff, 0xe1, 0x78, 0x7, 0xff, 0x1, 0x0,
    0x3f, 0xf8, 0x2a, 0x1, 0xfc, 0xa0, 0x1f, 0xfc,
    0x24, 0x0, 0xff, 0xe0, 0x10, 0x7, 0xff, 0x7,
    0xc0, 0x3f, 0x84, 0x40, 0x1f, 0xfc, 0x12, 0x0,
    0xff, 0x90, 0x3, 0xff, 0x84, 0x60, 0x1f, 0xe2,
    0x0, 0xff, 0xe1, 0x20, 0x7, 0xf8, 0xc0, 0x3f,
    0xf8, 0x55, 0xff, 0xfe, 0x30, 0xf, 0xfe, 0x11,
    0x80, 0x7f, 0xb4, 0x3, 0xff, 0xb9, 0x80, 0x1f,
    0xe4, 0x0, 0xff, 0xee, 0x28, 0x7, 0xf0, 0x88,
    0x3, 0xff, 0xb8, 0x24, 0x1, 0xf9, 0x0, 0x3f,
    0xfb, 0xce, 0x1, 0xfb, 0x40, 0x3f, 0xfb, 0xda,
    0x1, 0xf9, 0x0, 0x3f, 0xfb, 0xc8, 0x1, 0xf8,
    0xc0, 0x3f, 0xfb, 0xc6, 0x1, 0xf1, 0x80, 0x7f,
    0xf8, 0xc, 0x3, 0xca, 0x1, 0xff, 0xe0, 0x50,
    0xf, 0x60, 0x7, 0xff, 0x83, 0x0, 0x3c, 0xe0,
    0x1f, 0xfe, 0x7, 0x0, 0xe1, 0x20, 0xf, 0xfe,
    0x16, 0xff, 0xff, 0xf0, 0xa0, 0x3, 0xff, 0x84,
    0x40, 0x1c, 0xa0, 0x1f, 0xfc, 0x21, 0x20, 0xf,
    0xfe, 0x12, 0x0, 0x7f, 0xf0, 0xd0, 0x3, 0x18,
    0x7, 0xff, 0x9, 0x40, 0x3f, 0xf8, 0x64, 0x1,
    0xff, 0xc3, 0x30, 0xd, 0x80, 0x1f, 0xfc, 0x22,
    0x0, 0xff, 0xe1, 0x88, 0x80, 0x3f, 0xf8, 0x58,
    0x1, 0x94, 0x3, 0xff, 0x85, 0xe0, 0x1f, 0xfc,
    0x42, 0x0, 0xff, 0xe1, 0x28, 0x4, 0x42, 0x1,
    0xff, 0xc2, 0x20, 0xf, 0xfe, 0x22, 0x80, 0x7f,
    0xf0, 0x84, 0x80, 0xe, 0x1, 0xff, 0xc3, 0x50,
    0xf, 0xfe, 0x27, 0x0, 0x7f, 0xf0, 0xdc, 0x1,
    0x80, 0x1f, 0xfc, 0x21, 0x10, 0x7, 0xff, 0x10,
    0xc0, 0x3f, 0xf8, 0x7a, 0x0, 0x50, 0xf, 0xfe,
    0x11, 0x0, 0x7f, 0xf1, 0x54, 0x3, 0xff, 0x86,
    0x80, 0x3, 0x0, 0xff, 0xe1, 0x28, 0x7, 0xff,
    0x14, 0x40, 0x3f, 0xf8, 0x66, 0x6, 0x1, 0xff,
    0xc3, 0xe0, 0xf, 0xfe, 0x31, 0x80, 0x7f, 0xf0,
    0xcd, 0x40, 0x3f, 0xf8, 0x66, 0x1, 0xff, 0xc6,
    0x60, 0xf, 0xfe, 0x1a, 0x90, 0x7, 0xff, 0x8,
    0x90, 0x3, 0xff, 0x8d, 0xc2, 0x1, 0xff, 0xc2,
    0x30,

    /* U+0042 "B" */
    0xa, 0xff, 0xff, 0xe4, 0xf6, 0xdc, 0xba, 0x0,
    0x7f, 0xf1, 0x94, 0x3, 0xff, 0x92, 0x24, 0x8d,
    0x17, 0xf8, 0xe2, 0x1, 0xff, 0xc1, 0x10, 0xf,
    0xfe, 0x89, 0xc7, 0x51, 0x80, 0x7f, 0xf8, 0x17,
    0x28, 0x40, 0x3f, 0xfc, 0xb, 0xca, 0x1, 0xff,
    0xe1, 0xa9, 0x0, 0xff, 0xf0, 0xb5, 0x0, 0x7f,
    0xf8, 0x56, 0x0, 0x3f, 0xfc, 0x2e, 0x80, 0x1f,
    0xfe, 0x1a, 0x0, 0xff, 0xf0, 0x8b, 0x80, 0x7f,
    0xf8, 0x64, 0x3, 0xff, 0xc2, 0x2c, 0x1, 0xff,
    0xc7, 0x55, 0xe3, 0x10, 0xf, 0xfe, 0x3e, 0x80,
    0x7f, 0xf1, 0x92, 0xab, 0xb3, 0xb1, 0x40, 0x3f,
    0xf8, 0xa8, 0x1, 0xff, 0xce, 0x3a, 0xa0, 0x7,
    0xff, 0x14, 0xc0, 0x3f, 0xf9, 0xeb, 0x20, 0x1f,
    0xfc, 0x45, 0x0, 0xff, 0xe8, 0x31, 0x80, 0x7f,
    0xf0, 0xf8, 0x3, 0xff, 0xa3, 0x20, 0x1f, 0xfc,
    0x32, 0x0, 0xff, 0xe8, 0xa8, 0x7, 0xff, 0xd,
    0x80, 0x3f, 0xfa, 0x44, 0x1, 0xff, 0xe1, 0x60,
    0xf, 0xfe, 0x10, 0x80, 0x7f, 0xf4, 0x84, 0x3,
    0xff, 0x84, 0x20, 0x1f, 0xfe, 0x17, 0x0, 0xff,
    0xe9, 0x8, 0x7, 0xff, 0x8, 0x40, 0x3f, 0xfa,
    0x4c, 0x1, 0xff, 0xc2, 0x20, 0xf, 0xfe, 0x88,
    0x90, 0x7, 0xff, 0xb, 0x40, 0x3f, 0xfa, 0x2c,
    0x1, 0xff, 0xc3, 0x40, 0xf, 0xfe, 0x8c, 0x80,
    0x7f, 0xf0, 0x88, 0x40, 0x3f, 0xfa, 0x14, 0x20,
    0x1f, 0xfc, 0x25, 0x0, 0xff, 0xe7, 0x8d, 0x28,
    0x7, 0xff, 0xe, 0x80, 0x3f, 0xf8, 0xce, 0x1,
    0xc2, 0x91, 0xca, 0x1, 0xff, 0xc3, 0x52, 0x0,
    0xff, 0xe3, 0x1f, 0xff, 0x75, 0xb8, 0x7, 0xff,
    0x16, 0x0, 0x3f, 0xfc, 0x10, 0x40, 0x1f, 0xfd,
    0xf5, 0x70, 0xf, 0xfe, 0xfa, 0x50, 0x7, 0xff,
    0x7d, 0x6c, 0x3, 0xff, 0xbf, 0x34, 0x1, 0xff,
    0xff, 0x0, 0xff, 0xe1, 0xcc, 0x80, 0x3f, 0xfc,
    0x2d, 0x40, 0x1f, 0xfe, 0x15, 0xa0, 0xf, 0xff,
    0xa, 0xb8, 0x7, 0xff, 0x86, 0xc, 0x3, 0xff,
    0x8e, 0x7f, 0xfe, 0xda, 0x30, 0xf, 0xfe, 0x27,
    0x80, 0x7f, 0xf1, 0xdc, 0x3, 0xc4, 0xb9, 0x20,
    0x1f, 0xfc, 0x33, 0x50, 0xf, 0xfe, 0x83, 0x48,
    0x7, 0xff, 0xe, 0x0, 0x3f, 0xfa, 0x2c, 0xa0,
    0x1f, 0xfc, 0x22, 0x40, 0xf, 0xfe, 0x8d, 0x80,
    0x7f, 0xf0, 0xf8, 0x3, 0xff, 0xa2, 0x28, 0x1,
    0xff, 0xc2, 0x40, 0xf, 0xfe, 0x96, 0x80, 0x7f,
    0xf0, 0x84, 0xc0, 0x3f, 0xfa, 0x28, 0x1, 0xff,
    0xc3, 0x50, 0xf, 0xfe, 0x89, 0x0, 0x7f, 0xf0,
    0xfc, 0x3, 0xff, 0xa4, 0x20, 0x1f, 0xfc, 0x22,
    0x0, 0xff, 0xe9, 0x18, 0x7, 0xff, 0x9, 0x80,
    0x3f, 0xfa, 0x46, 0x1, 0xff, 0xc2, 0x30, 0xf,
    0xff, 0xf8, 0x8, 0x7, 0xff, 0x80, 0xc0, 0x3f,
    0xfc, 0x28, 0x1, 0xff, 0xc3, 0x30, 0xf, 0xfe,
    0x8d, 0x80, 0x7f, 0xf0, 0xd8, 0x3, 0xff, 0xa0,
    0x86, 0x1, 0xff, 0xc3, 0x10, 0xf, 0xfe, 0x84,
    0x80, 0x7f, 0xf1, 0x34, 0x3, 0xff, 0x9f, 0x84,
    0x1, 0xff, 0xc4, 0x40, 0xf, 0xfe, 0x6a, 0xf1,
    0x80, 0x7f, 0xf1, 0x4c, 0x3, 0xff, 0x88, 0x95,
    0x5e, 0xcf, 0xa1, 0x0, 0xff, 0xe2, 0xa8, 0x7,
    0xff, 0x19, 0x57, 0xc6, 0x1, 0xff, 0xc8, 0xf0,
    0xf, 0xff, 0x0, 0xa8, 0x7, 0xff, 0x82, 0x0,
    0x3f, 0xfc, 0x4, 0xc0, 0x1f, 0xfe, 0xe, 0x0,
    0xff, 0xf0, 0x49, 0x80, 0x7f, 0xf7, 0xe1, 0x80,
    0x3f, 0xfb, 0xf0, 0xe0, 0x1f, 0xfd, 0xe1, 0xb7,
    0x0, 0xff, 0xef, 0x2f, 0xa0, 0x7, 0xff, 0x74,
    0xf2, 0x84, 0x3, 0xff, 0xb6, 0x4d, 0xb8, 0x60,
    0x1f, 0xe1, 0x50, 0xf, 0xfe, 0x58, 0x92, 0x34,
    0xee, 0xa4, 0x80, 0x3f, 0xf8, 0x0,

    /* U+0043 "C" */
    0x0, 0xff, 0xe2, 0x1b, 0xd6, 0x77, 0xfe, 0xec,
    0xa8, 0x41, 0x0, 0xff, 0xe8, 0x25, 0x7e, 0x42,
    0x98, 0x80, 0x61, 0x35, 0x7b, 0xeb, 0x60, 0xf,
    0xfe, 0x62, 0xed, 0xa8, 0x7, 0xff, 0x11, 0x27,
    0xa0, 0x3, 0xff, 0x90, 0x59, 0x44, 0x1, 0xff,
    0xc8, 0x17, 0xe5, 0x0, 0xff, 0xe2, 0xb6, 0x98,
    0x7, 0xff, 0x30, 0x6a, 0x40, 0x3f, 0xf8, 0x71,
    0x20, 0x1f, 0xfd, 0x6, 0xc1, 0x0, 0xff, 0xe0,
    0x43, 0x80, 0x7f, 0xf4, 0x8f, 0x40, 0x3f, 0xe7,
    0x70, 0x7, 0xff, 0x50, 0xec, 0x3, 0xf8, 0xe0,
    0x3, 0xff, 0xac, 0x90, 0x1, 0xfb, 0x80, 0x3f,
    0xfb, 0xe, 0x60, 0x1e, 0x72, 0x0, 0xff, 0xec,
    0xf8, 0x7, 0xa0, 0x3, 0xff, 0xb4, 0x68, 0x1,
    0x9c, 0x3, 0xff, 0xb9, 0xe0, 0x1a, 0x80, 0x3f,
    0xf8, 0xc4, 0x88, 0x30, 0xf, 0xfe, 0x32, 0x10,
    0x0, 0x88, 0x1, 0xff, 0xc4, 0x4d, 0xd5, 0xdb,
    0x39, 0xc0, 0x3f, 0xf8, 0xaa, 0x0, 0x40, 0xf,
    0xfe, 0x23, 0x59, 0x0, 0x61, 0x8b, 0x0, 0xff,
    0xe2, 0x60, 0x3, 0x0, 0x3f, 0xf8, 0x67, 0x20,
    0x1f, 0x92, 0x0, 0x3f, 0xf8, 0x6a, 0x0, 0x70,
    0xf, 0xfe, 0x1c, 0x0, 0x7f, 0x9c, 0x40, 0x3f,
    0xf8, 0x42, 0x40, 0x40, 0x1f, 0xfc, 0x21, 0x40,
    0xf, 0xf9, 0xc0, 0x3f, 0xf8, 0x6c, 0x20, 0x1f,
    0xfc, 0x35, 0x0, 0xff, 0xe0, 0x78, 0x7, 0xff,
    0xc, 0x8c, 0x3, 0xff, 0x86, 0x20, 0x1f, 0xfc,
    0x3, 0x0, 0xff, 0xea, 0x18, 0x7, 0xff, 0x0,
    0x40, 0x3f, 0xf8, 0x62, 0x20, 0xf, 0xff, 0xf8,
    0x7, 0xff, 0x85, 0x48, 0x3, 0xff, 0x82, 0x4c,
    0x1, 0xff, 0xd1, 0x1d, 0xff, 0xff, 0xe0, 0xe8,
    0x80, 0x7f, 0xff, 0xc0, 0x3f, 0xff, 0xe0, 0x1f,
    0xff, 0xf0, 0xf, 0xff, 0xf8, 0x7, 0xff, 0xfc,
    0x3, 0xff, 0xfe, 0x1, 0xff, 0xff, 0x0, 0xff,
    0xff, 0x80, 0x7f, 0xff, 0xc0, 0x3f, 0xff, 0xe0,
    0x1f, 0xff, 0xf0, 0xf, 0xff, 0xf8, 0x7, 0xff,
    0xfc, 0x3, 0xff, 0xfe, 0x1, 0xff, 0xff, 0x0,
    0xff, 0xff, 0x80, 0x7f, 0xff, 0xc0, 0x3f, 0xff,
    0xe0, 0x1f, 0xfe, 0xf1, 0xef, 0xff, 0xfe, 0xf,
    0x18, 0x7, 0xff, 0x45, 0x44, 0x3, 0xff, 0x82,
    0x28, 0x20, 0x1f, 0xff, 0xf0, 0xf, 0xfe, 0x21,
    0x80, 0x7f, 0xf4, 0x4, 0x3, 0xff, 0x86, 0x22,
    0x0, 0xff, 0xe1, 0x90, 0x7, 0xff, 0x0, 0xc0,
    0x3f, 0xf8, 0x66, 0x1, 0xff, 0xc4, 0x50, 0xf,
    0xfe, 0x7, 0x80, 0x7f, 0xf0, 0xd8, 0xc, 0x3,
    0xff, 0x84, 0x26, 0x1, 0xff, 0x38, 0x7, 0xff,
    0xc, 0x81, 0x40, 0x3f, 0xf8, 0x7e, 0x1, 0xfe,
    0x71, 0x0, 0xff, 0xe1, 0x10, 0x87, 0x80, 0x7f,
    0xf0, 0xce, 0x40, 0x3f, 0x24, 0x0, 0x7f, 0xf0,
    0xdc, 0x0, 0xe0, 0x1f, 0xfc, 0x46, 0xb2, 0x0,
    0xc3, 0x16, 0x1, 0xff, 0xc4, 0xf0, 0x0, 0x98,
    0x7, 0xff, 0x11, 0x37, 0x57, 0x6c, 0xe7, 0x0,
    0xff, 0xe2, 0xa8, 0x5, 0x40, 0x1f, 0xfc, 0x62,
    0x44, 0x18, 0x7, 0xff, 0x19, 0x80, 0x33, 0x8,
    0x7, 0xff, 0x6e, 0xc0, 0x3a, 0x0, 0x3f, 0xfb,
    0x4a, 0x40, 0x1c, 0xc4, 0x1, 0xff, 0xd9, 0xb0,
    0xf, 0xb8, 0x3, 0xff, 0xb1, 0x42, 0x1, 0xf1,
    0xc8, 0x7, 0xff, 0x59, 0x94, 0x3, 0xf9, 0x9c,
    0x3, 0xff, 0xa8, 0xb2, 0x1, 0xff, 0x44, 0x0,
    0x3f, 0xfa, 0x4b, 0x40, 0x1f, 0xfc, 0x17, 0xa0,
    0xf, 0xfe, 0x84, 0x50, 0x7, 0xff, 0xd, 0x74,
    0xc0, 0x3f, 0xf9, 0x85, 0x8e, 0x1, 0xff, 0xc5,
    0x2c, 0xa2, 0x0, 0xff, 0xe4, 0xc, 0xe9, 0x80,
    0x7f, 0xf2, 0x17, 0x6d, 0x40, 0x3f, 0xf8, 0x89,
    0x5c, 0xc0, 0x1f, 0xfc, 0xc4, 0xaf, 0xc8, 0x53,
    0x10, 0xc, 0x26, 0xb1, 0x7f, 0x6a, 0x1, 0xff,
    0xc1,

    /* U+0044 "D" */
    0xa, 0xff, 0xff, 0xe5, 0x76, 0xdc, 0xb1, 0x0,
    0x7f, 0xf1, 0x54, 0x3, 0xff, 0x94, 0x24, 0x8d,
    0x3b, 0xd2, 0x40, 0x1f, 0xfc, 0x11, 0x0, 0xff,
    0xe8, 0x8b, 0x6d, 0x98, 0x7, 0xff, 0x81, 0x32,
    0x84, 0x3, 0xff, 0xc0, 0xbe, 0x60, 0x1f, 0xfe,
    0x1, 0xc5, 0x0, 0xff, 0xf0, 0xd2, 0x80, 0x7f,
    0xf8, 0x69, 0x0, 0x3f, 0xfc, 0x34, 0x20, 0x1f,
    0xfe, 0x1, 0xa0, 0xf, 0xff, 0xa, 0x28, 0x7,
    0xff, 0x86, 0x0, 0x3f, 0xfc, 0x24, 0xa0, 0x1f,
    0xfc, 0x75, 0x5e, 0x43, 0x0, 0xff, 0xe3, 0xf0,
    0x7, 0xff, 0x19, 0x2a, 0xba, 0xf3, 0x9c, 0x3,
    0xff, 0x8a, 0x80, 0x1f, 0xfc, 0xe1, 0x8b, 0x0,
    0xff, 0xe2, 0xa0, 0x7, 0xff, 0x3d, 0x24, 0x3,
    0xff, 0x89, 0x80, 0x1f, 0xfd, 0x6, 0x20, 0xf,
    0xfe, 0x19, 0x80, 0x7f, 0xf4, 0x68, 0x3, 0xff,
    0x86, 0xc0, 0x1f, 0xfd, 0x15, 0x0, 0xff, 0xe1,
    0x90, 0x7, 0xff, 0x44, 0x84, 0x3, 0xff, 0xc2,
    0x60, 0x1f, 0xfe, 0x11, 0x0, 0xff, 0xe1, 0x88,
    0x7, 0xff, 0x45, 0xc0, 0x3f, 0xff, 0xe0, 0x1f,
    0xff, 0xf0, 0xf, 0xff, 0xf8, 0x7, 0xff, 0xfc,
    0x3, 0xff, 0xfe, 0x1, 0xff, 0xff, 0x0, 0xff,
    0xff, 0x80, 0x7f, 0xff, 0xc0, 0x3f, 0xff, 0xe0,
    0x1f, 0xff, 0xf0, 0xf, 0xff, 0xf8, 0x7, 0xff,
    0xfc, 0x3, 0xff, 0xfe, 0x1, 0xff, 0xff, 0x0,
    0xff, 0xff, 0x80, 0x7f, 0xff, 0xc0, 0x3f, 0xff,
    0xe0, 0x1f, 0xff, 0xf0, 0xf, 0xff, 0xf8, 0x7,
    0xff, 0xfc, 0x3, 0xff, 0x8a, 0xe0, 0x1f, 0xfe,
    0x11, 0x0, 0xff, 0xe1, 0x88, 0x7, 0xff, 0x44,
    0x80, 0x3f, 0xfc, 0x6, 0x1, 0xff, 0xe1, 0xb0,
    0xf, 0xfe, 0x19, 0x0, 0x7f, 0xf4, 0x58, 0x3,
    0xff, 0x86, 0xc0, 0x1f, 0xfd, 0x8, 0x10, 0xf,
    0xfe, 0x19, 0x80, 0x7f, 0xf3, 0xd5, 0xc0, 0x3f,
    0xf8, 0x98, 0x1, 0xff, 0xcd, 0x19, 0xa0, 0xf,
    0xfe, 0x2a, 0x0, 0x7f, 0xf1, 0x52, 0xab, 0xd9,
    0xcc, 0x1, 0xff, 0xc5, 0x40, 0xf, 0xfe, 0x3a,
    0xaf, 0x8c, 0x3, 0xff, 0x8f, 0xc0, 0x1f, 0xfe,
    0x2, 0x50, 0xf, 0xff, 0x4, 0x0, 0x7f, 0xf8,
    0x11, 0x40, 0x3f, 0xfb, 0xe3, 0x40, 0x1f, 0xfe,
    0xa, 0x10, 0xf, 0xfe, 0xfd, 0x20, 0x7, 0xff,
    0x7e, 0x94, 0x3, 0xff, 0xbc, 0x36, 0xa0, 0x1f,
    0xfd, 0xe5, 0xf4, 0x0, 0xff, 0xee, 0xa6, 0x50,
    0x80, 0x7f, 0xf6, 0xc5, 0xb6, 0xcc, 0x3, 0xfe,
    0x15, 0x0, 0xff, 0xe5, 0x9, 0x23, 0x4e, 0xf4,
    0x90, 0x7, 0xff, 0x4,

    /* U+0045 "E" */
    0xa, 0xff, 0xff, 0xed, 0xd0, 0x1, 0x40, 0x3f,
    0xfb, 0x6a, 0x2, 0x1, 0xff, 0xff, 0x0, 0xff,
    0xff, 0x80, 0x7f, 0xff, 0xc0, 0x3f, 0xff, 0xe0,
    0x1f, 0xff, 0xf0, 0xf, 0xff, 0xf8, 0x7, 0xff,
    0x6d, 0x57, 0xff, 0x99, 0x40, 0x1f, 0xfc, 0x54,
    0xaa, 0xff, 0xe6, 0x28, 0x7, 0xff, 0xfc, 0x3,
    0xff, 0xfe, 0x1, 0xff, 0xff, 0x0, 0xff, 0xff,
    0x80, 0x7f, 0xff, 0xc0, 0x3f, 0xff, 0xe0, 0x1f,
    0xff, 0xf0, 0xf, 0xff, 0xf8, 0x7, 0xff, 0xfc,
    0x3, 0xff, 0xfa, 0x95, 0x5f, 0xfc, 0x25, 0x0,
    0xff, 0xe8, 0x2a, 0xff, 0xf0, 0xa8, 0x3, 0xff,
    0xbe, 0x20, 0x1f, 0xff, 0xf0, 0xf, 0xff, 0xf8,
    0x7, 0xff, 0xfc, 0x3, 0xff, 0xfe, 0x1, 0xff,
    0xff, 0x0, 0xff, 0xf5, 0x8, 0x7, 0xff, 0x75,
    0x40, 0x3f, 0xf9, 0xe7, 0xff, 0xff, 0xc2, 0xa0,
    0xf, 0xfe, 0x7b, 0x80, 0x7f, 0xff, 0xc0, 0x3f,
    0xff, 0xe0, 0x1f, 0xff, 0xf0, 0xf, 0xff, 0xf8,
    0x7, 0xff, 0xfc, 0x3, 0xff, 0xfe, 0x1, 0xff,
    0xff, 0x0, 0xff, 0xff, 0x80, 0x7f, 0xff, 0xc0,
    0x3f, 0xff, 0xe0, 0x1f, 0xfc, 0xb4, 0xaa, 0xff,
    0xe6, 0x28, 0x7, 0xff, 0x19, 0x57, 0xff, 0x99,
    0x40, 0x1f, 0xff, 0xf0, 0xf, 0xff, 0xf8, 0x7,
    0xff, 0xfc, 0x3, 0xff, 0xfe, 0x1, 0xff, 0xff,
    0x0, 0xff, 0xff, 0x80, 0x7f, 0xf3, 0x5, 0x40,
    0x3f, 0xfb, 0x6a, 0x0,

    /* U+0046 "F" */
    0xa, 0xff, 0xff, 0xed, 0xc0, 0x28, 0x7, 0xff,
    0x6d, 0x84, 0x3, 0xff, 0xfe, 0x1, 0xff, 0xff,
    0x0, 0xff, 0xff, 0x80, 0x7f, 0xff, 0xc0, 0x3f,
    0xff, 0xe0, 0x1f, 0xff, 0xf0, 0xf, 0xf1, 0x80,
    0x7f, 0xf1, 0x55, 0x7f, 0xf9, 0x92, 0x1, 0xff,
    0xc4, 0x4a, 0xaf, 0xfe, 0x62, 0x0, 0x7f, 0xff,
    0xc0, 0x3f, 0xff, 0xe0, 0x1f, 0xff, 0xf0, 0xf,
    0xff, 0xf8, 0x7, 0xff, 0xfc, 0x3, 0xff, 0xfe,
    0x1, 0xff, 0xff, 0x0, 0xff, 0xff, 0x80, 0x7f,
    0xff, 0xc0, 0x3f, 0xfd, 0x69, 0x55, 0xff, 0xc2,
    0x40, 0xf, 0xfe, 0x7a, 0xaf, 0xff, 0xa, 0x80,
    0x3f, 0xfb, 0xa2, 0x1, 0xff, 0xff, 0x0, 0xff,
    0xff, 0x80, 0x7f, 0xff, 0xc0, 0x3f, 0xff, 0xe0,
    0x1f, 0xff, 0xf0, 0xf, 0xff, 0xf8, 0x7, 0xfc,
    0xc0, 0x1f, 0xfc, 0xe3, 0xff, 0xff, 0xe1, 0x48,
    0x7, 0xff, 0x39, 0xc0, 0x3f, 0xff, 0xe0, 0x1f,
    0xff, 0xf0, 0xf, 0xff, 0xf8, 0x7, 0xff, 0xfc,
    0x3, 0xff, 0xfe, 0x1, 0xff, 0xff, 0x0, 0xff,
    0xff, 0x80, 0x7f, 0xff, 0xc0, 0x3f, 0xff, 0xe0,
    0x1f, 0xff, 0xf0, 0xf, 0xff, 0xf8, 0x7, 0xff,
    0xfc, 0x3, 0xff, 0xfe, 0x1, 0xff, 0xff, 0x0,
    0xff, 0xff, 0x80, 0x7f, 0xff, 0xc0, 0x3f, 0xff,
    0xe0, 0x1f, 0xe1, 0x50, 0xf, 0xfe, 0x17, 0x0,
    0x7f, 0xf3, 0x40,

    /* U+0047 "G" */
    0x0, 0xff, 0xe2, 0x23, 0xd6, 0x77, 0xfe, 0xec,
    0xa8, 0x41, 0x0, 0xff, 0xe8, 0x2d, 0xfd, 0xc2,
    0x98, 0x80, 0x61, 0x35, 0x7b, 0xeb, 0x60, 0xf,
    0xfe, 0x63, 0x75, 0x20, 0x7, 0xff, 0x11, 0x27,
    0xe0, 0x3, 0xff, 0x90, 0x7b, 0x22, 0x1, 0xff,
    0xc9, 0x7e, 0x50, 0xf, 0xfe, 0x2c, 0x61, 0x0,
    0x7f, 0xf3, 0x6, 0xa8, 0x1, 0xff, 0xc3, 0xa7,
    0x0, 0xff, 0xe8, 0x2e, 0x8, 0x7, 0xff, 0x2,
    0xd4, 0x3, 0xff, 0xa4, 0x78, 0x20, 0x1f, 0xea,
    0x40, 0xf, 0xfe, 0xa1, 0x60, 0x7, 0xf3, 0x28,
    0x7, 0xff, 0x58, 0xa8, 0x3, 0xe1, 0x90, 0xf,
    0xfe, 0xc2, 0xa8, 0x3, 0xd6, 0x1, 0xff, 0xda,
    0xb0, 0xe, 0x25, 0x0, 0xff, 0xed, 0xb, 0x0,
    0x6b, 0x0, 0xff, 0xee, 0x40, 0x6, 0x70, 0xf,
    0xfe, 0x31, 0x22, 0xc, 0x3, 0xff, 0x8c, 0x26,
    0x0, 0x41, 0x0, 0xff, 0xe2, 0x1e, 0x6d, 0xdb,
    0x39, 0x80, 0x3f, 0xf8, 0xb4, 0x0, 0xc0, 0xf,
    0xfe, 0x22, 0xe1, 0x80, 0x61, 0x9a, 0x0, 0xff,
    0xe2, 0x20, 0x0, 0xc0, 0x3f, 0xf8, 0x65, 0x40,
    0x1f, 0x95, 0xc0, 0x3f, 0xf8, 0x64, 0x0, 0x50,
    0xf, 0xfe, 0x1c, 0x0, 0x7f, 0xa4, 0x3, 0xff,
    0x88, 0x60, 0x20, 0x1f, 0xfc, 0x35, 0x0, 0xff,
    0xa, 0x80, 0x7f, 0xf0, 0xd8, 0x40, 0x3f, 0xf8,
    0x68, 0x1, 0xff, 0xc0, 0xd0, 0xf, 0xfe, 0x19,
    0x98, 0x3, 0xff, 0x86, 0x20, 0x1f, 0xfc, 0x2,
    0x0, 0xff, 0xe1, 0x88, 0x7, 0xff, 0x10, 0xc0,
    0x3f, 0xf8, 0x2, 0x1, 0xff, 0xc4, 0x10, 0xf,
    0xff, 0x7, 0x80, 0x7f, 0xff, 0xc0, 0x3f, 0xfe,
    0x5e, 0x1, 0xff, 0xd1, 0x43, 0x10, 0xf, 0xfe,
    0x1, 0x28, 0x7, 0xff, 0x4b, 0x3b, 0xff, 0xff,
    0x81, 0xa4, 0x1, 0xff, 0xff, 0x0, 0xff, 0xff,
    0x80, 0x7f, 0xff, 0xc0, 0x3f, 0xff, 0xe0, 0x1f,
    0xff, 0xf0, 0xf, 0xff, 0x95, 0xff, 0xff, 0xf2,
    0x38, 0x80, 0x3f, 0xf9, 0x42, 0x80, 0x1f, 0xfc,
    0x81, 0x50, 0xf, 0xfe, 0x51, 0x80, 0x7f, 0xf2,
    0xbc, 0x3, 0xff, 0xfe, 0x1, 0xff, 0xff, 0x0,
    0xff, 0xff, 0x80, 0x7f, 0xff, 0xc0, 0x3f, 0xff,
    0xe0, 0x1f, 0xfc, 0x33, 0x0, 0xff, 0xf0, 0x8a,
    0x0, 0x7f, 0xf8, 0x6f, 0xff, 0xa4, 0x3, 0xff,
    0xc2, 0x40, 0x1f, 0xff, 0xf0, 0xf, 0xff, 0xf8,
    0x7, 0xff, 0xfc, 0x3, 0xff, 0xfe, 0x1, 0xff,
    0xda, 0x10, 0xf, 0xff, 0x7, 0x80, 0x7f, 0xf1,
    0xc, 0x3, 0xff, 0x80, 0x20, 0x1f, 0xfc, 0x43,
    0x0, 0xff, 0xe1, 0x88, 0x7, 0xff, 0x0, 0x80,
    0x3f, 0xf8, 0x62, 0x20, 0xf, 0xfe, 0x1a, 0x0,
    0x7f, 0xf0, 0x34, 0x3, 0xff, 0x86, 0x60, 0x20,
    0x1f, 0xfc, 0x35, 0x0, 0xff, 0xa, 0x80, 0x7f,
    0xf0, 0xd8, 0x14, 0x3, 0xff, 0x87, 0x0, 0x1f,
    0xe8, 0x0, 0xff, 0xe2, 0x18, 0x18, 0x7, 0xff,
    0xc, 0xa8, 0x3, 0xf2, 0xb0, 0x7, 0xff, 0xc,
    0xc0, 0x18, 0x1, 0xff, 0xc4, 0x5c, 0x30, 0xc,
    0x33, 0x40, 0x1f, 0xfc, 0x44, 0x0, 0x20, 0x80,
    0x7f, 0xf1, 0xf, 0x36, 0xed, 0x9c, 0xc0, 0x1f,
    0xfc, 0x5b, 0x0, 0x9c, 0x3, 0xff, 0x8c, 0x48,
    0x83, 0x0, 0xff, 0xe3, 0x11, 0x80, 0x56, 0x1,
    0xff, 0xdc, 0xb0, 0xc, 0x4a, 0x1, 0xff, 0xda,
    0x26, 0x0, 0xeb, 0x0, 0xff, 0xed, 0x48, 0x7,
    0x86, 0x40, 0x3f, 0xfb, 0xc, 0x80, 0x1f, 0x32,
    0x80, 0x7f, 0xf5, 0x8e, 0x40, 0x3f, 0xa9, 0x0,
    0x3f, 0xfa, 0x85, 0xa0, 0x1f, 0xf5, 0xa8, 0x7,
    0xff, 0x48, 0xf0, 0x40, 0x3f, 0xf8, 0x14, 0xe0,
    0x1f, 0xfd, 0x5, 0xc1, 0x0, 0xff, 0xe1, 0x46,
    0x10, 0x7, 0xff, 0x30, 0x6a, 0x80, 0x1f, 0xfc,
    0x53, 0xd9, 0x10, 0xf, 0xfe, 0x4b, 0xf2, 0x80,
    0x7f, 0xf2, 0x1b, 0xa9, 0x0, 0x3f, 0xf8, 0x87,
    0x3f, 0x0, 0x1f, 0xfc, 0xc5, 0xbf, 0xb8, 0x53,
    0x10, 0xc, 0x26, 0xaf, 0x7d, 0x8c, 0x1, 0xff,
    0xc1,

    /* U+0048 "H" */
    0xa, 0xff, 0xff, 0xe1, 0x28, 0x7, 0xff, 0x2,
    0x3f, 0xff, 0xf8, 0x4e, 0xa, 0x1, 0xff, 0xc2,
    0xe0, 0xf, 0xfe, 0x3, 0x0, 0x7f, 0xf0, 0xa8,
    0x40, 0x3f, 0xfa, 0x2, 0x1, 0xff, 0xff, 0x0,
    0xff, 0xff, 0x80, 0x7f, 0xff, 0xc0, 0x3f, 0xff,
    0xe0, 0x1f, 0xff, 0xf0, 0xf, 0xff, 0xf8, 0x7,
    0xff, 0xfc, 0x3, 0xff, 0xfe, 0x1, 0xff, 0xff,
    0x0, 0xff, 0xff, 0x80, 0x7f, 0xff, 0xc0, 0x3f,
    0xff, 0xe0, 0x1f, 0xff, 0xf0, 0xf, 0xff, 0xf8,
    0x7, 0xff, 0xfc, 0x3, 0xff, 0xfe, 0x1, 0xff,
    0xff, 0x0, 0xff, 0xf8, 0xa5, 0x57, 0xfd, 0x60,
    0x1f, 0xfd, 0x55, 0x5f, 0xf9, 0x0, 0x3f, 0xff,
    0xe0, 0x1f, 0xff, 0xf0, 0xf, 0xff, 0xf8, 0x7,
    0xff, 0xfc, 0x3, 0xff, 0xfe, 0x1, 0xff, 0xff,
    0x0, 0xff, 0xff, 0x80, 0x7f, 0xf8, 0xcf, 0xff,
    0xfe, 0xe0, 0xf, 0xfe, 0xa3, 0x80, 0x7f, 0xc2,
    0x1, 0xff, 0xff, 0x0, 0xff, 0xff, 0x80, 0x7f,
    0xff, 0xc0, 0x3f, 0xff, 0xe0, 0x1f, 0xff, 0xf0,
    0xf, 0xff, 0xf8, 0x7, 0xff, 0xfc, 0x3, 0xff,
    0xfe, 0x1, 0xff, 0xff, 0x0, 0xff, 0xff, 0x80,
    0x7f, 0xff, 0xc0, 0x3f, 0xff, 0xe0, 0x1f, 0xff,
    0xf0, 0xf, 0xff, 0xf8, 0x7, 0xff, 0xfc, 0x3,
    0xff, 0xfe, 0x1, 0xff, 0xff, 0x0, 0xff, 0xff,
    0x80, 0x7f, 0xf1, 0x5, 0x40, 0x3f, 0xf8, 0x5c,
    0x1, 0xff, 0xc0, 0x70, 0xf, 0xfe, 0x15, 0x0,

    /* U+0049 "I" */
    0x7, 0xff, 0xff, 0xe1, 0x28, 0x40, 0x7, 0xff,
    0xb, 0x84, 0x3, 0xff, 0xfe, 0x1, 0xff, 0xff,
    0x0, 0xff, 0xff, 0x80, 0x7f, 0xff, 0xc0, 0x3f,
    0xff, 0xe0, 0x1f, 0xff, 0xf0, 0xf, 0xff, 0xf8,
    0x7, 0xff, 0xfc, 0x3, 0xff, 0xfe, 0x1, 0xff,
    0xff, 0x0, 0xff, 0xff, 0x80, 0x7f, 0xff, 0xc0,
    0x3f, 0xff, 0xe0, 0x1f, 0xff, 0xf0, 0xf, 0xff,
    0xf8, 0x7, 0xff, 0xfc, 0x3, 0xff, 0xfe, 0x1,
    0xff, 0xc4, 0x15, 0x0, 0xff, 0xe1, 0x70,

    /* U+004A "J" */
    0x0, 0xff, 0xe8, 0xd7, 0xff, 0xff, 0x9, 0x40,
    0x3f, 0xfa, 0x2, 0xa0, 0x1f, 0xfc, 0x2e, 0x0,
    0xff, 0xff, 0x80, 0x7f, 0xff, 0xc0, 0x3f, 0xff,
    0xe0, 0x1f, 0xff, 0xf0, 0xf, 0xff, 0xf8, 0x7,
    0xff, 0xfc, 0x3, 0xff, 0xfe, 0x1, 0xff, 0xff,
    0x0, 0xff, 0xff, 0x80, 0x7f, 0xff, 0xc0, 0x3f,
    0xff, 0xe0, 0x1f, 0xff, 0xf0, 0xf, 0xff, 0xf8,
    0x7, 0xff, 0xfc, 0x3, 0xff, 0xfe, 0x1, 0xff,
    0xff, 0x0, 0xff, 0xff, 0x80, 0x7f, 0xff, 0xc0,
    0x3f, 0xff, 0xe0, 0x1f, 0xff, 0xf0, 0xf, 0xff,
    0xf8, 0x7, 0xff, 0xfc, 0x3, 0xff, 0xfe, 0x1,
    0xff, 0xff, 0x0, 0xff, 0xff, 0x80, 0x7f, 0xff,
    0xc0, 0x3f, 0xff, 0xe0, 0x1f, 0xff, 0xf0, 0xf,
    0xfe, 0x22, 0x33, 0x7f, 0xf0, 0x4c, 0x3, 0xff,
    0xa2, 0x97, 0x33, 0xff, 0xc1, 0xc3, 0x0, 0xff,
    0xe8, 0x18, 0x7, 0xff, 0xd, 0x80, 0x3f, 0xff,
    0xe0, 0x1f, 0xff, 0xf0, 0xf, 0xff, 0xf8, 0x7,
    0xff, 0xf4, 0x40, 0x3f, 0xfe, 0x6, 0x1, 0xff,
    0x18, 0x7, 0xff, 0xc, 0x4c, 0x3, 0xff, 0x86,
    0x20, 0x1f, 0xf0, 0x80, 0x7f, 0xf1, 0x4, 0x3,
    0xff, 0x87, 0xa0, 0x1f, 0xf2, 0x80, 0x7f, 0xf0,
    0xc9, 0x80, 0x3f, 0xf8, 0x6a, 0x1, 0xff, 0x50,
    0x7, 0xff, 0xf, 0x88, 0x3, 0xff, 0x88, 0xe0,
    0x1f, 0xc8, 0x60, 0x1f, 0xfc, 0x32, 0x3, 0x0,
    0xff, 0xe1, 0xc2, 0x0, 0x7c, 0x54, 0x1, 0xff,
    0xc4, 0x40, 0x40, 0xf, 0xfe, 0x25, 0xb8, 0x7,
    0x2e, 0x8, 0x7, 0xff, 0xc, 0xc0, 0x16, 0x1,
    0xff, 0xc5, 0x8f, 0xca, 0xbf, 0xa1, 0x0, 0xff,
    0xe2, 0x58, 0x0, 0xc8, 0x3, 0xff, 0x8c, 0x6a,
    0x80, 0x1f, 0xfc, 0x75, 0x0, 0xa8, 0x3, 0xff,
    0xb6, 0xa4, 0x1, 0x38, 0x80, 0x7f, 0xf6, 0xa4,
    0x3, 0xac, 0x3, 0xff, 0xb2, 0xc6, 0x1, 0xca,
    0x80, 0x1f, 0xfd, 0x72, 0x90, 0xf, 0xa8, 0x80,
    0x3f, 0xfa, 0xde, 0x1, 0xf8, 0x7c, 0x40, 0x3f,
    0xfa, 0x96, 0x40, 0x1f, 0xc5, 0x84, 0x1, 0xff,
    0xd2, 0xb4, 0x0, 0xff, 0x8b, 0xc, 0x3, 0xff,
    0x9e, 0x5a, 0x80, 0x1f, 0xfc, 0x11, 0xc8, 0x0,
    0xff, 0xe6, 0xb6, 0x90, 0x7, 0xff, 0x11, 0xf9,
    0x80, 0x3f, 0xf9, 0x29, 0xb2, 0x1, 0xff, 0xc7,
    0x19, 0xe8, 0x20, 0xf, 0xfe, 0x19, 0x3e, 0xd9,
    0x0, 0x7f, 0xf2, 0x85, 0xf7, 0x54, 0xc8, 0x42,
    0x1, 0x9, 0x23, 0x4e, 0xea, 0x8, 0x3, 0xff,
    0x80,

    /* U+004B "K" */
    0x7, 0xff, 0xff, 0xe1, 0x28, 0x7, 0xff, 0xe,
    0xbf, 0xff, 0xf8, 0x68, 0x0, 0x80, 0xf, 0xfe,
    0x17, 0x0, 0x7f, 0xf0, 0x99, 0x40, 0x3f, 0xf8,
    0xa2, 0x1, 0xff, 0xd2, 0xb0, 0xf, 0xfe, 0x19,
    0x20, 0x7, 0xff, 0x4d, 0x48, 0x3, 0xff, 0x87,
    0x0, 0x1f, 0xfd, 0x48, 0x0, 0xff, 0xe1, 0x92,
    0x80, 0x7f, 0xf4, 0xd4, 0x80, 0x3f, 0xf8, 0x70,
    0x1, 0xff, 0xd4, 0x80, 0xf, 0xfe, 0x19, 0x28,
    0x7, 0xff, 0x4d, 0x48, 0x3, 0xff, 0x87, 0x0,
    0x1f, 0xfd, 0x49, 0x0, 0xff, 0xe1, 0x92, 0x80,
    0x7f, 0xf4, 0xd0, 0xc0, 0x3f, 0xf8, 0x70, 0x1,
    0xff, 0xd4, 0x80, 0xf, 0xfe, 0x19, 0x28, 0x7,
    0xff, 0x4d, 0xc, 0x3, 0xff, 0x87, 0x0, 0x1f,
    0xfd, 0x48, 0x0, 0xff, 0xe1, 0x92, 0x80, 0x7f,
    0xf4, 0xcc, 0xc0, 0x1f, 0xfc, 0x38, 0x0, 0xff,
    0xea, 0x40, 0x7, 0xff, 0xc, 0x94, 0x3, 0xff,
    0xa6, 0x68, 0x1, 0xff, 0xc3, 0x80, 0xf, 0xfe,
    0xa4, 0x0, 0x7f, 0xf0, 0xc9, 0x40, 0x3f, 0xfa,
    0x66, 0x80, 0x1f, 0xfc, 0x38, 0x0, 0xff, 0xea,
    0x40, 0x7, 0xff, 0xc, 0x94, 0x3, 0xff, 0xa6,
    0x48, 0x1, 0xff, 0xc3, 0x80, 0xf, 0xfe, 0xa4,
    0x0, 0x7f, 0xf0, 0xc9, 0x40, 0x3f, 0xfa, 0x64,
    0xa0, 0x1f, 0xfc, 0x38, 0x0, 0xff, 0xea, 0x40,
    0x7, 0xff, 0xc, 0x94, 0x3, 0xff, 0xa6, 0x4a,
    0x1, 0xff, 0xc3, 0x80, 0xf, 0xfe, 0xa5, 0x80,
    0x7f, 0xf0, 0xc9, 0x40, 0x3f, 0xfa, 0x64, 0xc0,
    0x1f, 0xfc, 0x38, 0x0, 0xff, 0xea, 0x58, 0x7,
    0xff, 0xc, 0x94, 0x3, 0xff, 0xa6, 0x2c, 0x1,
    0xff, 0xc3, 0x80, 0xf, 0xfe, 0xa4, 0x0, 0x7f,
    0xf0, 0xc9, 0x40, 0x3f, 0xfa, 0x62, 0xc0, 0x1f,
    0xfc, 0x38, 0x0, 0xff, 0xe9, 0xbc, 0x80, 0x7f,
    0xf0, 0xc9, 0x40, 0x3f, 0xfa, 0x66, 0xe0, 0x1f,
    0xfc, 0x38, 0x0, 0xff, 0xf2, 0x12, 0x80, 0x7f,
    0xf9, 0x20, 0x3, 0xff, 0xc8, 0x4a, 0x1, 0xff,
    0xe4, 0x60, 0xf, 0xff, 0x2a, 0x8, 0x7, 0xff,
    0x95, 0x80, 0x3f, 0xfc, 0xb2, 0x1, 0xff, 0xe5,
    0x15, 0x0, 0xff, 0xf2, 0xf0, 0x7, 0xff, 0x95,
    0x8, 0x3, 0xff, 0xcb, 0x60, 0x1f, 0xfe, 0x56,
    0x0, 0xff, 0xf3, 0x30, 0x7, 0xff, 0x96, 0xc0,
    0x3f, 0xfc, 0xa4, 0x80, 0x1f, 0xfe, 0x5e, 0x0,
    0xff, 0xea, 0x98, 0x7, 0xff, 0xd, 0x44, 0x3,
    0xff, 0xa6, 0x58, 0x60, 0x1f, 0xfc, 0x39, 0x0,
    0xff, 0xe9, 0xc8, 0x50, 0x7, 0xff, 0xd, 0x80,
    0x3f, 0xfa, 0x48, 0x80, 0x60, 0xf, 0xfe, 0x18,
    0xa8, 0x7, 0xff, 0x46, 0x40, 0x26, 0x0, 0xff,
    0xe1, 0xc8, 0x7, 0xff, 0x41, 0x88, 0x2, 0xb0,
    0xf, 0xfe, 0x19, 0x90, 0x7, 0xff, 0x3e, 0x0,
    0x31, 0x18, 0x7, 0xff, 0xe, 0xc0, 0x3f, 0xf9,
    0xc8, 0x20, 0x1d, 0x40, 0x1f, 0xfc, 0x36, 0x0,
    0xff, 0xea, 0xb0, 0x7, 0xff, 0x11, 0x80, 0x3f,
    0xfa, 0xac, 0x1, 0xff, 0xc3, 0xb0, 0xf, 0xfe,
    0xad, 0x80, 0x7f, 0xf0, 0xc9, 0x0, 0x3f, 0xfa,
    0x84, 0x60, 0x1f, 0xfc, 0x3f, 0x0, 0xff, 0xea,
    0xd0, 0x7, 0xff, 0xd, 0x4, 0x3, 0xff, 0xa8,
    0xc0, 0x1f, 0xfc, 0x49, 0x0, 0xff, 0xea, 0xb0,
    0x7, 0xff, 0xd, 0x80, 0x3f, 0xfa, 0xb6, 0x1,
    0xff, 0xc3, 0x15, 0x0, 0xff, 0xea, 0x11, 0x80,
    0x7f, 0xf0, 0xe4, 0x3, 0xff, 0xab, 0x40, 0x1f,
    0xfc, 0x33, 0x30, 0x7, 0xff, 0x51, 0x80, 0x3f,
    0xf8, 0x94, 0x1, 0xff, 0xd5, 0x60, 0xf, 0xfe,
    0x1b, 0x8, 0x7, 0xff, 0x52, 0xc0, 0x3f, 0xf8,
    0x8c, 0x1, 0xff, 0xd4, 0x23, 0x0, 0xff, 0xe1,
    0xd0, 0x7, 0xff, 0x56, 0x80, 0x3f, 0xf8, 0x64,
    0x80, 0x1f, 0xfd, 0x46, 0x0, 0xff, 0xe2, 0x78,
    0x7, 0xff, 0x55, 0x80, 0x3f, 0xf8, 0x68, 0x40,
    0x1f, 0xfd, 0x4b, 0x0, 0xff, 0xe2, 0x50, 0x7,
    0xff, 0x50, 0x8c, 0x3, 0xff, 0x86, 0xc0, 0x1f,
    0xfd, 0x5a, 0x0, 0xff, 0xe1, 0x8b, 0x0, 0x7f,
    0xf5, 0x18, 0x3, 0xff, 0x89, 0x40, 0x1f, 0xfd,
    0x56, 0x0, 0xff, 0xe1, 0x99, 0x85, 0x40, 0x3f,
    0xf8, 0x5c, 0x1, 0xff, 0xc3, 0x82, 0x0, 0xff,
    0xe1, 0x88,

    /* U+004C "L" */
    0x7, 0xff, 0xff, 0xe1, 0x28, 0x7, 0xff, 0x3e,
    0x0, 0x3f, 0xf8, 0x5c, 0x1, 0xff, 0xce, 0x10,
    0xf, 0xff, 0xf8, 0x7, 0xff, 0xfc, 0x3, 0xff,
    0xfe, 0x1, 0xff, 0xff, 0x0, 0xff, 0xff, 0x80,
    0x7f, 0xff, 0xc0, 0x3f, 0xff, 0xe0, 0x1f, 0xff,
    0xf0, 0xf, 0xff, 0xf8, 0x7, 0xff, 0xfc, 0x3,
    0xff, 0xfe, 0x1, 0xff, 0xff, 0x0, 0xff, 0xff,
    0x80, 0x7f, 0xff, 0xc0, 0x3f, 0xff, 0xe0, 0x1f,
    0xff, 0xf0, 0xf, 0xff, 0xf8, 0x7, 0xff, 0xfc,
    0x3, 0xff, 0xfe, 0x1, 0xff, 0xff, 0x0, 0xff,
    0xff, 0x80, 0x7f, 0xff, 0xc0, 0x3f, 0xff, 0xe0,
    0x1f, 0xff, 0xf0, 0xf, 0xff, 0xf8, 0x7, 0xff,
    0xfc, 0x3, 0xff, 0xfe, 0x1, 0xff, 0xff, 0x0,
    0xff, 0xff, 0x80, 0x7f, 0xff, 0xc0, 0x3f, 0xff,
    0xe0, 0x1f, 0xff, 0xf0, 0xf, 0xff, 0xf8, 0x7,
    0xff, 0xfc, 0x3, 0xff, 0xfe, 0x1, 0xff, 0xff,
    0x0, 0xff, 0xe6, 0x25, 0x57, 0xff, 0x31, 0x80,
    0x3f, 0xf8, 0xca, 0xbf, 0xfc, 0xc9, 0x10, 0xf,
    0xfe, 0xf1, 0x80, 0x7f, 0xff, 0xc0, 0x3f, 0xff,
    0xe0, 0x1f, 0xff, 0xf0, 0xf, 0xff, 0xf8, 0x7,
    0xff, 0xfc, 0x3, 0xff, 0xd6, 0x2a, 0x1, 0xff,
    0xdb, 0x42,

    /* U+004D "M" */
    0xc, 0xff, 0xff, 0xe0, 0xe9, 0x0, 0x7f, 0xf2,
    0x2f, 0xff, 0xff, 0x84, 0xc8, 0x60, 0x1f, 0xfc,
    0x12, 0xe0, 0xf, 0xfe, 0x3c, 0x20, 0x7, 0xff,
    0xa, 0x88, 0x3, 0xff, 0x86, 0x6a, 0x1, 0xff,
    0xc5, 0x17, 0x0, 0xff, 0xea, 0xc0, 0x7, 0xff,
    0x16, 0x40, 0x3f, 0xfa, 0xc4, 0xc0, 0x1f, 0xfc,
    0x31, 0x70, 0xf, 0xfe, 0xbc, 0x0, 0x7f, 0xf0,
    0xe0, 0x3, 0xff, 0xb0, 0x2e, 0x1, 0xff, 0xc1,
    0x16, 0x0, 0xff, 0xec, 0xc8, 0x7, 0xff, 0x6,
    0x0, 0x3f, 0xfb, 0x43, 0x0, 0x1f, 0xf1, 0x30,
    0x7, 0xff, 0x6d, 0xc4, 0x3, 0xfd, 0x0, 0x1f,
    0xfd, 0xd8, 0x0, 0xfe, 0x25, 0x0, 0xff, 0xee,
    0xb1, 0x0, 0x7e, 0x80, 0xf, 0xfe, 0xfc, 0x0,
    0x7c, 0x4a, 0x1, 0xff, 0xdf, 0x52, 0x0, 0xf4,
    0x0, 0x7f, 0xf8, 0x64, 0x3, 0x8d, 0x40, 0x3f,
    0xfc, 0x28, 0x60, 0x1a, 0x0, 0x3f, 0xfc, 0x7e,
    0x1, 0x1a, 0x0, 0x7f, 0xf8, 0xcd, 0x0, 0x10,
    0x1, 0xff, 0xe5, 0x90, 0x34, 0x0, 0xff, 0xf2,
    0x93, 0x78, 0x7, 0xff, 0x9e, 0x4c, 0x3, 0xff,
    0xfe, 0x1, 0xff, 0xff, 0x0, 0xff, 0xff, 0x80,
    0x7f, 0xff, 0xc0, 0x3f, 0xfd, 0xec, 0x20, 0x1f,
    0xfc, 0x67, 0x0, 0xff, 0xea, 0x7c, 0x0, 0x7f,
    0xf1, 0x4e, 0x0, 0x3f, 0xfa, 0xac, 0x40, 0x1f,
    0xfc, 0x4f, 0x0, 0xff, 0xeb, 0xc8, 0x7, 0xff,
    0xd, 0x4c, 0x3, 0xff, 0xae, 0x88, 0x0, 0xff,
    0xe1, 0x40, 0x7, 0xff, 0x66, 0x40, 0x3f, 0xf8,
    0x2e, 0x40, 0x1f, 0xfd, 0x92, 0x60, 0xf, 0xf8,
    0x60, 0x3, 0xff, 0xb7, 0x0, 0x1f, 0xf4, 0x0,
    0x7f, 0xf7, 0x6, 0x0, 0x3f, 0x89, 0x80, 0x3f,
    0xfb, 0xae, 0x40, 0x1f, 0xa4, 0x3, 0xff, 0xbf,
    0x0, 0x1f, 0x2a, 0x0, 0x7f, 0xf7, 0xd5, 0x0,
    0x3d, 0x0, 0x1f, 0xfe, 0x19, 0x0, 0xe7, 0x20,
    0xf, 0xff, 0x9, 0x30, 0x4, 0x30, 0x1, 0xff,
    0xe3, 0x80, 0xa, 0x0, 0x3f, 0xfc, 0x83, 0x0,
    0x4c, 0x1, 0xff, 0xe5, 0x75, 0xe0, 0xf, 0xff,
    0x3d, 0x18, 0x7, 0xff, 0xfc, 0x3, 0xff, 0xfe,
    0x1, 0xff, 0xff, 0x0, 0xff, 0xff, 0x80, 0x7f,
    0xff, 0xc0, 0x3f, 0xff, 0xe0, 0x1f, 0xff, 0xf0,
    0xf, 0xff, 0xf8, 0x7, 0xff, 0xfc, 0x3, 0xff,
    0xfe, 0x1, 0xff, 0xff, 0x0, 0xff, 0xff, 0x80,
    0x7f, 0xff, 0xc0, 0x3f, 0xff, 0xe0, 0x1f, 0xff,
    0xf0, 0xf, 0xff, 0xf8, 0x7, 0xff, 0xfc, 0x3,
    0xff, 0xfe, 0x1, 0xff, 0xff, 0x0, 0xff, 0xff,
    0x80, 0x7f, 0xff, 0xc0, 0x3f, 0xff, 0xe0, 0x1f,
    0xff, 0xf0, 0xf, 0xff, 0x2a, 0x8, 0x7, 0xff,
    0x4, 0x9c, 0x3, 0xff, 0x90, 0xc0, 0x1f, 0xfc,
    0x2a,

    /* U+004E "N" */
    0x7, 0xff, 0xff, 0xe1, 0xe8, 0x80, 0x7f, 0xf0,
    0x9f, 0xff, 0xff, 0x84, 0x81, 0x0, 0x1f, 0xfc,
    0x32, 0x90, 0xf, 0xfe, 0x14, 0x80, 0x7f, 0xf0,
    0xb8, 0x40, 0x3f, 0xf8, 0xaa, 0x1, 0xff, 0xc2,
    0x10, 0xf, 0xfe, 0xa9, 0x10, 0x3, 0xff, 0xc8,
    0xa0, 0x1f, 0xfe, 0x4b, 0x0, 0xff, 0xf2, 0x18,
    0x80, 0x7f, 0xf9, 0x1c, 0x3, 0xff, 0xc9, 0xa0,
    0x1f, 0xfe, 0x44, 0x10, 0xf, 0xff, 0x22, 0x0,
    0x7f, 0xf9, 0x38, 0x3, 0xff, 0xc8, 0x80, 0x1f,
    0xfe, 0x55, 0x0, 0xff, 0xf2, 0x78, 0x7, 0xff,
    0x91, 0x0, 0x3f, 0xfc, 0x82, 0x80, 0x1f, 0xfe,
    0x4d, 0x0, 0xff, 0xf2, 0x38, 0x7, 0xff, 0x90,
    0x4c, 0x3, 0xff, 0xc9, 0x60, 0x1f, 0xfe, 0x45,
    0x0, 0xff, 0xf2, 0x11, 0x0, 0x3f, 0xfc, 0x8a,
    0x1, 0xff, 0xe4, 0xb0, 0xf, 0xff, 0x21, 0x90,
    0x7, 0xff, 0x91, 0x40, 0x3f, 0xfc, 0x96, 0x1,
    0xff, 0xe4, 0x31, 0x0, 0xff, 0xf2, 0x38, 0x7,
    0xff, 0x93, 0x40, 0x3f, 0xfc, 0x88, 0x1, 0xff,
    0xe5, 0x50, 0xf, 0xff, 0x27, 0x80, 0x7f, 0xf6,
    0x8, 0x3, 0xfe, 0x50, 0xf, 0xfe, 0xc2, 0xb0,
    0x7, 0xfc, 0x80, 0x1f, 0xfd, 0x8d, 0x0, 0xff,
    0xb4, 0x3, 0xff, 0xb0, 0x80, 0x1f, 0xf3, 0x80,
    0x7f, 0xf6, 0x54, 0x3, 0xfc, 0x26, 0x1, 0xff,
    0xd8, 0xf0, 0xf, 0xfa, 0x80, 0x3f, 0xfb, 0xa,
    0x1, 0xff, 0x38, 0x7, 0xff, 0x65, 0x40, 0x3f,
    0xc2, 0x60, 0x20, 0x1f, 0xfd, 0x6f, 0x0, 0xff,
    0xac, 0x3, 0xff, 0xb0, 0xa0, 0x1f, 0xf2, 0x80,
    0x7f, 0xf6, 0x50, 0x3, 0xfc, 0x44, 0x0, 0xff,
    0xec, 0x68, 0x7, 0xfd, 0x2, 0x1, 0xff, 0xd7,
    0x70, 0xf, 0xf9, 0x40, 0x3f, 0xfb, 0x2, 0x80,
    0x1f, 0xfe, 0x4d, 0x0, 0xff, 0xf2, 0x38, 0x7,
    0xff, 0x90, 0x4c, 0x3, 0xff, 0xc9, 0x60, 0x1f,
    0xfe, 0x45, 0x0, 0xff, 0xf2, 0x11, 0x80, 0x7f,
    0xf9, 0x2c, 0x3, 0xff, 0xc8, 0xa0, 0x1f, 0xfe,
    0x42, 0x20, 0x7, 0xff, 0x91, 0x40, 0x3f, 0xfc,
    0x96, 0x1, 0xff, 0xe4, 0x32, 0x0, 0xff, 0xed,
    0x88, 0x7, 0xe5, 0x0, 0xff, 0xf2, 0x58, 0x7,
    0xff, 0x90, 0xc4, 0x3, 0xff, 0xc8, 0xe0, 0x1f,
    0xfe, 0x4d, 0x0, 0xff, 0xf2, 0x20, 0x80, 0x7f,
    0xf9, 0x1c, 0x3, 0xff, 0xc9, 0xa0, 0x1f, 0xfe,
    0x44, 0x0, 0xff, 0xf2, 0xa8, 0x7, 0xff, 0x93,
    0xc0, 0x3f, 0xfc, 0x8a, 0x1, 0xff, 0xe5, 0x50,
    0xf, 0xff, 0x27, 0x80, 0x7f, 0xf9, 0x14, 0x3,
    0xff, 0xca, 0x80, 0x1f, 0xfe, 0x4d, 0x0, 0xff,
    0xf2, 0x38, 0x7, 0xff, 0x18, 0x54, 0x3, 0xff,
    0x85, 0xa0, 0x1f, 0xfc, 0x11, 0x70, 0xf, 0xfe,
    0x27, 0x0,

    /* U+004F "O" */
    0x0, 0xff, 0xe2, 0x13, 0x4d, 0xef, 0x7f, 0xdd,
    0xb7, 0x2a, 0x40, 0x1f, 0xfd, 0x12, 0x9e, 0xd9,
    0x64, 0x21, 0x0, 0x84, 0x91, 0xab, 0x75, 0x4,
    0x1, 0xff, 0xcc, 0x3c, 0xd6, 0x10, 0xf, 0xfe,
    0x19, 0x3e, 0xd9, 0x0, 0x7f, 0xf2, 0x6, 0xb0,
    0xc0, 0x3f, 0xf9, 0x29, 0xb2, 0x1, 0xff, 0xc6,
    0x4f, 0x50, 0xf, 0xfe, 0x6b, 0x69, 0x80, 0x7f,
    0xf0, 0xd6, 0xc4, 0x3, 0xff, 0x9e, 0x58, 0x80,
    0x1f, 0xfc, 0x16, 0xa0, 0xf, 0xfe, 0x9d, 0xa8,
    0x7, 0xfc, 0x92, 0x1, 0xff, 0xd5, 0xa3, 0x0,
    0xfe, 0x1a, 0x0, 0xff, 0xeb, 0xe8, 0x80, 0x7e,
    0xd1, 0x0, 0xff, 0xeb, 0x8d, 0x0, 0x7c, 0xa6,
    0x1, 0xff, 0xd9, 0x44, 0x0, 0x7a, 0x0, 0x3f,
    0xfb, 0x72, 0x1, 0xca, 0x40, 0x1f, 0xfd, 0xb2,
    0x40, 0xd, 0xc0, 0x1f, 0xfc, 0x61, 0x45, 0x30,
    0xf, 0xfe, 0x3f, 0x80, 0x42, 0x80, 0x1f, 0xfc,
    0x42, 0xbe, 0xba, 0xcf, 0xa1, 0x0, 0xff, 0xe2,
    0x20, 0x4, 0x80, 0x1f, 0xfc, 0x43, 0xd4, 0x0,
    0xe5, 0xf2, 0x0, 0xff, 0xe2, 0x28, 0x3, 0x0,
    0x3f, 0xf8, 0x63, 0xa0, 0x1f, 0x87, 0xc0, 0x3f,
    0xf8, 0x9a, 0x0, 0x50, 0xf, 0xfe, 0x1c, 0x88,
    0x7, 0xf1, 0x38, 0x7, 0xff, 0xd, 0x0, 0x4,
    0x1, 0xff, 0xc3, 0x60, 0xf, 0xfa, 0x40, 0x3f,
    0xf8, 0x64, 0x0, 0x10, 0xf, 0xfe, 0x11, 0x8,
    0x7, 0xfc, 0x24, 0x1, 0xff, 0xc2, 0x10, 0x10,
    0xf, 0xfe, 0x1b, 0x80, 0x7f, 0xf0, 0x58, 0x3,
    0xff, 0x86, 0x26, 0x1, 0xff, 0xc3, 0x30, 0xf,
    0xfe, 0x8, 0x80, 0x7f, 0xf0, 0xcc, 0x3, 0xff,
    0xc6, 0x20, 0x1f, 0xff, 0xf0, 0xf, 0xff, 0xf8,
    0x7, 0xff, 0xfc, 0x3, 0xff, 0xfe, 0x1, 0xff,
    0xff, 0x0, 0xff, 0xff, 0x80, 0x7f, 0xff, 0xc0,
    0x3f, 0xff, 0xe0, 0x1f, 0xff, 0xf0, 0xf, 0xff,
    0xf8, 0x7, 0xff, 0xfc, 0x3, 0xff, 0xfe, 0x1,
    0xff, 0xff, 0x0, 0xff, 0xff, 0x80, 0x7f, 0xff,
    0xc0, 0x3f, 0xff, 0xe0, 0x1f, 0xff, 0xf0, 0xf,
    0xff, 0xf8, 0x7, 0xff, 0xfc, 0x3, 0xff, 0xfe,
    0x1, 0xff, 0xff, 0x0, 0xff, 0xfc, 0x88, 0x7,
    0xff, 0xfc, 0x3, 0xff, 0x8c, 0x60, 0x1f, 0xfc,
    0x33, 0x0, 0xff, 0xe0, 0x88, 0x7, 0xff, 0xc,
    0xc4, 0x3, 0xff, 0x86, 0xe0, 0x1f, 0xfc, 0x16,
    0x0, 0xff, 0xe1, 0x88, 0x8, 0x7, 0xff, 0x8,
    0x84, 0x3, 0xfe, 0x12, 0x0, 0xff, 0xe1, 0x8,
    0x0, 0x80, 0x3f, 0xf8, 0x6c, 0x1, 0xff, 0x48,
    0x7, 0xff, 0xc, 0x80, 0xa, 0x1, 0xff, 0xc3,
    0x91, 0x0, 0xfe, 0x27, 0x0, 0xff, 0xe1, 0xa0,
    0x3, 0x0, 0x3f, 0xf8, 0x63, 0xa0, 0x1f, 0x87,
    0xc0, 0x3f, 0xf8, 0x9a, 0x0, 0x40, 0xf, 0xfe,
    0x21, 0xea, 0x0, 0x72, 0xf9, 0x0, 0x7f, 0xf1,
    0x14, 0x0, 0x28, 0x1, 0xff, 0xc4, 0x2b, 0xeb,
    0xac, 0xfa, 0x10, 0xf, 0xfe, 0x22, 0x0, 0x6e,
    0x0, 0xff, 0xe3, 0xa, 0x29, 0x80, 0x7f, 0xf1,
    0xfc, 0x3, 0x29, 0x0, 0x7f, 0xf6, 0xc9, 0x0,
    0x3a, 0x0, 0x3f, 0xfb, 0x72, 0x1, 0xe5, 0x30,
    0xf, 0xfe, 0xca, 0x20, 0x3, 0xed, 0x10, 0xf,
    0xfe, 0xb8, 0xd0, 0x7, 0xe1, 0xa0, 0xf, 0xfe,
    0xbe, 0x88, 0x7, 0xf2, 0x48, 0x7, 0xff, 0x56,
    0x8c, 0x3, 0xfe, 0x6a, 0x0, 0xff, 0xe9, 0xda,
    0x80, 0x7f, 0xf0, 0x56, 0xc4, 0x3, 0xff, 0x9e,
    0x58, 0x80, 0x1f, 0xfc, 0x34, 0xf5, 0x0, 0xff,
    0xe6, 0xb6, 0x98, 0x7, 0xff, 0x14, 0x6b, 0xc,
    0x3, 0xff, 0x92, 0x9b, 0x20, 0x1f, 0xfc, 0x93,
    0xcc, 0x30, 0x80, 0x7f, 0xf0, 0xc9, 0xf6, 0xc8,
    0x3, 0xff, 0x98, 0x73, 0xdb, 0x2c, 0x84, 0x20,
    0x10, 0x92, 0x34, 0xee, 0xa0, 0x80, 0x3f, 0xf8,
    0x20,

    /* U+0050 "P" */
    0xc, 0xff, 0xff, 0xe6, 0x76, 0xd3, 0x98, 0x7,
    0xff, 0xc, 0x8c, 0x3, 0xff, 0x98, 0x24, 0xb1,
    0x9d, 0x4, 0x1, 0xff, 0xc0, 0x10, 0xf, 0xfe,
    0x90, 0xbe, 0xc8, 0x80, 0x7f, 0xf8, 0x1b, 0x98,
    0x3, 0xff, 0xc3, 0x34, 0x1, 0xff, 0xe1, 0x5c,
    0x0, 0xff, 0xf0, 0x9e, 0x0, 0x7f, 0xf8, 0x4e,
    0x80, 0x3f, 0xfc, 0x2a, 0xc0, 0x1f, 0xfe, 0x19,
    0x10, 0xf, 0xff, 0xc, 0x0, 0x7f, 0xf8, 0x58,
    0x80, 0x3f, 0xfc, 0x36, 0x1, 0xff, 0xc7, 0x55,
    0xe4, 0x30, 0xf, 0xfe, 0x3b, 0x0, 0x7f, 0xf1,
    0x96, 0xab, 0xaf, 0x39, 0xc0, 0x3f, 0xf8, 0xcc,
    0x1, 0xff, 0xc5, 0x30, 0xf, 0x86, 0x30, 0x40,
    0x3f, 0xf8, 0x98, 0x1, 0xff, 0xcf, 0x3d, 0x0,
    0xff, 0xe2, 0x20, 0x7, 0xff, 0x40, 0xdc, 0x3,
    0xff, 0x86, 0x26, 0x1, 0xff, 0xd0, 0x90, 0xf,
    0xfe, 0x23, 0x0, 0x7f, 0xf4, 0x5, 0x40, 0x3f,
    0xf8, 0x7a, 0x1, 0xff, 0xd1, 0xc0, 0xf, 0xfe,
    0x19, 0x0, 0x7f, 0xf4, 0x54, 0x3, 0xff, 0x86,
    0x20, 0x1f, 0xfd, 0x12, 0x0, 0xff, 0xe1, 0xb8,
    0x7, 0xff, 0x44, 0x40, 0x3f, 0xf8, 0x62, 0x1,
    0xff, 0xff, 0x0, 0xff, 0xe2, 0x8, 0x7, 0xff,
    0x44, 0x40, 0x3f, 0xf8, 0x6e, 0x1, 0xff, 0xd1,
    0x20, 0xf, 0xfe, 0x18, 0x80, 0x7f, 0xf4, 0x54,
    0x3, 0xff, 0x86, 0x40, 0x1f, 0xfd, 0x1a, 0x0,
    0xff, 0xe1, 0xf0, 0x7, 0xff, 0x40, 0x8c, 0x3,
    0xff, 0x86, 0x80, 0x1f, 0xfd, 0x9, 0x0, 0xff,
    0xe2, 0x10, 0x7, 0xff, 0x3d, 0xd0, 0x3, 0xff,
    0x86, 0xa0, 0x1f, 0xfc, 0xf7, 0x80, 0xf, 0xfe,
    0x26, 0x0, 0x7f, 0xf1, 0x4c, 0x3, 0xc4, 0xdb,
    0x0, 0x1f, 0xfc, 0x56, 0x0, 0xff, 0xe2, 0xaf,
    0xff, 0xb6, 0x48, 0x3, 0xff, 0x8a, 0xc0, 0x1f,
    0xfe, 0x18, 0x0, 0xff, 0xf0, 0x38, 0x80, 0x7f,
    0xf7, 0xca, 0x0, 0x3f, 0xfc, 0x1c, 0x1, 0xff,
    0xe0, 0x93, 0x0, 0xff, 0xef, 0xc3, 0x0, 0x7f,
    0xf7, 0xe5, 0xc0, 0x3f, 0xfb, 0xc3, 0x8c, 0x1,
    0xff, 0xde, 0x7e, 0x30, 0xf, 0xfe, 0xe0, 0xbf,
    0x40, 0x7, 0xff, 0x64, 0x4d, 0x63, 0x3a, 0x4,
    0x3, 0xff, 0x9e, 0xbf, 0xff, 0xee, 0xca, 0x73,
    0x0, 0xff, 0xe9, 0x18, 0x7, 0xff, 0xfc, 0x3,
    0xff, 0xfe, 0x1, 0xff, 0xff, 0x0, 0xff, 0xff,
    0x80, 0x7f, 0xff, 0xc0, 0x3f, 0xff, 0xe0, 0x1f,
    0xff, 0xf0, 0xf, 0xff, 0xf8, 0x7, 0xff, 0xfc,
    0x3, 0xff, 0xfe, 0x1, 0xff, 0xff, 0x0, 0xff,
    0xff, 0x80, 0x7f, 0xff, 0xc0, 0x3f, 0xff, 0xe0,
    0x1f, 0xff, 0xf0, 0xf, 0xff, 0xf8, 0x7, 0xff,
    0xfc, 0x3, 0xff, 0xbc, 0x20, 0x1f, 0xfe, 0x12,
    0x30, 0xf, 0xfe, 0x16, 0x80, 0x7f, 0xf4, 0x40,

    /* U+0051 "Q" */
    0x0, 0xff, 0xe2, 0x1b, 0x4e, 0x6f, 0x7f, 0xbb,
    0x6e, 0x54, 0x80, 0x3f, 0xfa, 0x7, 0x3d, 0x92,
    0xc6, 0x42, 0x0, 0x12, 0x46, 0xad, 0xd3, 0x88,
    0x7, 0xff, 0x2c, 0xef, 0x18, 0x40, 0x3f, 0xf8,
    0x45, 0x1d, 0x22, 0x1, 0xff, 0xc8, 0x9c, 0x40,
    0xf, 0xfe, 0x43, 0x7b, 0x0, 0x7f, 0xf1, 0x4f,
    0x58, 0x3, 0xff, 0x96, 0x33, 0x40, 0x1f, 0xfc,
    0x34, 0xc2, 0x0, 0xff, 0xe7, 0x2e, 0x8, 0x7,
    0xff, 0x1, 0x2c, 0x3, 0xff, 0xa2, 0x7a, 0x1,
    0xff, 0x15, 0x0, 0x7f, 0xf4, 0xce, 0xc0, 0x3f,
    0xde, 0x20, 0x1f, 0xfd, 0x44, 0x80, 0xf, 0xd0,
    0x40, 0x1f, 0xfd, 0x67, 0x30, 0xf, 0x13, 0x80,
    0x7f, 0xf6, 0x3c, 0x3, 0xd0, 0x1, 0xff, 0xd9,
    0x35, 0x0, 0xc2, 0xa0, 0x1f, 0xfd, 0xa9, 0x0,
    0xd2, 0x1, 0xff, 0xc6, 0x34, 0x40, 0x80, 0x7f,
    0xf1, 0x4c, 0xc0, 0x12, 0x80, 0x7f, 0xf1, 0x17,
    0xb2, 0xed, 0xd4, 0x20, 0x1f, 0xfc, 0x4b, 0x0,
    0x11, 0x0, 0x3f, 0xf8, 0x6f, 0x42, 0x1, 0x97,
    0x4, 0x3, 0xff, 0x86, 0xa0, 0x5, 0x0, 0xff,
    0xe1, 0x9c, 0x0, 0x7c, 0x5a, 0x1, 0xff, 0xc3,
    0x21, 0xd, 0x0, 0xff, 0xe1, 0xc8, 0x7, 0xf1,
    0xa0, 0x7, 0xff, 0xd, 0x41, 0x80, 0x3f, 0xf8,
    0x6a, 0x1, 0xfe, 0xe0, 0xf, 0xfe, 0x19, 0x81,
    0x80, 0x7f, 0xf0, 0x8c, 0x3, 0xfe, 0x70, 0xf,
    0xfe, 0x1f, 0x0, 0x7f, 0xf1, 0x18, 0x3, 0xfe,
    0x20, 0xf, 0xfe, 0x19, 0x8, 0x7, 0xff, 0xc,
    0xc0, 0x3f, 0xf9, 0xee, 0x60, 0x1f, 0xff, 0xf0,
    0xf, 0xfe, 0x8, 0x88, 0x3, 0xff, 0xfe, 0x1,
    0xff, 0xff, 0x0, 0xff, 0xff, 0x80, 0x7f, 0xff,
    0xc0, 0x3f, 0xff, 0xe0, 0x1f, 0xff, 0xf0, 0xf,
    0xff, 0xf8, 0x7, 0xff, 0xfc, 0x3, 0xff, 0xfe,
    0x1, 0xff, 0xff, 0x0, 0xff, 0xff, 0x80, 0x7f,
    0xff, 0xc0, 0x3f, 0xff, 0xe0, 0x1f, 0xff, 0xf0,
    0xf, 0xff, 0xf8, 0x7, 0xff, 0xfc, 0x3, 0xff,
    0xfe, 0x1, 0xff, 0xff, 0x0, 0xff, 0xff, 0x80,
    0x7f, 0xfb, 0xc4, 0x3, 0xff, 0xfe, 0x1, 0xff,
    0xc1, 0x13, 0x0, 0xff, 0xef, 0xb8, 0x80, 0x7f,
    0xf0, 0xcc, 0x3, 0xff, 0x9e, 0x20, 0x1f, 0xfc,
    0x47, 0x0, 0xff, 0x8c, 0x3, 0xff, 0x86, 0x60,
    0x60, 0x1f, 0xfc, 0x22, 0x10, 0xf, 0xf2, 0x0,
    0x7f, 0xf0, 0xfc, 0x14, 0x3, 0xff, 0x86, 0xc0,
    0x1f, 0xea, 0x0, 0xff, 0xe1, 0xa8, 0x78, 0x7,
    0xff, 0xe, 0x44, 0x3, 0xf3, 0x90, 0x7, 0xff,
    0xc, 0xc1, 0x0, 0x3f, 0xf8, 0x63, 0x82, 0x1,
    0xe5, 0x80, 0xf, 0xfe, 0x19, 0x80, 0x8, 0xc0,
    0x3f, 0xf8, 0x65, 0xee, 0x40, 0x29, 0x54, 0x0,
    0xff, 0xe2, 0x50, 0x5, 0x60, 0x1f, 0xfc, 0x41,
    0x8d, 0xfe, 0xb5, 0x0, 0xff, 0xe2, 0xb8, 0x4,
    0xc0, 0x1f, 0xfd, 0xb4, 0x10, 0x8, 0x5c, 0x3,
    0xff, 0xb5, 0x20, 0x1d, 0x20, 0x1f, 0xfd, 0x95,
    0x20, 0xe, 0x18, 0x0, 0xff, 0xec, 0x40, 0x7,
    0xce, 0x80, 0x1f, 0xfd, 0x6a, 0x20, 0xf, 0xd4,
    0x20, 0x1f, 0xfd, 0x46, 0x50, 0xf, 0xe1, 0xc1,
    0x0, 0xff, 0xe9, 0x2c, 0x80, 0x7f, 0xc5, 0x82,
    0x1, 0xff, 0xd0, 0x5a, 0x0, 0xff, 0xe0, 0x97,
    0x98, 0x7, 0xff, 0x39, 0xe8, 0x3, 0xff, 0x86,
    0x39, 0x0, 0x1f, 0xfc, 0xb2, 0xc8, 0x0, 0xff,
    0xe3, 0x3e, 0xb0, 0x7, 0xff, 0x1c, 0xa7, 0x4c,
    0x3, 0xff, 0x90, 0x53, 0xcc, 0x1, 0xff, 0xc3,
    0x1a, 0xd6, 0x0, 0xff, 0xe6, 0xc, 0x0, 0x7f,
    0xf0, 0xd5, 0x40, 0x1f, 0xff, 0xf0, 0xf, 0xff,
    0xf8, 0x7, 0xff, 0xfc, 0x3, 0xff, 0xfe, 0x1,
    0xff, 0xff, 0x0, 0xff, 0xf6, 0x8a, 0x80, 0x7f,
    0xf0, 0xb8, 0x3, 0xff, 0x84,

    /* U+0052 "R" */
    0xa, 0xff, 0xff, 0xe6, 0x76, 0xdb, 0xa0, 0x7,
    0xff, 0x15, 0x40, 0x3f, 0xf9, 0x82, 0x49, 0x17,
    0xf4, 0x60, 0x1f, 0xfc, 0x11, 0x0, 0xff, 0xe9,
    0xae, 0x59, 0x80, 0x7f, 0xf8, 0x53, 0x24, 0x3,
    0xff, 0xc4, 0xda, 0x40, 0x1f, 0xfe, 0x12, 0xc2,
    0x0, 0xff, 0xf0, 0x8e, 0x10, 0x7, 0xff, 0x84,
    0x7c, 0x3, 0xff, 0xc4, 0x54, 0x1, 0xff, 0xe2,
    0x54, 0x0, 0xff, 0xf1, 0x48, 0x7, 0xff, 0x88,
    0x94, 0x3, 0xff, 0xc5, 0x20, 0x1f, 0xfc, 0x85,
    0x5f, 0x18, 0x7, 0xff, 0x1c, 0xcc, 0x1, 0xff,
    0xc6, 0x4a, 0xaf, 0x67, 0xc8, 0x80, 0x7f, 0xf1,
    0x68, 0x3, 0xff, 0x9e, 0xde, 0x40, 0x1f, 0xfc,
    0x44, 0x0, 0xff, 0xe8, 0xe, 0x8, 0x7, 0xff,
    0xc, 0x84, 0x3, 0xff, 0xa0, 0x36, 0x1, 0xff,
    0xc4, 0x40, 0xf, 0xfe, 0x8a, 0x90, 0x7, 0xff,
    0xf, 0x40, 0x3f, 0xfa, 0x54, 0x1, 0xff, 0xc3,
    0x20, 0xf, 0xfe, 0x92, 0x0, 0x7f, 0xf0, 0xd8,
    0x3, 0xff, 0xa4, 0x60, 0x1f, 0xfc, 0x31, 0x0,
    0xff, 0xe9, 0x88, 0x7, 0xff, 0x8, 0xc0, 0x3f,
    0xfa, 0x66, 0x1, 0xff, 0xc2, 0x10, 0xf, 0xfe,
    0x99, 0x80, 0x7f, 0xf0, 0x84, 0x3, 0xff, 0xa6,
    0x20, 0x1f, 0xfc, 0x23, 0x0, 0xff, 0xe9, 0x8,
    0x7, 0xff, 0xc, 0x40, 0x3f, 0xfa, 0x4a, 0x1,
    0xff, 0xc3, 0x70, 0xf, 0xfe, 0x96, 0x80, 0x7f,
    0xf0, 0xcc, 0x3, 0xff, 0xa4, 0xe0, 0x1f, 0xfc,
    0x3e, 0x0, 0xff, 0xe8, 0xc0, 0x80, 0x7f, 0xf0,
    0xd0, 0x3, 0xff, 0xa0, 0x8e, 0x1, 0xff, 0xc3,
    0x12, 0x0, 0xff, 0xe7, 0xad, 0x80, 0x7f, 0xf1,
    0x1c, 0x3, 0xff, 0x8c, 0xe0, 0x1e, 0x15, 0xba,
    0x0, 0xff, 0xe2, 0xd0, 0x7, 0xff, 0x18, 0xff,
    0xfd, 0xd4, 0x80, 0x1f, 0xfc, 0x53, 0x30, 0x7,
    0xff, 0x86, 0x40, 0x3f, 0xfc, 0x26, 0xa0, 0x1f,
    0xfe, 0x1f, 0x0, 0xff, 0xf0, 0xc1, 0x80, 0x7f,
    0xf8, 0x11, 0xc0, 0x3f, 0xfc, 0x9, 0x60, 0x1f,
    0xfe, 0x4, 0xb0, 0xf, 0xff, 0x4, 0x58, 0x7,
    0xff, 0x82, 0xdc, 0x3, 0xff, 0xfe, 0x1, 0xff,
    0xc5, 0xd0, 0xf, 0xfe, 0x71, 0xff, 0xe9, 0x0,
    0xff, 0xe1, 0x38, 0x7, 0xff, 0x39, 0xc0, 0x33,
    0x80, 0x7f, 0xf0, 0x84, 0xc0, 0x3f, 0xfa, 0x42,
    0x60, 0x1f, 0xfc, 0x2b, 0x0, 0xff, 0xe9, 0xa0,
    0x7, 0xff, 0x9, 0x40, 0x3f, 0xfa, 0x78, 0x1,
    0xff, 0xc2, 0x21, 0x0, 0xff, 0xe9, 0x20, 0x7,
    0xff, 0xd, 0xc0, 0x3f, 0xfa, 0x68, 0x1, 0xff,
    0xc2, 0xd0, 0xf, 0xfe, 0x9e, 0x80, 0x7f, 0xf0,
    0x90, 0x40, 0x3f, 0xfa, 0x48, 0x1, 0xff, 0xc3,
    0x40, 0xf, 0xfe, 0x91, 0x8, 0x7, 0xff, 0xb,
    0xc0, 0x3f, 0xfa, 0x6e, 0x1, 0xff, 0xc2, 0x50,
    0xf, 0xfe, 0x9e, 0x0, 0x7f, 0xf0, 0xd0, 0x3,
    0xff, 0xa4, 0x80, 0x1f, 0xfc, 0x3d, 0x0, 0xff,
    0xe9, 0x9, 0x80, 0x7f, 0xf0, 0x9c, 0x3, 0xff,
    0xa6, 0x80, 0x1f, 0xfc, 0x21, 0x30, 0xf, 0xfe,
    0x95, 0x80, 0x7f, 0xf0, 0xec, 0x3, 0xff, 0xa4,
    0x60, 0x1f, 0xfc, 0x35, 0x0, 0xff, 0xe9, 0xa8,
    0x7, 0xff, 0x8, 0x88, 0x1, 0xff, 0xd2, 0xc0,
    0xf, 0xfe, 0x1a, 0x0, 0x7f, 0xf4, 0x90, 0x3,
    0xff, 0x87, 0xa0, 0x1f, 0xfd, 0x22, 0x20, 0x7,
    0xff, 0x9, 0x4, 0x3, 0xff, 0xa4, 0x80, 0x1f,
    0xfc, 0x34, 0x0, 0xff, 0xe9, 0x68, 0x7, 0xff,
    0xf, 0xc0, 0x3f, 0xfa, 0x48, 0x1, 0xff, 0xc3,
    0x50, 0xf, 0xfe, 0x99, 0x80, 0x7f, 0xf0, 0xd0,
    0x3, 0xff, 0xa5, 0x60, 0x1f, 0xfc, 0x3d, 0x0,
    0xff, 0xe9, 0x20, 0x7, 0xff, 0xd, 0xc0, 0x3f,
    0xfa, 0x46, 0x20, 0x1f, 0xfc, 0x21, 0x30, 0xf,
    0xfe, 0x92, 0x0, 0x7f, 0xf0, 0xec, 0x3, 0xff,
    0xa5, 0x80, 0x1f, 0xfc, 0x35, 0x0, 0xff, 0xe9,
    0x38, 0x7, 0xff, 0xc, 0x88, 0x1, 0xff, 0xd1,
    0x12, 0x0, 0xff, 0xe1, 0xa0, 0xa8, 0x7, 0xff,
    0xb, 0x80, 0x3f, 0xf8, 0x30, 0x1, 0xff, 0xc3,
    0x20,

    /* U+0053 "S" */
    0x0, 0xff, 0xe1, 0xa, 0xc5, 0xef, 0x7f, 0xdd,
    0xb7, 0x2a, 0x40, 0x1f, 0xfd, 0x6, 0xce, 0xa7,
    0x42, 0x10, 0x8, 0x49, 0x1a, 0xb7, 0x4e, 0x20,
    0x1f, 0xfc, 0xb7, 0xe9, 0x30, 0xf, 0xfe, 0x19,
    0x47, 0x48, 0x80, 0x7f, 0xf1, 0xd3, 0xa0, 0x40,
    0x3f, 0xf9, 0xd, 0xce, 0x1, 0xff, 0xc5, 0x8b,
    0x10, 0xf, 0xfe, 0x64, 0x58, 0x80, 0x7f, 0xf0,
    0xa9, 0xc0, 0x3f, 0xf9, 0xe9, 0x82, 0x1, 0xff,
    0xc0, 0xb5, 0x0, 0xff, 0xe8, 0x96, 0x8, 0x7,
    0xfa, 0x50, 0x3, 0xff, 0xa6, 0x5a, 0x1, 0xfc,
    0xac, 0x1, 0xff, 0xd5, 0x39, 0x0, 0xf8, 0x6c,
    0x3, 0xff, 0xae, 0xc8, 0x1, 0xe8, 0x10, 0xf,
    0xfe, 0xc4, 0x80, 0x70, 0xb0, 0x7, 0xff, 0x64,
    0x94, 0x3, 0x30, 0x7, 0xff, 0x6e, 0x40, 0x35,
    0x0, 0x7f, 0xf1, 0x8d, 0x50, 0x3, 0xff, 0x8c,
    0x64, 0x0, 0x22, 0x0, 0x7f, 0xf1, 0x1b, 0xb2,
    0xaf, 0xe4, 0x40, 0x3f, 0xf8, 0x8a, 0x0, 0x70,
    0xf, 0xfe, 0x24, 0xc8, 0x40, 0x33, 0x60, 0x80,
    0x7f, 0xf0, 0xec, 0x1, 0x80, 0x1f, 0xfc, 0x34,
    0x60, 0xf, 0x8a, 0xc0, 0x3f, 0xf8, 0x66, 0x0,
    0x20, 0xf, 0xfe, 0x1c, 0x0, 0x7f, 0x29, 0x0,
    0x7f, 0xf0, 0xc8, 0x18, 0x3, 0xff, 0x84, 0x26,
    0x1, 0xfe, 0xa0, 0xf, 0xfe, 0x1b, 0x1, 0x80,
    0x7f, 0xf0, 0x94, 0x3, 0xfe, 0x30, 0xf, 0xfe,
    0x19, 0x0, 0x80, 0x7f, 0xf0, 0x84, 0x3, 0xfe,
    0x60, 0xf, 0xfe, 0xa1, 0x80, 0x7f, 0xc6, 0x1,
    0xff, 0xc3, 0x10, 0x10, 0xf, 0xfe, 0x11, 0x0,
    0x7f, 0xf4, 0x4c, 0x3, 0xff, 0x84, 0xa0, 0x1f,
    0xfd, 0x11, 0x0, 0xff, 0xe1, 0x9, 0x80, 0x7f,
    0xf4, 0x14, 0x3, 0xff, 0x87, 0x20, 0x1f, 0xe1,
    0x83, 0x3f, 0xfe, 0xa, 0xb0, 0x78, 0x7, 0xff,
    0xd, 0x50, 0x3, 0xfc, 0xf9, 0x9f, 0xfc, 0x1a,
    0x10, 0x40, 0xf, 0xfe, 0x25, 0x10, 0x7, 0xff,
    0x38, 0x84, 0x3, 0xff, 0x86, 0x3e, 0x20, 0x1f,
    0xfc, 0xe7, 0x0, 0xff, 0xe2, 0x17, 0x90, 0x7,
    0xff, 0x36, 0xc0, 0x3f, 0xf8, 0xa3, 0x88, 0x1,
    0xff, 0xcc, 0x24, 0x0, 0xff, 0xe2, 0x8d, 0xb0,
    0x7, 0xff, 0x32, 0x0, 0x3f, 0xf8, 0xf3, 0x20,
    0xf, 0xfe, 0x59, 0xb0, 0x7, 0xff, 0x1d, 0xb0,
    0x80, 0x3f, 0xf9, 0x50, 0x20, 0x1f, 0xfc, 0x73,
    0xd5, 0x0, 0xff, 0xe4, 0x8d, 0x0, 0x7f, 0xf2,
    0x6a, 0x40, 0x3f, 0xf9, 0x28, 0xe0, 0x1f, 0xfc,
    0x96, 0xc1, 0x0, 0xff, 0xe4, 0x42, 0x0, 0x7f,
    0xf2, 0x4f, 0xd0, 0x3, 0xff, 0x91, 0x66, 0x1,
    0xff, 0xc9, 0x1b, 0x70, 0xf, 0xfe, 0x46, 0x18,
    0x7, 0xff, 0x2a, 0x28, 0x3, 0xff, 0x91, 0x8a,
    0x1, 0xff, 0xca, 0x5c, 0x10, 0xf, 0xfe, 0x3d,
    0x38, 0x7, 0xff, 0x28, 0xfc, 0xc0, 0x3f, 0xf8,
    0xf1, 0x40, 0x1f, 0xfc, 0xa1, 0xc4, 0x0, 0xff,
    0xe3, 0xae, 0x8, 0x7, 0xff, 0x2a, 0xd0, 0x3,
    0xff, 0x8e, 0x7e, 0x80, 0x1f, 0xfc, 0xab, 0x40,
    0xf, 0xfe, 0x38, 0xdc, 0x0, 0x7f, 0xf2, 0xac,
    0x80, 0x3f, 0xf9, 0xf, 0x82, 0x1, 0xff, 0xc9,
    0xf0, 0xf, 0xfe, 0x49, 0xfa, 0x0, 0x7f, 0xf2,
    0xa, 0x80, 0x3f, 0xf9, 0x23, 0x70, 0x1, 0xff,
    0xc8, 0x54, 0x0, 0xff, 0xe5, 0x3e, 0x8, 0x7,
    0xff, 0x1e, 0x40, 0x3f, 0xf9, 0x67, 0xe6, 0x1,
    0xff, 0xc6, 0x24, 0x0, 0xff, 0xe5, 0x8e, 0x28,
    0x7, 0xff, 0x1b, 0xc0, 0x3f, 0xf9, 0xb5, 0x0,
    0x1f, 0xfc, 0x54, 0x10, 0xf, 0xfe, 0x6b, 0xc8,
    0x7, 0xff, 0x15, 0x0, 0x3f, 0xf9, 0xcc, 0xe0,
    0x1f, 0xfc, 0x4c, 0x0, 0x22, 0xaf, 0xff, 0x1,
    0x0, 0x3f, 0xe8, 0x30, 0xf, 0xfe, 0x19, 0x3,
    0xdd, 0x57, 0xff, 0x2, 0xec, 0x1, 0xff, 0x40,
    0x7, 0xff, 0xd, 0x43, 0x40, 0x3f, 0xf8, 0x4a,
    0x1, 0xff, 0x20, 0x80, 0x7f, 0xf0, 0x84, 0x3,
    0xff, 0xa2, 0x80, 0x1f, 0xfe, 0x3, 0x0, 0xff,
    0xe9, 0x88, 0x7, 0xff, 0x44, 0xc0, 0x3f, 0xf8,
    0x62, 0x1, 0xff, 0x18, 0x7, 0xff, 0x10, 0x40,
    0x3f, 0xf8, 0x68, 0x1, 0xff, 0x38, 0x7, 0xff,
    0x8, 0x83, 0x80, 0x3f, 0xf8, 0x7c, 0x1, 0xfe,
    0x32, 0x0, 0xff, 0xe1, 0x30, 0x10, 0x7, 0xff,
    0xd, 0xc, 0x3, 0xfa, 0x0, 0x3f, 0xf8, 0x66,
    0xa, 0x1, 0xff, 0xc4, 0xd2, 0x0, 0xfa, 0x10,
    0x3, 0xff, 0x87, 0xa0, 0x24, 0x1, 0xff, 0xc3,
    0x1c, 0x50, 0xc, 0x54, 0xe0, 0x1f, 0xfc, 0x44,
    0x0, 0x28, 0x7, 0xff, 0x10, 0x6b, 0xae, 0xd9,
    0xaa, 0x1, 0xff, 0xc4, 0x31, 0x0, 0x50, 0x7,
    0xff, 0x18, 0x51, 0x6, 0x1, 0xff, 0xc6, 0xa0,
    0x8, 0x90, 0x3, 0xff, 0xb4, 0x2c, 0x1, 0xbc,
    0x3, 0xff, 0xb5, 0x20, 0x1c, 0x88, 0x0, 0xff,
    0xec, 0x13, 0x80, 0x7a, 0x84, 0x3, 0xff, 0xaf,
    0xc0, 0x1f, 0xd, 0x80, 0x7f, 0xf5, 0xa0, 0xc0,
    0x3f, 0x2c, 0x80, 0x7f, 0xf5, 0x1d, 0xc0, 0x1f,
    0xe6, 0x80, 0xf, 0xfe, 0x93, 0xc0, 0x7, 0xff,
    0x1, 0xec, 0x3, 0xff, 0xa1, 0x30, 0x1, 0xff,
    0xc2, 0x4e, 0x40, 0xf, 0xfe, 0x61, 0xeb, 0x0,
    0x7f, 0xf1, 0x6, 0xec, 0x60, 0x1f, 0xfc, 0x82,
    0x9c, 0x20, 0xf, 0xfe, 0x3a, 0x66, 0x18, 0x40,
    0x3f, 0xf8, 0x6b, 0x5a, 0xc0, 0x1f, 0xfc, 0xb3,
    0x9e, 0xc8, 0x63, 0x21, 0x0, 0x84, 0xd6, 0x2f,
    0xe9, 0x40, 0x3f, 0xf8, 0x20,

    /* U+0054 "T" */
    0xc, 0xff, 0xff, 0xf0, 0xaa, 0x18, 0x7, 0xff,
    0x87, 0x84, 0x3, 0xff, 0xfe, 0x1, 0xff, 0xff,
    0x0, 0xff, 0xff, 0x80, 0x7f, 0xff, 0xc0, 0x3f,
    0xff, 0xe0, 0x1f, 0xff, 0xf0, 0xf, 0xfe, 0x88,
    0x80, 0x7f, 0xf8, 0x85, 0x21, 0x57, 0xff, 0x82,
    0x80, 0x1f, 0xfc, 0x44, 0x55, 0xff, 0xe0, 0xb4,
    0x3, 0xd5, 0x7f, 0xf0, 0x6c, 0x3, 0xff, 0x86,
    0x37, 0x55, 0xff, 0xc1, 0x92, 0x0, 0xff, 0xe9,
    0x98, 0x7, 0xff, 0xfc, 0x3, 0xff, 0xfe, 0x1,
    0xff, 0xff, 0x0, 0xff, 0xff, 0x80, 0x7f, 0xff,
    0xc0, 0x3f, 0xff, 0xe0, 0x1f, 0xff, 0xf0, 0xf,
    0xff, 0xf8, 0x7, 0xff, 0xfc, 0x3, 0xff, 0xfe,
    0x1, 0xff, 0xff, 0x0, 0xff, 0xff, 0x80, 0x7f,
    0xff, 0xc0, 0x3f, 0xff, 0xe0, 0x1f, 0xff, 0xf0,
    0xf, 0xff, 0xf8, 0x7, 0xff, 0xfc, 0x3, 0xff,
    0xfe, 0x1, 0xff, 0xff, 0x0, 0xff, 0xff, 0x80,
    0x7f, 0xff, 0xc0, 0x3f, 0xff, 0xe0, 0x1f, 0xff,
    0xf0, 0xf, 0xff, 0xf8, 0x7, 0xff, 0xfc, 0x3,
    0xff, 0xfe, 0x1, 0xff, 0xff, 0x0, 0xff, 0xff,
    0x80, 0x7f, 0xff, 0xc0, 0x3f, 0xff, 0xe0, 0x1f,
    0xff, 0xf0, 0xf, 0xff, 0xf8, 0x7, 0xff, 0xfc,
    0x3, 0xff, 0xfe, 0x1, 0xff, 0xff, 0x0, 0xff,
    0xff, 0x80, 0x7f, 0xff, 0xc0, 0x3f, 0xff, 0xe0,
    0x1f, 0xff, 0xf0, 0xf, 0xff, 0xf8, 0x7, 0xe6,
    0x0, 0xff, 0xe1, 0x50, 0x7, 0xff, 0x10,

    /* U+0055 "U" */
    0x1d, 0xff, 0xff, 0xe0, 0xe8, 0x80, 0x7f, 0xf0,
    0x17, 0xff, 0xff, 0x85, 0x40, 0xe4, 0x1, 0xff,
    0xc1, 0x27, 0x0, 0xff, 0xe0, 0x70, 0x7, 0xff,
    0x9, 0x40, 0x3f, 0xfc, 0x42, 0x1, 0xff, 0xff,
    0x0, 0xff, 0xff, 0x80, 0x7f, 0xff, 0xc0, 0x3f,
    0xff, 0xe0, 0x1f, 0xff, 0xf0, 0xf, 0xff, 0xf8,
    0x7, 0xff, 0xfc, 0x3, 0xff, 0xfe, 0x1, 0xff,
    0xff, 0x0, 0xff, 0xff, 0x80, 0x7f, 0xff, 0xc0,
    0x3f, 0xff, 0xe0, 0x1f, 0xff, 0xf0, 0xf, 0xff,
    0xf8, 0x7, 0xff, 0xfc, 0x3, 0xff, 0xfe, 0x1,
    0xff, 0xff, 0x0, 0xff, 0xff, 0x80, 0x7f, 0xff,
    0xc0, 0x3f, 0xff, 0xe0, 0x1f, 0xff, 0xf0, 0xf,
    0xff, 0xf8, 0x7, 0xff, 0xfc, 0x3, 0xff, 0xfe,
    0x1, 0xff, 0xff, 0x0, 0xff, 0xff, 0x80, 0x7f,
    0xff, 0xc0, 0x3f, 0xff, 0xe0, 0x1f, 0xff, 0xf0,
    0xf, 0xff, 0xf8, 0x7, 0xff, 0xfc, 0x3, 0xff,
    0xfe, 0x1, 0xff, 0xff, 0x0, 0xfc, 0x20, 0x1f,
    0xfe, 0x23, 0x0, 0xff, 0xe8, 0x38, 0x7, 0xff,
    0x10, 0x40, 0x3f, 0xf8, 0x62, 0x1, 0xff, 0xc0,
    0x10, 0xf, 0xfe, 0x10, 0x83, 0x0, 0x7f, 0xf0,
    0xf8, 0x3, 0xff, 0x80, 0x40, 0x1f, 0xfc, 0x23,
    0x2, 0x0, 0xff, 0xe1, 0xa0, 0x7, 0xfc, 0x60,
    0x1f, 0xfc, 0x36, 0x0, 0x10, 0x7, 0xff, 0x8,
    0x8c, 0x3, 0xfd, 0x40, 0x1f, 0xfc, 0x33, 0x0,
    0x38, 0x7, 0xff, 0xf, 0xc0, 0x3f, 0x89, 0x80,
    0x3f, 0xf8, 0x78, 0x0, 0xc0, 0xf, 0xfe, 0x19,
    0xc8, 0x7, 0xee, 0x0, 0xff, 0xe2, 0x20, 0x1,
    0xc0, 0x3f, 0xf8, 0x8d, 0x64, 0x1, 0x93, 0x4c,
    0x3, 0xff, 0x86, 0x80, 0x10, 0xa0, 0x7, 0xff,
    0x11, 0x37, 0x57, 0x6e, 0xb2, 0x0, 0xff, 0xe2,
    0x68, 0x6, 0xe0, 0xf, 0xfe, 0x31, 0x22, 0x4,
    0x3, 0xff, 0x8a, 0x2c, 0x1, 0x94, 0x80, 0x3f,
    0xfb, 0x4c, 0x1, 0xe8, 0x0, 0xff, 0xec, 0x8c,
    0x0, 0x79, 0x50, 0x3, 0xff, 0xb1, 0x0, 0x1f,
    0xa8, 0x3, 0xff, 0xae, 0x8c, 0x1, 0xf8, 0x6c,
    0x3, 0xff, 0xaa, 0x54, 0x1, 0xfe, 0x49, 0x0,
    0xff, 0xe9, 0x8f, 0x88, 0x7, 0xfc, 0xd2, 0x1,
    0xff, 0xd1, 0x1c, 0x20, 0xf, 0xfe, 0xb, 0x58,
    0x80, 0x7f, 0xf3, 0x8f, 0xc8, 0x3, 0xff, 0x86,
    0x9e, 0x80, 0x1f, 0xfc, 0xc8, 0xc1, 0x0, 0xff,
    0xe2, 0x8d, 0xd1, 0x0, 0x7f, 0xf2, 0x17, 0x5c,
    0x3, 0xff, 0x92, 0xbb, 0x6a, 0x1, 0xff, 0xc3,
    0x27, 0xda, 0x20, 0xf, 0xfe, 0x62, 0x57, 0xe4,
    0x29, 0x88, 0x6, 0x24, 0x69, 0xdd, 0x41, 0x0,
    0x7f, 0xf0, 0x40,

    /* U+0056 "V" */
    0x5f, 0xff, 0xfe, 0x1f, 0x20, 0x7, 0xff, 0xc,
    0xfb, 0xff, 0xff, 0x85, 0xa0, 0x60, 0x1f, 0xfc,
    0x31, 0xe0, 0xf, 0xfe, 0x1d, 0x88, 0x7, 0xff,
    0x8, 0x81, 0x40, 0x3f, 0xf8, 0x8c, 0x1, 0xff,
    0xc3, 0x30, 0xf, 0xfe, 0x19, 0x1, 0x80, 0x7f,
    0xf1, 0xc, 0x3, 0xff, 0x86, 0xc0, 0x1f, 0xfc,
    0x37, 0x0, 0x18, 0x7, 0xff, 0x10, 0x40, 0x3f,
    0xf8, 0x44, 0x1, 0xff, 0xc3, 0xc0, 0x2, 0x80,
    0x7f, 0xf1, 0x14, 0x3, 0xff, 0x82, 0x40, 0x1f,
    0xfc, 0x45, 0x0, 0x60, 0x7, 0xff, 0x10, 0x80,
    0x3f, 0xf8, 0x2c, 0x1, 0xff, 0xc4, 0x30, 0x3,
    0x80, 0x7f, 0xf1, 0x3c, 0x3, 0xff, 0x82, 0x60,
    0x1f, 0xfc, 0x33, 0x0, 0x88, 0x3, 0xff, 0x88,
    0x40, 0x1f, 0xfc, 0x1e, 0x0, 0xff, 0xe1, 0xa8,
    0x6, 0x40, 0xf, 0xfe, 0x1a, 0x80, 0x7f, 0xf0,
    0x54, 0x3, 0xff, 0x87, 0xe0, 0x18, 0xc0, 0x3f,
    0xf8, 0x62, 0x1, 0xff, 0xc1, 0x20, 0xf, 0xfe,
    0x1a, 0x0, 0x6d, 0x0, 0xff, 0xe2, 0x18, 0x7,
    0xfc, 0x22, 0x0, 0xff, 0xe1, 0x90, 0x6, 0x40,
    0xf, 0xfe, 0x23, 0x0, 0x7f, 0xc4, 0x1, 0xff,
    0xc3, 0x40, 0xe, 0x11, 0x0, 0x7f, 0xf0, 0xf4,
    0x3, 0xfe, 0x60, 0xf, 0xfe, 0x19, 0x80, 0x79,
    0x40, 0x3f, 0xf8, 0x64, 0x1, 0xff, 0x68, 0x7,
    0xff, 0xf, 0x40, 0x3d, 0x80, 0x1f, 0xfc, 0x37,
    0x0, 0xff, 0x88, 0x3, 0xff, 0x86, 0x80, 0x1e,
    0x30, 0xf, 0xfe, 0x19, 0x0, 0x7f, 0xce, 0x1,
    0xff, 0xc2, 0x11, 0x0, 0x79, 0x40, 0x3f, 0xf8,
    0x84, 0x1, 0xfe, 0x20, 0xf, 0xfe, 0x12, 0x80,
    0x7c, 0x24, 0x1, 0xff, 0xc3, 0x60, 0xf, 0xe2,
    0x0, 0xff, 0xe1, 0xe0, 0x7, 0xe7, 0x0, 0xff,
    0xe1, 0x98, 0x7, 0xf3, 0x0, 0x7f, 0xf0, 0xcc,
    0x3, 0xf6, 0x0, 0x7f, 0xf0, 0xf8, 0x3, 0xf8,
    0x80, 0x3f, 0xf8, 0x68, 0x1, 0xf9, 0x40, 0x3f,
    0xf8, 0x6a, 0x1, 0xfd, 0xe0, 0x1f, 0xfc, 0x22,
    0x0, 0xfe, 0x30, 0xf, 0xfe, 0x19, 0x0, 0x7f,
    0x10, 0x7, 0xff, 0x9, 0xc0, 0x3f, 0xc6, 0x1,
    0xff, 0xc2, 0x11, 0x0, 0x7e, 0x50, 0xf, 0xfe,
    0x16, 0x0, 0x7f, 0x94, 0x3, 0xff, 0x86, 0x40,
    0x1f, 0x84, 0x3, 0xff, 0x84, 0xa0, 0x1f, 0xef,
    0x0, 0xff, 0xe1, 0xa8, 0x7, 0xc6, 0x1, 0xff,
    0xc3, 0x30, 0xf, 0xf2, 0x0, 0x7f, 0xf0, 0xf8,
    0x3, 0xe6, 0x0, 0xff, 0xe1, 0x18, 0x7, 0xfc,
    0x40, 0x1f, 0xfc, 0x33, 0x0, 0xf8, 0x80, 0x3f,
    0xf8, 0x4a, 0x1, 0xff, 0xc0, 0x30, 0xf, 0xfe,
    0x13, 0x0, 0x7d, 0xa0, 0x1f, 0xfc, 0x2c, 0x0,
    0xff, 0xe0, 0x20, 0x7, 0xff, 0x8, 0x80, 0x3e,
    0x60, 0xf, 0xfe, 0x13, 0x80, 0x7f, 0xf0, 0x34,
    0x3, 0xff, 0x86, 0x40, 0x1e, 0x30, 0xf, 0xfe,
    0x8, 0x90, 0x7, 0xff, 0x1, 0x0, 0x3f, 0xf8,
    0x6e, 0x1, 0xc2, 0x1, 0xff, 0xc2, 0x50, 0xf,
    0xfe, 0x8, 0x88, 0x3, 0xff, 0x85, 0xa0, 0x1c,
    0xa0, 0x1f, 0xfc, 0x23, 0x0, 0xff, 0xe1, 0x28,
    0x7, 0xff, 0x8, 0x80, 0x38, 0x80, 0x3f, 0xf8,
    0x58, 0x1, 0xff, 0xc2, 0xc0, 0xf, 0xfe, 0x13,
    0x80, 0x77, 0x80, 0x7f, 0xf0, 0x94, 0x3, 0xff,
    0x84, 0x60, 0x1f, 0xfc, 0x22, 0x0, 0xe2, 0x0,
    0xff, 0xe0, 0x88, 0x80, 0x3f, 0xf8, 0x4a, 0x1,
    0xff, 0xc3, 0x20, 0xc, 0xc0, 0x1f, 0xfc, 0x14,
    0x0, 0xff, 0xe1, 0x89, 0x0, 0x7f, 0xf0, 0x98,
    0x3, 0x10, 0x7, 0xff, 0x7, 0x40, 0x3f, 0xf8,
    0x8e, 0x1, 0xff, 0xc2, 0x30, 0x8, 0x80, 0x3f,
    0xf8, 0x46, 0x1, 0xff, 0xc4, 0xd0, 0xf, 0xfe,
    0x17, 0x0, 0x4e, 0x1, 0xff, 0xc2, 0x40, 0xf,
    0xfe, 0x22, 0x0, 0x7f, 0xf0, 0x94, 0x2, 0x20,
    0xf, 0xfe, 0x9, 0x0, 0x7f, 0xf1, 0x4c, 0x3,
    0xff, 0x84, 0x40, 0x16, 0x80, 0x7f, 0xf0, 0x50,
    0x3, 0xff, 0x8c, 0x60, 0x1f, 0xfc, 0x11, 0x10,
    0x1, 0x80, 0x3f, 0xf8, 0x3e, 0x1, 0xff, 0xc6,
    0x50, 0xf, 0xfe, 0x11, 0x0, 0x8, 0x3, 0xff,
    0x82, 0xa0, 0x1f, 0xfc, 0x6f, 0x0, 0xff, 0xe1,
    0x28, 0x8, 0x80, 0x3f, 0xf8, 0x26, 0x1, 0xff,
    0xc6, 0x40, 0xf, 0xfe, 0x17, 0x1, 0x0, 0x7f,
    0xf0, 0x4c, 0x3, 0xff, 0x8e, 0x40, 0x1f, 0xfc,
    0x23, 0x5, 0x0, 0xff, 0xe0, 0xa0, 0x7, 0xff,
    0x20, 0xc0, 0x3f, 0xf8, 0x2c, 0x1c, 0x1, 0xff,
    0xc1, 0xd0, 0xf, 0xfe, 0x42, 0x0, 0x7f, 0xf0,
    0x48, 0xc, 0x3, 0xff, 0x82, 0xe0, 0x1f, 0xfc,
    0x8d, 0x0, 0xff, 0xe1, 0x13, 0x0, 0x7f, 0xf0,
    0x4, 0x80, 0x3f, 0xf9, 0xe, 0x1, 0xff, 0xc2,
    0x42, 0x0, 0xff, 0xe0, 0x28, 0x7, 0xff, 0x24,
    0x84, 0x3, 0xff, 0x83, 0x20, 0x1f, 0xfc, 0x13,
    0x0, 0xff, 0xe5, 0x28, 0x7, 0xff, 0x3f, 0x0,
    0x3f, 0xf9, 0x46, 0x1, 0xff, 0xcf, 0x50, 0xf,
    0xfe, 0x56, 0x0, 0x7f, 0xf3, 0x88, 0x40, 0x3f,
    0xf9, 0x4a, 0x1, 0xff, 0xce, 0x70, 0xf, 0xfe,
    0x58, 0x90, 0x7, 0xff, 0x37, 0x40, 0x3f, 0xf9,
    0x8e, 0x1, 0xff, 0xcd, 0x40, 0xf, 0xfe, 0x66,
    0x80, 0x7f, 0xf3, 0x4c, 0x3, 0xff, 0x98, 0x80,
    0x1f, 0xfc, 0xc2, 0x0, 0xff, 0xe6, 0x98, 0x7,
    0xff, 0x31, 0x0, 0x3f, 0xf9, 0xc4, 0x1, 0xff,
    0xcb, 0xf0, 0xf, 0xfe, 0x72, 0x0, 0x7f, 0xf2,
    0xd0, 0x3, 0xff, 0x9d, 0xe0, 0x1f, 0xfc, 0xb2,
    0x0, 0xff, 0xe7, 0x28, 0x7, 0xff, 0x28, 0xc0,
    0x3f, 0xf9, 0xe6, 0x1, 0xff, 0xca, 0x40, 0xf,
    0xfe, 0x81, 0x80, 0x7f, 0xf2, 0x74, 0x3, 0xff,
    0xa0, 0xa0, 0x1f, 0xfc, 0x94, 0x0, 0xff, 0xe8,
    0x60, 0x7, 0xff, 0x20, 0x44, 0x1, 0xff, 0xd0,
    0x70, 0xf, 0xfe, 0x42, 0x80, 0x7f, 0xf4, 0x48,
    0x40, 0x3f, 0xf8, 0xf8, 0x1, 0xff, 0xd2, 0x50,
    0xf, 0xfe, 0x39, 0x80, 0x7f, 0xf4, 0x8c, 0x3,
    0xff, 0x8e, 0xa0, 0x1f, 0xfd, 0x2c, 0x0, 0xff,
    0xe3, 0x10, 0x80, 0x7f, 0xf4, 0x94, 0x3, 0xff,
    0x8c, 0xe0, 0x1f, 0xfd, 0x31, 0x10, 0x7, 0xff,
    0x17, 0x0, 0x3f, 0xfa, 0x88, 0x1, 0xff, 0xc5,
    0x50, 0xf, 0xfe, 0xa6, 0x80, 0x7f, 0xf1, 0x4c,
    0x3, 0xff, 0xa8, 0xc2, 0x1, 0xff, 0xc3, 0x70,
    0xf, 0xfe, 0x28,

    /* U+0057 "W" */
    0x8f, 0xff, 0xfe, 0x17, 0x20, 0x7, 0xff, 0x0,
    0x77, 0xff, 0xff, 0x81, 0x20, 0x1f, 0xfc, 0x1b,
    0xff, 0xff, 0xe1, 0x48, 0x10, 0x7, 0xff, 0x8,
    0x78, 0x3, 0xff, 0x80, 0x84, 0x1, 0xff, 0xc0,
    0x60, 0xf, 0xfe, 0x1, 0x20, 0x7, 0xff, 0x9,
    0x43, 0x40, 0x3f, 0xf8, 0x6c, 0x1, 0xff, 0xc0,
    0x20, 0xf, 0xfe, 0x11, 0x0, 0x7f, 0xcc, 0x1,
    0xff, 0xc3, 0x50, 0x40, 0xf, 0xfe, 0x19, 0x80,
    0x7f, 0xf0, 0x34, 0x3, 0xff, 0x84, 0xc0, 0x1f,
    0xf1, 0x0, 0x7f, 0xf0, 0xfc, 0xc, 0x3, 0xff,
    0x88, 0x20, 0x1f, 0xf3, 0x0, 0x7f, 0xf0, 0x8c,
    0x3, 0xfe, 0xe0, 0xf, 0xfe, 0x1a, 0x80, 0x8,
    0x3, 0xff, 0x86, 0xa0, 0x1f, 0xf1, 0x80, 0x7f,
    0xf0, 0xb8, 0x3, 0xfe, 0x30, 0xf, 0xfe, 0x19,
    0x0, 0x1c, 0x3, 0xff, 0x86, 0x40, 0x1f, 0xe1,
    0x0, 0xff, 0xe1, 0xa8, 0x7, 0xfc, 0xc0, 0x1f,
    0xfc, 0x22, 0x10, 0x6, 0x80, 0x7f, 0xf0, 0xfc,
    0x3, 0xfc, 0x40, 0x1f, 0xfc, 0x33, 0x0, 0xff,
    0x88, 0x3, 0xff, 0x84, 0xc0, 0x11, 0x80, 0x7f,
    0xf0, 0xc8, 0x3, 0xfc, 0xa0, 0x1f, 0xfc, 0x41,
    0x0, 0xfe, 0x10, 0xf, 0xfe, 0x19, 0x80, 0x48,
    0x1, 0xff, 0xc3, 0x50, 0xf, 0xf7, 0x0, 0x7f,
    0xf1, 0x14, 0x3, 0xf9, 0x40, 0x3f, 0xf8, 0x7a,
    0x1, 0x88, 0x3, 0xff, 0x84, 0x20, 0x1f, 0xe3,
    0x0, 0xff, 0xe2, 0x18, 0x7, 0xf1, 0x0, 0x7f,
    0xf0, 0xdc, 0x3, 0x38, 0x7, 0xff, 0xc, 0xc0,
    0x3f, 0x98, 0x3, 0xff, 0x89, 0xc0, 0x1f, 0xdc,
    0x1, 0xff, 0xc3, 0x20, 0xd, 0xa0, 0x1f, 0xfc,
    0x36, 0x0, 0xfe, 0x20, 0xf, 0xfe, 0x22, 0x80,
    0x7f, 0x18, 0x7, 0xff, 0x8, 0xc0, 0x38, 0xc0,
    0x3f, 0xf8, 0x7a, 0x1, 0xf8, 0x80, 0x3f, 0xf8,
    0xa4, 0x1, 0xfc, 0xc0, 0x1f, 0xfc, 0x25, 0x0,
    0xe5, 0x0, 0xff, 0xe1, 0x98, 0x7, 0xe6, 0x0,
    0xff, 0xe2, 0x88, 0x80, 0x3f, 0x10, 0x7, 0xff,
    0xb, 0xc0, 0x38, 0x48, 0x3, 0xff, 0x84, 0xc0,
    0x1f, 0x8c, 0x3, 0xff, 0x8c, 0xa0, 0x1f, 0x8,
    0x7, 0xff, 0xd, 0x40, 0x3c, 0xe0, 0x1f, 0xfc,
    0x22, 0x0, 0xfd, 0xc0, 0x1f, 0xfc, 0x62, 0x0,
    0xf9, 0x40, 0x3f, 0xf8, 0x66, 0x1, 0xed, 0x0,
    0xff, 0xe1, 0x90, 0x7, 0xc4, 0x1, 0xff, 0xc6,
    0xf0, 0xf, 0x88, 0x3, 0xff, 0x84, 0x40, 0x1f,
    0x18, 0x7, 0xff, 0xd, 0xc0, 0x3e, 0x50, 0xf,
    0xfe, 0x32, 0x80, 0x7d, 0xc0, 0x1f, 0xfc, 0x27,
    0x0, 0xf9, 0x40, 0x3f, 0xf8, 0x64, 0x1, 0xf0,
    0x80, 0x7f, 0xf1, 0x88, 0x3, 0xe2, 0x0, 0xff,
    0xe1, 0x68, 0x7, 0xc2, 0x40, 0x1f, 0xfc, 0x2d,
    0x0, 0xf1, 0x80, 0x7f, 0xf1, 0xc4, 0x40, 0x1e,
    0x70, 0xf, 0xfe, 0x11, 0x80, 0x7e, 0x70, 0xf,
    0xfe, 0x13, 0x0, 0x79, 0x80, 0x3f, 0xf9, 0x4,
    0x1, 0xe2, 0x0, 0xff, 0xe1, 0x28, 0x7, 0xed,
    0x0, 0xff, 0xe1, 0x18, 0x7, 0x88, 0x3, 0xff,
    0x90, 0xa0, 0x1c, 0x20, 0x1f, 0xfc, 0x21, 0x10,
    0x7, 0xe3, 0x0, 0xff, 0xe1, 0x88, 0x7, 0x68,
    0x7, 0xff, 0x23, 0xc0, 0x38, 0x80, 0x3f, 0xf8,
    0x4a, 0x1, 0xfc, 0xa0, 0x1f, 0xfc, 0x35, 0x0,
    0xe6, 0x0, 0xff, 0xe4, 0x10, 0x7, 0x28, 0x7,
    0xff, 0x8, 0xc0, 0x3f, 0x84, 0x40, 0x1f, 0xfc,
    0x22, 0x0, 0xe3, 0x0, 0xff, 0xe4, 0x28, 0x7,
    0x70, 0x7, 0xff, 0xb, 0x40, 0x3f, 0xc8, 0x1,
    0xff, 0xc2, 0xf0, 0xc, 0x20, 0x1f, 0xfc, 0x91,
    0x10, 0x6, 0x20, 0xf, 0xfe, 0x13, 0x80, 0x7f,
    0xb4, 0x3, 0xff, 0x84, 0x40, 0x18, 0x80, 0x3f,
    0xf9, 0x44, 0x1, 0x98, 0x3, 0xff, 0x84, 0x40,
    0x1f, 0xe3, 0x0, 0xff, 0xe1, 0x28, 0x6, 0x50,
    0xf, 0xfe, 0x52, 0x80, 0x63, 0x0, 0xff, 0xe0,
    0x98, 0x7, 0xfc, 0xa0, 0x1f, 0xfc, 0x21, 0x10,
    0x5, 0xc0, 0x1f, 0xfc, 0xae, 0x0, 0x84, 0x3,
    0xff, 0x84, 0xa0, 0x1f, 0xf0, 0x88, 0x3, 0xff,
    0x84, 0x40, 0x11, 0x80, 0x7f, 0xf2, 0x8c, 0x2,
    0x20, 0xf, 0xfe, 0x17, 0x80, 0x7f, 0xf0, 0x14,
    0x3, 0xff, 0x84, 0xa0, 0x13, 0x0, 0x7f, 0xf2,
    0x94, 0x2, 0x50, 0xf, 0xfe, 0x12, 0x80, 0x7f,
    0xf0, 0x30, 0x3, 0xff, 0x85, 0xc0, 0x11, 0x0,
    0x7f, 0xf2, 0x84, 0x2, 0xe0, 0xf, 0xfe, 0x11,
    0x80, 0x7f, 0xf0, 0xc, 0x3, 0xff, 0x84, 0x60,
    0x2, 0x0, 0xff, 0xe6, 0x18, 0x0, 0x80, 0x3f,
    0xf8, 0x24, 0x1, 0xff, 0xc1, 0x50, 0xf, 0xfe,
    0x13, 0x0, 0x18, 0x3, 0xff, 0x98, 0xc0, 0x6,
    0x0, 0xff, 0xe0, 0xb8, 0x7, 0xff, 0x4, 0x44,
    0x1, 0xff, 0xc1, 0x20, 0x1, 0x80, 0x7f, 0xf3,
    0x34, 0x0, 0x60, 0x1f, 0xfc, 0x1d, 0x0, 0xff,
    0xe1, 0x28, 0x7, 0xff, 0x8, 0x83, 0x80, 0x3f,
    0xea, 0x0, 0xff, 0xe0, 0x18, 0x8, 0x7, 0xff,
    0x8, 0xc0, 0x3f, 0xf8, 0x46, 0x1, 0xff, 0xc2,
    0x70, 0x50, 0xf, 0xf9, 0xc8, 0x3, 0xfe, 0x60,
    0x20, 0xf, 0xfe, 0x12, 0x80, 0x7f, 0xf0, 0xb0,
    0x3, 0xff, 0x84, 0x40, 0x40, 0x1f, 0xf1, 0x38,
    0x7, 0xfc, 0x40, 0xc0, 0x1f, 0xfc, 0x11, 0x10,
    0x7, 0xff, 0x9, 0x40, 0x3f, 0xf8, 0x5a, 0x2,
    0x1, 0xfe, 0x20, 0x20, 0xf, 0xfe, 0x1, 0xe8,
    0x7, 0xff, 0x5, 0x40, 0x3f, 0xf8, 0x62, 0x20,
    0xf, 0xfe, 0xb, 0x18, 0x7, 0xfc, 0xc1, 0xa0,
    0x1f, 0xfc, 0x6, 0x20, 0xf, 0xfe, 0x9, 0x80,
    0x7f, 0xf1, 0x14, 0x3, 0xff, 0x82, 0x6a, 0x1,
    0xff, 0x18, 0x30, 0x7, 0xff, 0x3, 0x5c, 0x3,
    0xff, 0x83, 0xa0, 0x1f, 0xfc, 0x43, 0x0, 0xff,
    0xe1, 0x48, 0x7, 0xfd, 0xc0, 0x60, 0x1f, 0xfc,
    0x7, 0x20, 0xf, 0xfe, 0xb, 0x80, 0x7f, 0xf1,
    0x34, 0x3, 0xff, 0x9c, 0x40, 0x1, 0x0, 0xff,
    0xe7, 0x10, 0x7, 0xff, 0x11, 0x0, 0x3f, 0xf9,
    0xcc, 0x0, 0x50, 0xf, 0xfe, 0x69, 0x80, 0x7f,
    0xf1, 0x44, 0x40, 0x1f, 0xfc, 0xd2, 0x0, 0x10,
    0x7, 0xff, 0x35, 0x40, 0x3f, 0xf8, 0xca, 0x1,
    0xff, 0xcc, 0x20, 0xb, 0xc0, 0x3f, 0xf9, 0xbe,
    0x1, 0xff, 0xc6, 0x30, 0xf, 0xfe, 0x63, 0x0,
    0x44, 0x1, 0xff, 0xcd, 0x50, 0xf, 0xfe, 0x36,
    0x80, 0x7f, 0xf3, 0xc, 0x2, 0x50, 0xf, 0xfe,
    0x69, 0x80, 0x7f, 0xf1, 0x9c, 0x3, 0xff, 0x99,
    0xc0, 0x10, 0x88, 0x3, 0xff, 0x96, 0x40, 0x1f,
    0xfc, 0x72, 0x10, 0xf, 0xfe, 0x59, 0x0, 0x62,
    0x0, 0xff, 0xe5, 0xb8, 0x7, 0xff, 0x21, 0x40,
    0x3f, 0xf9, 0x6c, 0x1, 0x94, 0x3, 0xff, 0x97,
    0xa0, 0x1f, 0xfc, 0x83, 0x0, 0xff, 0xe5, 0x90,
    0x6, 0xe0, 0xf, 0xfe, 0x59, 0x80, 0x7f, 0xf2,
    0x34, 0x3, 0xff, 0x94, 0x40, 0x1c, 0x60, 0x1f,
    0xfc, 0xb5, 0x0, 0xff, 0xe4, 0x38, 0x7, 0xff,
    0x29, 0x80, 0x39, 0x80, 0x3f, 0xf9, 0x42, 0x20,
    0xf, 0xfe, 0x41, 0x0, 0x7f, 0xf2, 0x8c, 0x3,
    0x88, 0x3, 0xff, 0x94, 0xa0, 0x1f, 0xfc, 0xa4,
    0x0, 0xff, 0xe4, 0xf0, 0x7, 0x88, 0x3, 0xff,
    0x92, 0x60, 0x1f, 0xfc, 0xa3, 0x0, 0xff, 0xe4,
    0x90, 0x7, 0x9c, 0x3, 0xff, 0x93, 0xa0, 0x1f,
    0xfc, 0xad, 0x0, 0xff, 0xe4, 0xb0, 0x7, 0xb4,
    0x3, 0xff, 0x92, 0xe0, 0x1f, 0xfc, 0xa7, 0x0,
    0xff, 0xe4, 0x90, 0x7, 0x88, 0x3, 0xff, 0x92,
    0x40, 0x1f, 0xfc, 0xa2, 0x0, 0xff, 0xe4, 0x10,
    0x7, 0xce, 0x1, 0xff, 0xc8, 0x30, 0xf, 0xfe,
    0x61, 0x80, 0x7f, 0xf1, 0xd8, 0x3, 0xe2, 0x0,
    0xff, 0xe4, 0x28, 0x7, 0xff, 0x31, 0x0, 0x3f,
    0xf8, 0xe6, 0x1, 0xf8, 0x80, 0x3f, 0xf8, 0xfc,
    0x1, 0xff, 0xcc, 0xd0, 0xf, 0xfe, 0x3f, 0x0,
    0x7e, 0x60, 0xf, 0xfe, 0x39, 0x80, 0x7f, 0xf3,
    0x1c, 0x3, 0xff, 0x8e, 0x40, 0x1f, 0x8c, 0x3,
    0xff, 0x8e, 0xa0, 0x1f, 0xfc, 0xc2, 0x0, 0xff,
    0xe3, 0xb0, 0x7, 0xee, 0x0, 0xff, 0xe3, 0x8,
    0x80, 0x3f, 0xf9, 0xa6, 0x1, 0xff, 0xc6, 0x20,
    0xf, 0xca, 0x1, 0xff, 0xc6, 0x50, 0xf, 0xfe,
    0x72, 0x80, 0x7f, 0xf1, 0x48, 0x3, 0xf8, 0xc0,
    0x3f, 0xf8, 0xc6, 0x1, 0xff, 0xce, 0xc0, 0xf,
    0xfe, 0x2b, 0x0, 0x7f, 0x84, 0x3, 0xff, 0x8b,
    0xa0, 0x1f, 0xfc, 0xe7, 0x0, 0xff, 0xe2, 0x98,
    0x7, 0xf9, 0x40, 0x3f, 0xf8, 0xae, 0x1, 0xff,
    0xce, 0x20, 0xf, 0xfe, 0x2f, 0x0, 0x7f, 0x88,
    0x3, 0xff, 0x8a, 0x40, 0x1f, 0xfc, 0xf3, 0x0,
    0xff, 0xe2, 0x10, 0x7, 0xfb, 0xc0, 0x3f, 0xf8,
    0x86, 0x1, 0xff, 0xd0, 0x50, 0xf, 0xfe, 0x23,
    0x0, 0x7f, 0x88, 0x3, 0xff, 0x88, 0xa0, 0x1f,
    0xfd, 0xf, 0x0, 0xff, 0xe2, 0x10, 0x7, 0xf9,
    0x40, 0x3f, 0xf8, 0x9e, 0x1, 0xff, 0xd0, 0x40,
    0xf, 0xfe, 0x19, 0x0, 0x7f, 0xc2, 0x1, 0xff,
    0xc4, 0x50, 0xf, 0xfe, 0x81, 0x0, 0x7f, 0xf0,
    0xd8, 0x3, 0xff, 0x80, 0x60, 0x1f, 0xfc, 0x33,
    0x0, 0xff, 0xe8, 0x98, 0x7, 0xff, 0x8, 0xc0,
    0x3f, 0xf8, 0xc, 0x1, 0xff, 0xc2, 0x20, 0xf,
    0xfe, 0x92, 0x80, 0x7f, 0xf0, 0xb8, 0x3, 0xff,
    0x81, 0xa0, 0x1f, 0xfc, 0x27, 0x0, 0xff, 0xe9,
    0x50, 0x80, 0x7f, 0xf0, 0x5, 0xc0, 0x3f, 0xf8,
    0xa, 0x20, 0x1f, 0xfc, 0x1e, 0x0, 0xff, 0xe1,
    0x80,

    /* U+0058 "X" */
    0x1e, 0xff, 0xff, 0xe1, 0x30, 0x7, 0xff, 0xc,
    0xbb, 0xff, 0xff, 0x84, 0x60, 0x20, 0x1f, 0xfc,
    0x28, 0x0, 0xff, 0xe1, 0xd8, 0x80, 0x7f, 0xf0,
    0x9c, 0x50, 0x3, 0xff, 0x84, 0x28, 0x1, 0xff,
    0xc2, 0x70, 0xf, 0xfe, 0x10, 0xa0, 0x70, 0x7,
    0xff, 0xf, 0x40, 0x3f, 0xf8, 0x28, 0x20, 0x1f,
    0xfc, 0x26, 0x0, 0x28, 0x80, 0x7f, 0xf0, 0x9c,
    0x3, 0xff, 0x83, 0xa0, 0x1f, 0xfc, 0x3a, 0x0,
    0x98, 0x3, 0xff, 0x84, 0x28, 0x1, 0xff, 0xc0,
    0x70, 0xf, 0xfe, 0x12, 0x10, 0x5, 0x40, 0x1f,
    0xfc, 0x3d, 0x0, 0xff, 0x90, 0x40, 0x3f, 0xf8,
    0x5c, 0x1, 0x89, 0x0, 0x3f, 0xf8, 0x4e, 0x1,
    0xff, 0x68, 0x7, 0xff, 0x8, 0x54, 0x3, 0xb8,
    0x3, 0xff, 0x84, 0x28, 0x1, 0xfe, 0x70, 0xf,
    0xfe, 0x13, 0x0, 0x79, 0x44, 0x3, 0xff, 0x85,
    0xa0, 0x1f, 0xc8, 0x20, 0x1f, 0xfc, 0x2a, 0x0,
    0xf9, 0x80, 0x3f, 0xf8, 0x4e, 0x1, 0xfd, 0xc0,
    0x1f, 0xfc, 0x24, 0x20, 0xf, 0xa8, 0x3, 0xff,
    0x84, 0x28, 0x1, 0xf9, 0x0, 0x3f, 0xf8, 0x5c,
    0x1, 0xf8, 0x90, 0x3, 0xff, 0x85, 0xa0, 0x1f,
    0x20, 0x80, 0x7f, 0xf0, 0x45, 0x40, 0x3f, 0xb8,
    0x3, 0xff, 0x84, 0xe0, 0x1f, 0x70, 0x7, 0xff,
    0x9, 0x80, 0x3f, 0xca, 0x20, 0x1f, 0xfc, 0x11,
    0x40, 0xf, 0x28, 0x7, 0xff, 0xa, 0x80, 0x3f,
    0xe6, 0x0, 0xff, 0xe1, 0x68, 0x7, 0x20, 0x7,
    0xff, 0x9, 0x8, 0x3, 0xfe, 0xa0, 0xf, 0xfe,
    0x13, 0x80, 0x77, 0x0, 0x7f, 0xf0, 0xb8, 0x3,
    0xff, 0x80, 0x48, 0x1, 0xff, 0xc1, 0x14, 0x0,
    0xca, 0x1, 0xff, 0xc1, 0x15, 0x0, 0xff, 0xe0,
    0xf0, 0x7, 0xff, 0xb, 0x40, 0x24, 0x0, 0xff,
    0xe1, 0x30, 0x7, 0xff, 0x9, 0x44, 0x3, 0xff,
    0x82, 0xe0, 0x17, 0x0, 0x7f, 0xf0, 0xa8, 0x3,
    0xff, 0x86, 0xc0, 0x1f, 0xfc, 0x11, 0x40, 0x2,
    0x80, 0x7f, 0xf0, 0x50, 0x80, 0x3f, 0xf8, 0x74,
    0x1, 0xff, 0xc2, 0xd0, 0x50, 0xf, 0xfe, 0x17,
    0x0, 0x7f, 0xf1, 0x9, 0x0, 0x3f, 0xf8, 0x2e,
    0x1e, 0x1, 0xff, 0xc1, 0x15, 0x0, 0xff, 0xe2,
    0xf0, 0x7, 0xff, 0x4, 0x59, 0x40, 0x3f, 0xf8,
    0x2c, 0x1, 0xff, 0xc6, 0x51, 0x0, 0xff, 0xe0,
    0xc8, 0x7, 0xff, 0xa, 0x80, 0x3f, 0xf8, 0xec,
    0x1, 0xff, 0xcf, 0x42, 0x0, 0xff, 0xe3, 0xd0,
    0x7, 0xff, 0x3f, 0x80, 0x3f, 0xf9, 0x4, 0x80,
    0x1f, 0xfc, 0xd1, 0x50, 0xf, 0xfe, 0x4f, 0x0,
    0x7f, 0xf3, 0x58, 0x3, 0xff, 0x94, 0xa2, 0x1,
    0xff, 0xcc, 0xa0, 0xf, 0xfe, 0x5b, 0x0, 0x7f,
    0xf2, 0xcc, 0x80, 0x3f, 0xf9, 0x74, 0x1, 0xff,
    0xcb, 0x90, 0xf, 0xfe, 0x61, 0x20, 0x7, 0xff,
    0x24, 0x54, 0x3, 0xff, 0x9b, 0xc0, 0x1f, 0xfc,
    0x96, 0x0, 0xff, 0xe7, 0x28, 0x80, 0x7f, 0xf2,
    0x28, 0x3, 0xff, 0x9e, 0xc0, 0x1f, 0xfc, 0x73,
    0x20, 0xf, 0xfe, 0x7d, 0x0, 0x7f, 0xf1, 0xe4,
    0x3, 0xff, 0xa0, 0x48, 0x1, 0xff, 0xc5, 0x15,
    0x0, 0xff, 0xe8, 0xf0, 0x7, 0xff, 0x15, 0x80,
    0x3f, 0xfa, 0x4a, 0x20, 0x1f, 0xfc, 0x4a, 0x0,
    0xff, 0xff, 0x80, 0x64, 0x10, 0xf, 0xfe, 0x25,
    0x0, 0x7f, 0xf4, 0xbc, 0x3, 0xff, 0x8a, 0xc0,
    0x1f, 0xfd, 0x12, 0x40, 0xf, 0xfe, 0x28, 0xa8,
    0x7, 0xff, 0x42, 0x80, 0x3f, 0xf8, 0xfc, 0x1,
    0xff, 0xd0, 0x60, 0xf, 0xfe, 0x3a, 0x10, 0x7,
    0xff, 0x39, 0x44, 0x3, 0xff, 0x91, 0x40, 0x1f,
    0xfc, 0xe9, 0x0, 0xff, 0xe4, 0xb0, 0x7, 0xff,
    0x34, 0xcc, 0x1, 0xff, 0xc9, 0x16, 0x0, 0xff,
    0xe6, 0x50, 0x7, 0xff, 0x2e, 0x80, 0x3f, 0xf9,
    0x8c, 0x1, 0xff, 0xcb, 0x33, 0x0, 0x7f, 0xf2,
    0x98, 0x3, 0xff, 0x9b, 0x40, 0x1f, 0xfc, 0xab,
    0x0, 0xff, 0xe6, 0xb0, 0x80, 0x7f, 0xf2, 0xc,
    0x80, 0x3f, 0xf9, 0xcc, 0x1, 0xff, 0xc8, 0x90,
    0xf, 0xfe, 0x7d, 0x0, 0x7f, 0xf1, 0xc5, 0x40,
    0x3f, 0xf9, 0xe4, 0x80, 0x1f, 0xfc, 0x66, 0x0,
    0xff, 0xe1, 0x30, 0x7, 0xff, 0xb, 0x80, 0x3f,
    0xf8, 0xd2, 0x1, 0xff, 0xc2, 0x94, 0x0, 0xff,
    0xe0, 0xa8, 0x80, 0x7f, 0xf1, 0x10, 0x40, 0x3f,
    0xf8, 0x2a, 0x1c, 0x1, 0xff, 0xc2, 0x60, 0xf,
    0xfe, 0x27, 0x80, 0x7f, 0xf0, 0xb8, 0x14, 0x3,
    0xff, 0x85, 0x20, 0x1f, 0xfc, 0x32, 0x40, 0xf,
    0xfe, 0x8, 0xa0, 0x1, 0x40, 0x3f, 0xf8, 0x22,
    0xa0, 0x1f, 0xfc, 0x2a, 0x0, 0xff, 0xe1, 0x38,
    0x5, 0xc0, 0x1f, 0xfc, 0x2e, 0x0, 0xff, 0xe1,
    0x30, 0x7, 0xff, 0xa, 0x80, 0x24, 0x10, 0xf,
    0xfe, 0xa, 0x10, 0x7, 0xff, 0x1, 0x44, 0x3,
    0xff, 0x82, 0x46, 0x1, 0x9c, 0x3, 0xff, 0x85,
    0x40, 0x1f, 0xfc, 0x9, 0x0, 0xff, 0xe1, 0x50,
    0x7, 0x50, 0x7, 0xff, 0x9, 0x80, 0x3f, 0xe2,
    0x30, 0xf, 0xfe, 0x12, 0x80, 0x71, 0x88, 0x7,
    0xff, 0x4, 0x54, 0x3, 0xfd, 0x60, 0x1f, 0xfc,
    0x23, 0x20, 0xf, 0x30, 0x7, 0xff, 0xa, 0x40,
    0x3f, 0xcc, 0x1, 0xff, 0xc2, 0xa0, 0xf, 0xa8,
    0x3, 0xff, 0x84, 0x66, 0x0, 0xfc, 0xc0, 0x1f,
    0xfc, 0x37, 0x0, 0xf8, 0x88, 0x1, 0xff, 0xc2,
    0xa0, 0xf, 0xd6, 0x1, 0xff, 0xc2, 0x41, 0x0,
    0xfd, 0x40, 0x1f, 0xfc, 0x26, 0x0, 0xf8, 0xc8,
    0x3, 0xff, 0x85, 0xc0, 0x1f, 0xcc, 0x1, 0xff,
    0xc3, 0x60, 0xf, 0x48, 0x7, 0xff, 0xd, 0x40,
    0x3f, 0x84, 0xc0, 0x3f, 0xf8, 0x56, 0x1, 0xc2,
    0xa0, 0x1f, 0xfc, 0x25, 0x0, 0xff, 0xa8, 0x3,
    0xff, 0x84, 0x46, 0x1, 0x98, 0x3, 0xff, 0x87,
    0xc0, 0x1f, 0xf3, 0x80, 0x7f, 0xf0, 0xe4, 0x3,
    0x50, 0x7, 0xff, 0x8, 0x50, 0x3, 0xfe, 0x14,
    0x0, 0xff, 0xe1, 0x28, 0x80, 0x10, 0x80, 0x3f,
    0xf8, 0x4c, 0x1, 0xff, 0xc1, 0xe0, 0xf, 0xfe,
    0x1b, 0x0, 0x3c, 0x3, 0xff, 0x87, 0x60, 0x1f,
    0xfc, 0x15, 0x0, 0xff, 0xe1, 0xc8, 0xa, 0x0,
    0x7f, 0xf0, 0x88, 0xc0, 0x3f, 0xf8, 0x4a, 0x1,
    0xff, 0xc2, 0x14, 0x1, 0x0, 0xff, 0xe1, 0x40,
    0x7, 0xff, 0xe, 0x4, 0x3, 0xff, 0x86,

    /* U+0059 "Y" */
    0x2e, 0xff, 0xff, 0xe1, 0x60, 0x7, 0xff, 0xe,
    0xff, 0xff, 0xf8, 0x5c, 0x42, 0x20, 0xf, 0xfe,
    0x11, 0xa8, 0x7, 0xff, 0x5, 0x10, 0x1, 0xff,
    0xc2, 0x16, 0x31, 0x0, 0xff, 0xe1, 0xe0, 0x7,
    0xff, 0x7, 0x0, 0x3f, 0xf8, 0x88, 0xc, 0x1,
    0xff, 0xc3, 0x40, 0xf, 0xfe, 0xa, 0x0, 0x7f,
    0xf0, 0xd8, 0x1, 0x60, 0x1f, 0xfc, 0x32, 0x20,
    0x7, 0xff, 0x0, 0xc0, 0x3f, 0xf8, 0x7a, 0x0,
    0x32, 0x0, 0xff, 0xe1, 0xa0, 0x7, 0xfc, 0x80,
    0x1f, 0xfc, 0x31, 0x40, 0x9, 0x40, 0x3f, 0xf8,
    0x78, 0x1, 0xff, 0x60, 0x7, 0xff, 0xd, 0xc0,
    0x35, 0x0, 0x7f, 0xf0, 0xd0, 0x3, 0xfe, 0x50,
    0xf, 0xfe, 0x1d, 0x0, 0x62, 0x20, 0x7, 0xff,
    0x8, 0x48, 0x3, 0xf8, 0x48, 0x3, 0xff, 0x84,
    0x26, 0x1, 0xca, 0x1, 0xff, 0xc3, 0x40, 0xf,
    0xe4, 0x0, 0xff, 0xe1, 0xb8, 0x7, 0xa8, 0x3,
    0xff, 0x87, 0x80, 0x1f, 0xd8, 0x1, 0xff, 0xc3,
    0xa0, 0xf, 0x11, 0x0, 0x3f, 0xf8, 0x48, 0x1,
    0xfc, 0x80, 0x1f, 0xfc, 0x22, 0x30, 0xf, 0xa8,
    0x3, 0xff, 0x84, 0x24, 0x1, 0xf0, 0x90, 0x7,
    0xff, 0x9, 0x40, 0x3f, 0x28, 0x7, 0xff, 0xd,
    0x40, 0x3e, 0x40, 0xf, 0xfe, 0x1d, 0x80, 0x7e,
    0x23, 0x0, 0xff, 0xe1, 0x60, 0x7, 0xd8, 0x1,
    0xff, 0xc2, 0x23, 0x0, 0xfe, 0xb0, 0xf, 0xfe,
    0x12, 0x0, 0x7c, 0x80, 0x1f, 0xfc, 0x25, 0x0,
    0xff, 0x30, 0x7, 0xff, 0xc, 0xc0, 0x38, 0x88,
    0x1, 0xff, 0xc2, 0xa0, 0xf, 0xf0, 0x98, 0x7,
    0xff, 0x9, 0x0, 0x39, 0x0, 0x3f, 0xf8, 0x44,
    0x40, 0xf, 0xfa, 0x80, 0x3f, 0xf8, 0x58, 0x1,
    0xd8, 0x1, 0xff, 0xc2, 0xa0, 0xf, 0xfe, 0x3,
    0x80, 0x7f, 0xf0, 0x90, 0x3, 0x90, 0x3, 0xff,
    0x84, 0xa0, 0x1f, 0xfc, 0x1, 0x30, 0xf, 0xfe,
    0x11, 0x80, 0x44, 0x20, 0x1f, 0xfc, 0x13, 0x20,
    0xf, 0xfe, 0xd, 0x0, 0x7f, 0xf0, 0x90, 0x2,
    0x40, 0xf, 0xfe, 0x15, 0x80, 0x7f, 0xf0, 0x9c,
    0x3, 0xff, 0x85, 0x60, 0x16, 0x0, 0x7f, 0xf0,
    0x98, 0x3, 0xff, 0x84, 0x28, 0x1, 0xff, 0xc1,
    0x30, 0x9, 0x0, 0x3f, 0xf8, 0x26, 0x20, 0x1f,
    0xfc, 0x3d, 0x0, 0xff, 0xe1, 0x20, 0x18, 0x80,
    0x7f, 0xf0, 0x68, 0x3, 0xff, 0x88, 0xe0, 0x1f,
    0xfc, 0x2c, 0x4, 0x0, 0xff, 0xe1, 0x38, 0x7,
    0xff, 0x10, 0x50, 0x3, 0xff, 0x82, 0x81, 0x80,
    0x1f, 0xfc, 0x14, 0x10, 0xf, 0xfe, 0x2f, 0x0,
    0x7f, 0xf0, 0x4c, 0x50, 0x3, 0xff, 0x83, 0xa0,
    0x1f, 0xfc, 0x65, 0x0, 0xff, 0xe1, 0x50, 0x7,
    0xff, 0x9, 0xc0, 0x3f, 0xf8, 0xea, 0x1, 0xff,
    0xc1, 0x40, 0xf, 0xfe, 0xa, 0x8, 0x7, 0xff,
    0x1f, 0xc0, 0x3f, 0xf9, 0xfc, 0x1, 0xff, 0xc8,
    0x50, 0xf, 0xfe, 0x7a, 0x80, 0x7f, 0xf2, 0x54,
    0x3, 0xff, 0x9a, 0xa0, 0x1f, 0xfc, 0xaf, 0x0,
    0xff, 0xe6, 0xf8, 0x7, 0xff, 0x29, 0x40, 0x3f,
    0xf9, 0xaa, 0x1, 0xff, 0xcb, 0x50, 0xf, 0xfe,
    0x5a, 0x80, 0x7f, 0xf3, 0x38, 0x3, 0xff, 0x97,
    0xc0, 0x1f, 0xfc, 0xc4, 0x10, 0xf, 0xfe, 0x48,
    0xa0, 0x7, 0xff, 0x35, 0xc0, 0x3f, 0xf9, 0x2e,
    0x1, 0xff, 0xce, 0xd0, 0xf, 0xfe, 0x4e, 0x80,
    0x7f, 0xf3, 0x90, 0x40, 0x3f, 0xf8, 0xe2, 0x80,
    0x1f, 0xfc, 0xf7, 0x0, 0xff, 0xe3, 0xb8, 0x7,
    0xff, 0x43, 0x40, 0x3f, 0xf8, 0xf4, 0x1, 0xff,
    0xd0, 0x41, 0x0, 0xff, 0xe2, 0x89, 0x80, 0x7f,
    0xf4, 0x5c, 0x3, 0xff, 0x8a, 0xc0, 0x1f, 0xfd,
    0x2a, 0x0, 0xff, 0xe2, 0xd8, 0x7, 0xff, 0x48,
    0xc4, 0x3, 0xff, 0x86, 0x46, 0x1, 0xff, 0xd3,
    0x70, 0xf, 0xfe, 0x1a, 0x80, 0x7f, 0xf5, 0x3c,
    0x3, 0xff, 0x87, 0xc0, 0x1f, 0xff, 0xf0, 0xf,
    0xff, 0xf8, 0x7, 0xff, 0xfc, 0x3, 0xff, 0xfe,
    0x1, 0xff, 0xff, 0x0, 0xff, 0xff, 0x80, 0x7f,
    0xff, 0xc0, 0x3f, 0xff, 0xe0, 0x1f, 0xff, 0xf0,
    0xf, 0xff, 0xf8, 0x7, 0xff, 0xfc, 0x3, 0xff,
    0xfe, 0x1, 0xff, 0xff, 0x0, 0xff, 0xff, 0x80,
    0x7f, 0xff, 0xc0, 0x3f, 0xff, 0xe0, 0x1f, 0xff,
    0xf0, 0xf, 0xff, 0xf8, 0x7, 0xff, 0xfc, 0x3,
    0xff, 0xa0, 0x82, 0x1, 0xff, 0xc1, 0x27, 0x0,
    0xff, 0xe2, 0x0,

    /* U+005A "Z" */
    0x5f, 0xff, 0xfe, 0xdf, 0x17, 0x0, 0x7f, 0xf6,
    0xc5, 0x5c, 0x3, 0xff, 0xfe, 0x1, 0xff, 0xff,
    0x0, 0xff, 0xff, 0x80, 0x7f, 0xff, 0xc0, 0x3f,
    0xff, 0xe0, 0x1f, 0xfe, 0x7, 0x0, 0xff, 0xee,
    0xcb, 0x2a, 0xff, 0xf2, 0x88, 0x3, 0xff, 0x88,
    0x44, 0x9a, 0xaf, 0xfe, 0x52, 0x80, 0x7f, 0xf1,
    0x10, 0x3, 0xff, 0x96, 0x2e, 0x1, 0xff, 0xc3,
    0x61, 0x0, 0xff, 0xe5, 0xb0, 0x7, 0xff, 0x12,
    0xc0, 0x3f, 0xf9, 0x92, 0x1, 0xff, 0xc3, 0x52,
    0x0, 0xff, 0xe5, 0xb8, 0x80, 0x7f, 0xf0, 0xe4,
    0x3, 0xff, 0x99, 0x20, 0x1f, 0xfc, 0x34, 0x30,
    0xf, 0xfe, 0x5b, 0x8, 0x7, 0xff, 0xe, 0x0,
    0x3f, 0xf9, 0x96, 0x1, 0xff, 0xc3, 0x33, 0x0,
    0x7f, 0xf2, 0xd4, 0x80, 0x3f, 0xf8, 0x70, 0x1,
    0xff, 0xcc, 0x80, 0xf, 0xfe, 0x19, 0xa0, 0x7,
    0xff, 0x2d, 0x8, 0x3, 0xff, 0x87, 0x20, 0x1f,
    0xfc, 0xc8, 0x0, 0xff, 0xe1, 0x92, 0x80, 0x7f,
    0xf2, 0xd0, 0xc0, 0x3f, 0xf8, 0x70, 0x1, 0xff,
    0xcc, 0xf0, 0xf, 0xfe, 0x19, 0x28, 0x7, 0xff,
    0x2c, 0xd0, 0x3, 0xff, 0x87, 0x60, 0x1f, 0xfc,
    0xc8, 0x0, 0xff, 0xe1, 0x8b, 0x0, 0x7f, 0xf2,
    0xc9, 0x0, 0x3f, 0xf8, 0x72, 0x1, 0xff, 0xcc,
    0x80, 0xf, 0xfe, 0x18, 0xb8, 0x7, 0xff, 0x2c,
    0x94, 0x3, 0xff, 0x86, 0xc0, 0x1f, 0xfc, 0xcb,
    0x0, 0xff, 0xe2, 0x48, 0x7, 0xff, 0x2c, 0x58,
    0x3, 0xff, 0x86, 0xe2, 0x1, 0xff, 0xcb, 0x90,
    0xf, 0xfe, 0x24, 0x80, 0x7f, 0xf2, 0xc5, 0xc0,
    0x3f, 0xf8, 0x6c, 0x20, 0x1f, 0xfc, 0xb9, 0x0,
    0xff, 0xe2, 0x58, 0x7, 0xff, 0x31, 0x80, 0x3f,
    0xf8, 0x6a, 0x40, 0x1f, 0xfc, 0xb7, 0x10, 0xf,
    0xfe, 0x1c, 0x0, 0x7f, 0xf3, 0x24, 0x3, 0xff,
    0x86, 0x84, 0x1, 0xff, 0xcb, 0x61, 0x0, 0xff,
    0xe1, 0xc0, 0x7, 0xff, 0x32, 0x0, 0x3f, 0xf8,
    0x68, 0x60, 0x1f, 0xfc, 0xb6, 0x10, 0xf, 0xfe,
    0x1f, 0x80, 0x7f, 0xf3, 0x2c, 0x3, 0xff, 0x86,
    0x68, 0x1, 0xff, 0xcb, 0x52, 0x0, 0xff, 0xe1,
    0xc0, 0x7, 0xff, 0x32, 0x40, 0x3f, 0xf8, 0x64,
    0x80, 0x1f, 0xfc, 0xb4, 0x30, 0xf, 0xfe, 0x1c,
    0x0, 0x7f, 0xf3, 0x20, 0x3, 0xff, 0x86, 0x4a,
    0x1, 0xff, 0xcb, 0x33, 0x0, 0x7f, 0xf0, 0xec,
    0x3, 0xff, 0x99, 0x0, 0x1f, 0xfc, 0x31, 0x60,
    0xf, 0xfe, 0x59, 0xa0, 0x7, 0xff, 0xe, 0x40,
    0x3f, 0xf9, 0x92, 0x1, 0xff, 0xc3, 0x17, 0x0,
    0xff, 0xe5, 0x92, 0x80, 0x7f, 0xf0, 0xe4, 0x3,
    0xff, 0x99, 0x0, 0x1f, 0xfc, 0x46, 0x0, 0xff,
    0xe5, 0x8a, 0x80, 0x7f, 0xf0, 0xdc, 0x40, 0x3f,
    0xf9, 0x70, 0x1, 0xff, 0xc4, 0x90, 0xf, 0xfe,
    0x58, 0xb0, 0x7, 0xff, 0xd, 0x84, 0x3, 0xff,
    0x97, 0x20, 0x1f, 0xfc, 0x48, 0x0, 0xff, 0xe5,
    0x8b, 0x80, 0x7f, 0xf0, 0xd8, 0x40, 0x3f, 0xf9,
    0x6c, 0x1, 0xff, 0xc4, 0xb0, 0xf, 0xfe, 0x64,
    0x80, 0x7f, 0xf0, 0xd4, 0x80, 0x3f, 0xf9, 0x6e,
    0x20, 0x1f, 0xfc, 0x39, 0x0, 0xff, 0xe6, 0x48,
    0x7, 0xff, 0xd, 0xc, 0x3, 0xff, 0x96, 0xc2,
    0x1, 0xff, 0xc3, 0xf0, 0xf, 0xfe, 0x66, 0x0,
    0x7f, 0xf1, 0x3e, 0xab, 0xff, 0x95, 0x0, 0xc0,
    0x1f, 0xfc, 0x44, 0x55, 0xff, 0xe5, 0x3b, 0x0,
    0x7f, 0xf7, 0x44, 0x3, 0xff, 0xfe, 0x1, 0xff,
    0xff, 0x0, 0xff, 0xff, 0x80, 0x7f, 0xff, 0xc0,
    0x3f, 0xff, 0xe0, 0x1f, 0xfe, 0x1a, 0x0, 0xff,
    0xed, 0x8a, 0x80,

    /* U+00B7 "·" */
    0x0, 0xe1, 0x7c, 0xef, 0xed, 0x93, 0x0, 0xfe,
    0x7e, 0x83, 0x10, 0x12, 0x6c, 0xa1, 0x0, 0xf5,
    0x40, 0x7, 0xf2, 0xe0, 0x80, 0x68, 0x50, 0xf,
    0xf8, 0xb4, 0x2, 0x27, 0x0, 0xff, 0xe0, 0x9b,
    0x0, 0x2c, 0x3, 0xff, 0x87, 0x0, 0x7, 0x0,
    0xff, 0xe1, 0x89, 0x8, 0x80, 0x3f, 0xf8, 0x8e,
    0x60, 0x1f, 0xfc, 0x52, 0x0, 0xff, 0xe3, 0x98,
    0x7, 0xff, 0x14, 0x84, 0x80, 0x3f, 0xf8, 0x8e,
    0x8, 0x1, 0xff, 0xc3, 0x22, 0x4, 0x0, 0x7f,
    0xf0, 0xe0, 0x0, 0x30, 0x1, 0xff, 0xc1, 0x45,
    0x0, 0x9d, 0x80, 0x3f, 0xe3, 0xa0, 0xe, 0x99,
    0x0, 0x7f, 0x36, 0x8, 0x7, 0x9b, 0xa1, 0x4,
    0x4, 0xdf, 0x64, 0x3, 0x0
};


/*---------------------
 *  GLYPH DESCRIPTION
 *--------------------*/

static const lv_font_fmt_txt_glyph_dsc_t glyph_dsc[] = {
    {.bitmap_index = 0, .adv_w = 0, .box_w = 0, .box_h = 0, .ofs_x = 0, .ofs_y = 0} /* id = 0 reserved */,
    {.bitmap_index = 0, .adv_w = 358, .box_w = 0, .box_h = 0, .ofs_x = 0, .ofs_y = 0},
    {.bitmap_index = 0, .adv_w = 593, .box_w = 33, .box_h = 14, .ofs_x = 2, .ofs_y = 27},
    {.bitmap_index = 36, .adv_w = 892, .box_w = 46, .box_h = 81, .ofs_x = 5, .ofs_y = -1},
    {.bitmap_index = 548, .adv_w = 892, .box_w = 35, .box_h = 79, .ofs_x = 7, .ofs_y = 0},
    {.bitmap_index = 749, .adv_w = 892, .box_w = 47, .box_h = 80, .ofs_x = 5, .ofs_y = 0},
    {.bitmap_index = 1363, .adv_w = 892, .box_w = 46, .box_h = 80, .ofs_x = 4, .ofs_y = -1},
    {.bitmap_index = 2001, .adv_w = 892, .box_w = 52, .box_h = 79, .ofs_x = 2, .ofs_y = 0},
    {.bitmap_index = 2479, .adv_w = 892, .box_w = 46, .box_h = 80, .ofs_x = 5, .ofs_y = -1},
    {.bitmap_index = 2975, .adv_w = 892, .box_w = 46, .box_h = 81, .ofs_x = 5, .ofs_y = -1},
    {.bitmap_index = 3650, .adv_w = 892, .box_w = 46, .box_h = 79, .ofs_x = 5, .ofs_y = 0},
    {.bitmap_index = 4198, .adv_w = 892, .box_w = 46, .box_h = 81, .ofs_x = 5, .ofs_y = -1},
    {.bitmap_index = 5008, .adv_w = 892, .box_w = 46, .box_h = 81, .ofs_x = 4, .ofs_y = -1},
    {.bitmap_index = 5688, .adv_w = 493, .box_w = 19, .box_h = 55, .ofs_x = 6, .ofs_y = 1},
    {.bitmap_index = 5905, .adv_w = 864, .box_w = 52, .box_h = 79, .ofs_x = 1, .ofs_y = 0},
    {.bitmap_index = 6722, .adv_w = 842, .box_w = 46, .box_h = 79, .ofs_x = 4, .ofs_y = 0},
    {.bitmap_index = 7224, .adv_w = 831, .box_w = 46, .box_h = 81, .ofs_x = 3, .ofs_y = -1},
    {.bitmap_index = 7737, .adv_w = 853, .box_w = 46, .box_h = 79, .ofs_x = 4, .ofs_y = 0},
    {.bitmap_index = 8085, .adv_w = 785, .box_w = 43, .box_h = 79, .ofs_x = 4, .ofs_y = 0},
    {.bitmap_index = 8281, .adv_w = 754, .box_w = 42, .box_h = 79, .ofs_x = 4, .ofs_y = 0},
    {.bitmap_index = 8468, .adv_w = 837, .box_w = 46, .box_h = 81, .ofs_x = 3, .ofs_y = -1},
    {.bitmap_index = 9005, .adv_w = 860, .box_w = 45, .box_h = 79, .ofs_x = 4, .ofs_y = 0},
    {.bitmap_index = 9205, .adv_w = 412, .box_w = 17, .box_h = 79, .ofs_x = 4, .ofs_y = 0},
    {.bitmap_index = 9276, .adv_w = 810, .box_w = 45, .box_h = 80, .ofs_x = 1, .ofs_y = -1},
    {.bitmap_index = 9613, .adv_w = 880, .box_w = 50, .box_h = 79, .ofs_x = 4, .ofs_y = 0},
    {.bitmap_index = 10183, .adv_w = 763, .box_w = 43, .box_h = 79, .ofs_x = 4, .ofs_y = 0},
    {.bitmap_index = 10353, .adv_w = 982, .box_w = 53, .box_h = 79, .ofs_x = 4, .ofs_y = 0},
    {.bitmap_index = 10722, .adv_w = 921, .box_w = 49, .box_h = 79, .ofs_x = 4, .ofs_y = 0},
    {.bitmap_index = 11092, .adv_w = 848, .box_w = 47, .box_h = 81, .ofs_x = 3, .ofs_y = -1},
    {.bitmap_index = 11605, .adv_w = 833, .box_w = 46, .box_h = 79, .ofs_x = 4, .ofs_y = 0},
    {.bitmap_index = 11981, .adv_w = 826, .box_w = 45, .box_h = 91, .ofs_x = 3, .ofs_y = -11},
    {.bitmap_index = 12490, .adv_w = 844, .box_w = 47, .box_h = 79, .ofs_x = 4, .ofs_y = 0},
    {.bitmap_index = 13035, .adv_w = 796, .box_w = 45, .box_h = 81, .ofs_x = 3, .ofs_y = -1},
    {.bitmap_index = 13768, .adv_w = 839, .box_w = 48, .box_h = 79, .ofs_x = 2, .ofs_y = 0},
    {.bitmap_index = 13967, .adv_w = 858, .box_w = 46, .box_h = 80, .ofs_x = 4, .ofs_y = -1},
    {.bitmap_index = 14322, .adv_w = 874, .box_w = 51, .box_h = 79, .ofs_x = 2, .ofs_y = 0},
    {.bitmap_index = 15173, .adv_w = 1235, .box_w = 74, .box_h = 79, .ofs_x = 2, .ofs_y = 0},
    {.bitmap_index = 16438, .adv_w = 851, .box_w = 49, .box_h = 79, .ofs_x = 2, .ofs_y = 0},
    {.bitmap_index = 17277, .adv_w = 849, .box_w = 49, .box_h = 79, .ofs_x = 2, .ofs_y = 0},
    {.bitmap_index = 17864, .adv_w = 738, .box_w = 42, .box_h = 79, .ofs_x = 2, .ofs_y = 0},
    {.bitmap_index = 18347, .adv_w = 403, .box_w = 19, .box_h = 18, .ofs_x = 3, .ofs_y = 24}
};

/*---------------------
 *  CHARACTER MAPPING
 *--------------------*/

static const uint16_t unicode_list_0[] = {
    0x0, 0xd
};

/*Collect the unicode lists and glyph_id offsets*/
static const lv_font_fmt_txt_cmap_t cmaps[] =
{
    {
        .range_start = 32, .range_length = 14, .glyph_id_start = 1,
        .unicode_list = unicode_list_0, .glyph_id_ofs_list = NULL, .list_length = 2, .type = LV_FONT_FMT_TXT_CMAP_SPARSE_TINY
    },
    {
        .range_start = 48, .range_length = 11, .glyph_id_start = 3,
        .unicode_list = NULL, .glyph_id_ofs_list = NULL, .list_length = 0, .type = LV_FONT_FMT_TXT_CMAP_FORMAT0_TINY
    },
    {
        .range_start = 65, .range_length = 26, .glyph_id_start = 14,
        .unicode_list = NULL, .glyph_id_ofs_list = NULL, .list_length = 0, .type = LV_FONT_FMT_TXT_CMAP_FORMAT0_TINY
    },
    {
        .range_start = 183, .range_length = 1, .glyph_id_start = 40,
        .unicode_list = NULL, .glyph_id_ofs_list = NULL, .list_length = 0, .type = LV_FONT_FMT_TXT_CMAP_FORMAT0_TINY
    }
};

/*-----------------
 *    KERNING
 *----------------*/


/*Map glyph_ids to kern left classes*/
static const uint8_t kern_left_class_mapping[] =
{
    0, 0, 0, 0, 0, 0, 0, 0,
    0, 0, 0, 0, 0, 0, 1, 2,
    3, 2, 4, 5, 3, 6, 0, 7,
    8, 9, 0, 0, 3, 10, 11, 12,
    13, 14, 7, 15, 15, 16, 17, 0,
    0
};

/*Map glyph_ids to kern right classes*/
static const uint8_t kern_right_class_mapping[] =
{
    0, 0, 1, 0, 0, 0, 0, 0,
    0, 0, 0, 0, 0, 0, 2, 3,
    4, 3, 3, 3, 4, 0, 0, 5,
    6, 7, 0, 3, 4, 3, 4, 8,
    9, 10, 0, 11, 11, 12, 13, 0,
    0
};

/*Kern values between classes*/
static const int8_t kern_class_values[] =
{
    -3, 20, 0, -27, 1, 0, 0, 0,
    -36, -85, -109, 4, -80, 0, -29, -4,
    0, 0, -4, 0, 0, 0, 0, -34,
    -40, -49, -7, -14, 0, 0, 0, 0,
    0, 0, 0, 0, -1, -20, -19, -4,
    23, 0, 0, 11, 0, 0, 0, 0,
    0, 0, 0, 0, -49, -59, 0, 0,
    -9, 0, 0, 0, 0, 0, 0, 0,
    0, 0, 0, -4, 0, 0, 0, 0,
    0, 0, 0, 0, 0, 0, 0, -20,
    -9, -4, 0, 0, 0, 0, 0, 0,
    0, 0, 0, 0, 11, 0, -30, 0,
    0, 0, 0, -32, 0, 0, 0, 0,
    0, 24, 0, -6, 0, 0, 0, 0,
    -3, -118, 0, 0, -49, 0, -49, 0,
    0, -82, 0, 0, 0, 0, 0, -20,
    -32, -32, -7, -14, 0, 0, 0, 0,
    0, 0, 0, 0, -1, -19, -20, 0,
    7, 0, 0, 0, 0, 0, 0, 4,
    0, -6, 0, -40, 0, 0, -4, 0,
    0, 0, 0, 0, 0, -9, -22, -40,
    -36, -99, -79, 0, -27, 0, 0, -4,
    0, 0, 0, 0, 0, 0, -70, -108,
    0, -24, -50, 0, 0, -4, -22, 0,
    0, 0, 0, -20, 4, 0, -23, -10,
    0, 0, 0, -40, 0, 0, 0, 0,
    -85, -99, -11, -33, -82, 0, -4, -9,
    -39, 0, 0, 0, 0
};


/*Collect the kern class' data in one place*/
static const lv_font_fmt_txt_kern_classes_t kern_classes =
{
    .class_pair_values   = kern_class_values,
    .left_class_mapping  = kern_left_class_mapping,
    .right_class_mapping = kern_right_class_mapping,
    .left_class_cnt      = 17,
    .right_class_cnt     = 13,
};

/*--------------------
 *  ALL CUSTOM DATA
 *--------------------*/

#if LVGL_VERSION_MAJOR == 8
/*Store all the custom data of the font*/
static  lv_font_fmt_txt_glyph_cache_t cache;
#endif

#if LVGL_VERSION_MAJOR >= 8
static const lv_font_fmt_txt_dsc_t font_dsc = {
#else
static lv_font_fmt_txt_dsc_t font_dsc = {
#endif
    .glyph_bitmap = glyph_bitmap,
    .glyph_dsc = glyph_dsc,
    .cmaps = cmaps,
    .kern_dsc = &kern_classes,
    .kern_scale = 20,
    .cmap_num = 4,
    .bpp = 4,
    .kern_classes = 1,
    .bitmap_format = 1,
#if LVGL_VERSION_MAJOR == 8
    .cache = &cache
#endif
};



/*-----------------
 *  PUBLIC FONT
 *----------------*/

/*Initialize a public general font descriptor*/
#if LVGL_VERSION_MAJOR >= 8
const lv_font_t ui_font_head_112 = {
#else
lv_font_t ui_font_head_112 = {
#endif
    .get_glyph_dsc = lv_font_get_glyph_dsc_fmt_txt,    /*Function pointer to get glyph's data*/
    .get_glyph_bitmap = lv_font_get_bitmap_fmt_txt,    /*Function pointer to get glyph's bitmap*/
    .line_height = 91,          /*The maximum line height required by the font*/
    .base_line = 11,             /*Baseline measured from the bottom of the line*/
#if !(LVGL_VERSION_MAJOR == 6 && LVGL_VERSION_MINOR == 0)
    .subpx = LV_FONT_SUBPX_NONE,
#endif
#if LV_VERSION_CHECK(7, 4, 0) || LVGL_VERSION_MAJOR >= 8
    .underline_position = -8,
    .underline_thickness = 6,
#endif
    .dsc = &font_dsc,          /*The custom font data. Will be accessed by `get_glyph_bitmap/dsc` */
#if LV_VERSION_CHECK(8, 2, 0) || LVGL_VERSION_MAJOR >= 9
    .fallback = NULL,
#endif
    .user_data = NULL,
};



#endif /*#if UI_FONT_HEAD_112*/

